# Site ID: CART00COL
# DOMES: 41902M001
# File created: 2022-04-26T08:31:09
# Analysis Centre: JPL
# Solution code: JPL14
# Datum: ITRF14 (ellipsoid: GRS80)
#
# Reference epoch: 2023.0001
# X :   1572119.6361 +/- 0.0030 m      VX :     7.55 +/- 0.06 mm/yr
# Y :    288292.2174 +/- 0.0030 m      VY :    14.06 +/- 0.05 mm/yr
# Z :  -6153924.0034 +/- 0.0030 m      VZ :     5.01 +/- 0.18 mm/yr
#
# Latitude  :   10.39133600 degrees    
# Longitude :  -75.53385200 degrees    
# Height    :    4.033 m               
#
# Note:	Following position offsets have been estimated for this station:
#        ___Date___         N (mm)     E (mm)     U (mm)
#
#  Year        DN (m)      DE (m)      DU (m)       SDN      SDE      SDU
2000.0931     -0.2506     -0.2826      0.0564      0.0007   0.0008   0.0031
2000.0958     -0.2472     -0.2868      0.0512      0.0007   0.0008   0.0032
2000.0986     -0.2489     -0.2857      0.0462      0.0007   0.0008   0.0031
2000.1013     -0.2466     -0.2837      0.0512      0.0007   0.0008   0.0032
2000.1040     -0.2493     -0.2839      0.0514      0.0007   0.0008   0.0031
2000.1068     -0.2471     -0.2855      0.0547      0.0007   0.0008   0.0030
2000.1095     -0.2484     -0.2853      0.0492      0.0007   0.0008   0.0032
2000.1122     -0.2471     -0.2836      0.0556      0.0007   0.0008   0.0031
2000.1150     -0.2467     -0.2887      0.0573      0.0007   0.0008   0.0032
2000.1177     -0.2492     -0.2830      0.0510      0.0007   0.0008   0.0031
2000.1205     -0.2499     -0.2814      0.0465      0.0007   0.0008   0.0033
2000.1232     -0.2467     -0.2816      0.0542      0.0007   0.0008   0.0032
2000.1259     -0.2467     -0.2842      0.0548      0.0007   0.0008   0.0031
2000.1287     -0.2481     -0.2819      0.0544      0.0007   0.0008   0.0031
2000.1314     -0.2492     -0.2828      0.0514      0.0007   0.0007   0.0031
2000.1341     -0.2465     -0.2823      0.0517      0.0007   0.0008   0.0033
2000.1369     -0.2475     -0.2813      0.0571      0.0007   0.0009   0.0032
2000.1396     -0.2500     -0.2797      0.0469      0.0007   0.0008   0.0031
2000.1424     -0.2487     -0.2811      0.0508      0.0007   0.0008   0.0030
2000.1451     -0.2459     -0.2840      0.0522      0.0007   0.0008   0.0030
2000.1478     -0.2454     -0.2849      0.0525      0.0007   0.0008   0.0030
2000.1506     -0.2484     -0.2836      0.0571      0.0007   0.0008   0.0030
2000.1533     -0.2465     -0.2828      0.0554      0.0007   0.0008   0.0031
2000.1561     -0.2492     -0.2827      0.0528      0.0007   0.0008   0.0031
2000.1588     -0.2491     -0.2837      0.0501      0.0007   0.0008   0.0031
2000.1615     -0.2483     -0.2852      0.0538      0.0007   0.0008   0.0032
2000.1643     -0.2470     -0.2831      0.0517      0.0007   0.0008   0.0032
2000.1670     -0.2466     -0.2822      0.0599      0.0007   0.0008   0.0032
2000.1697     -0.2463     -0.2827      0.0631      0.0009   0.0010   0.0038
2000.1889     -0.2479     -0.2820      0.0557      0.0008   0.0009   0.0033
2000.1916     -0.2500     -0.2826      0.0497      0.0008   0.0009   0.0033
2000.1944     -0.2485     -0.2843      0.0497      0.0008   0.0009   0.0034
2000.1971     -0.2440     -0.2779      0.0624      0.0008   0.0009   0.0036
2000.1999     -0.2512     -0.2805      0.0667      0.0007   0.0008   0.0033
2000.2026     -0.2489     -0.2827      0.0507      0.0007   0.0009   0.0033
2000.2053     -0.2448     -0.2815      0.0530      0.0008   0.0009   0.0034
2000.2081     -0.2490     -0.2796      0.0629      0.0008   0.0009   0.0034
2000.2108     -0.2461     -0.2814      0.0565      0.0008   0.0009   0.0034
2000.2135     -0.2512     -0.2786      0.0661      0.0008   0.0009   0.0034
2000.2163     -0.2492     -0.2795      0.0622      0.0008   0.0009   0.0034
2000.2190     -0.2491     -0.2805      0.0601      0.0008   0.0009   0.0033
2000.2216     -0.2484     -0.2815      0.0610      0.0008   0.0009   0.0034
2000.2274     -0.2450     -0.2803      0.0523      0.0008   0.0010   0.0036
2000.2300     -0.2454     -0.2798      0.0621      0.0008   0.0008   0.0032
2000.2327     -0.2458     -0.2798      0.0540      0.0008   0.0009   0.0034
2000.2355     -0.2481     -0.2805      0.0569      0.0008   0.0009   0.0034
2000.2382     -0.2451     -0.2826      0.0597      0.0008   0.0008   0.0032
2000.2409     -0.2482     -0.2820      0.0624      0.0008   0.0009   0.0035
2000.2437     -0.2460     -0.2815      0.0639      0.0008   0.0009   0.0035
2000.2464     -0.2496     -0.2849      0.0508      0.0008   0.0009   0.0036
2000.2491     -0.2453     -0.2837      0.0457      0.0008   0.0009   0.0036
2000.2519     -0.2504     -0.2835      0.0523      0.0008   0.0009   0.0034
2000.2546     -0.2483     -0.2777      0.0544      0.0007   0.0008   0.0032
2000.2574     -0.2501     -0.2810      0.0481      0.0007   0.0009   0.0033
2000.2601     -0.2429     -0.2827      0.0630      0.0007   0.0009   0.0032
2000.2628     -0.2463     -0.2780      0.0562      0.0008   0.0009   0.0035
2000.2656     -0.2456     -0.2845      0.0703      0.0009   0.0010   0.0039
2000.2683     -0.2493     -0.2853      0.0547      0.0007   0.0008   0.0032
2000.2710     -0.2452     -0.2834      0.0633      0.0007   0.0008   0.0032
2000.2738     -0.2475     -0.2828      0.0568      0.0008   0.0008   0.0034
2000.2765     -0.2473     -0.2832      0.0571      0.0007   0.0008   0.0032
2000.2791     -0.2467     -0.2821      0.0531      0.0008   0.0009   0.0033
2000.2853     -0.2462     -0.2869      0.0605      0.0009   0.0011   0.0039
2000.2874     -0.2472     -0.2812      0.0521      0.0007   0.0009   0.0032
2000.2887     -0.2553     -0.2648      0.0422      0.0020   0.0022   0.0087
2000.2990     -0.2473     -0.2847      0.0542      0.0009   0.0011   0.0039
2000.3012     -0.2482     -0.2840      0.0528      0.0007   0.0009   0.0033
2000.3039     -0.2460     -0.2832      0.0518      0.0007   0.0009   0.0032
2000.3066     -0.2466     -0.2840      0.0597      0.0007   0.0008   0.0031
2000.3094     -0.2475     -0.2862      0.0568      0.0007   0.0008   0.0030
2000.3120     -0.2477     -0.2839      0.0552      0.0008   0.0009   0.0034
2000.3134     -0.2462     -0.2833      0.0564      0.0019   0.0022   0.0082
2000.3314     -0.2503     -0.2834      0.0617      0.0007   0.0008   0.0031
2000.3340     -0.2473     -0.2816      0.0600      0.0007   0.0008   0.0032
2000.3368     -0.2483     -0.2784      0.0551      0.0008   0.0008   0.0033
2000.3395     -0.2483     -0.2796      0.0548      0.0007   0.0008   0.0031
2000.3422     -0.2471     -0.2827      0.0579      0.0007   0.0008   0.0031
2000.3450     -0.2484     -0.2816      0.0625      0.0007   0.0008   0.0031
2000.3477     -0.2483     -0.2808      0.0691      0.0007   0.0008   0.0030
2000.3504     -0.2506     -0.2833      0.0608      0.0007   0.0008   0.0030
2000.3532     -0.2457     -0.2810      0.0585      0.0007   0.0008   0.0030
2000.3559     -0.2492     -0.2806      0.0562      0.0007   0.0008   0.0031
2000.3587     -0.2430     -0.2803      0.0686      0.0007   0.0009   0.0032
2000.3614     -0.2451     -0.2839      0.0604      0.0007   0.0008   0.0031
2000.3641     -0.2477     -0.2865      0.0558      0.0007   0.0008   0.0031
2000.3669     -0.2490     -0.2819      0.0584      0.0007   0.0008   0.0030
2000.3696     -0.2456     -0.2800      0.0613      0.0007   0.0008   0.0030
2000.3723     -0.2465     -0.2830      0.0545      0.0007   0.0008   0.0030
2000.3751     -0.2464     -0.2800      0.0596      0.0007   0.0008   0.0031
2000.3778     -0.2493     -0.2811      0.0553      0.0007   0.0008   0.0031
2000.3806     -0.2467     -0.2807      0.0530      0.0007   0.0008   0.0031
2000.3833     -0.2489     -0.2806      0.0516      0.0007   0.0008   0.0030
2000.3860     -0.2479     -0.2793      0.0567      0.0007   0.0008   0.0030
2000.3888     -0.2475     -0.2794      0.0565      0.0007   0.0008   0.0031
2000.3915     -0.2474     -0.2761      0.0607      0.0007   0.0008   0.0031
2000.3942     -0.2472     -0.2794      0.0578      0.0007   0.0009   0.0032
2000.3970     -0.2483     -0.2812      0.0495      0.0007   0.0008   0.0031
2000.3997     -0.2481     -0.2781      0.0572      0.0007   0.0008   0.0031
2000.4025     -0.2497     -0.2821      0.0520      0.0007   0.0009   0.0031
2000.4052     -0.2489     -0.2801      0.0560      0.0007   0.0009   0.0032
2000.4079     -0.2500     -0.2790      0.0459      0.0007   0.0008   0.0030
2000.4107     -0.2435     -0.2774      0.0483      0.0007   0.0008   0.0031
2000.4134     -0.2451     -0.2791      0.0531      0.0007   0.0008   0.0030
2000.4161     -0.2449     -0.2813      0.0596      0.0007   0.0008   0.0031
2000.4189     -0.2442     -0.2805      0.0552      0.0007   0.0008   0.0030
2000.4216     -0.2439     -0.2780      0.0569      0.0007   0.0008   0.0030
2000.4244     -0.2482     -0.2791      0.0589      0.0007   0.0008   0.0030
2000.4271     -0.2483     -0.2799      0.0527      0.0007   0.0008   0.0030
2000.4298     -0.2468     -0.2780      0.0567      0.0007   0.0008   0.0031
2000.4326     -0.2474     -0.2808      0.0538      0.0007   0.0008   0.0031
2000.4353     -0.2453     -0.2811      0.0594      0.0007   0.0008   0.0030
2000.4381     -0.2449     -0.2813      0.0556      0.0007   0.0008   0.0031
2000.4406     -0.2498     -0.2786      0.0515      0.0007   0.0008   0.0031
2000.4601     -0.2489     -0.2783      0.0582      0.0008   0.0008   0.0033
2000.4627     -0.2455     -0.2802      0.0636      0.0007   0.0008   0.0031
2000.4654     -0.2481     -0.2814      0.0448      0.0007   0.0008   0.0030
2000.4682     -0.2475     -0.2807      0.0552      0.0007   0.0008   0.0029
2000.4709     -0.2486     -0.2789      0.0542      0.0007   0.0008   0.0029
2000.4736     -0.2452     -0.2807      0.0496      0.0007   0.0008   0.0031
2000.4764     -0.2491     -0.2804      0.0602      0.0007   0.0008   0.0032
2000.4791     -0.2469     -0.2800      0.0452      0.0007   0.0008   0.0030
2000.4819     -0.2483     -0.2802      0.0485      0.0007   0.0008   0.0029
2000.4846     -0.2462     -0.2801      0.0474      0.0007   0.0008   0.0031
2000.4873     -0.2475     -0.2807      0.0442      0.0007   0.0008   0.0031
2000.4901     -0.2455     -0.2822      0.0551      0.0007   0.0008   0.0030
2000.4928     -0.2468     -0.2780      0.0591      0.0007   0.0008   0.0030
2000.4955     -0.2503     -0.2798      0.0526      0.0007   0.0008   0.0030
2000.4983     -0.2461     -0.2790      0.0509      0.0007   0.0008   0.0029
2000.5010     -0.2478     -0.2792      0.0588      0.0007   0.0008   0.0031
2000.5038     -0.2466     -0.2769      0.0542      0.0007   0.0008   0.0030
2000.5065     -0.2497     -0.2782      0.0442      0.0007   0.0008   0.0030
2000.5092     -0.2481     -0.2833      0.0519      0.0007   0.0008   0.0030
2000.5120     -0.2438     -0.2817      0.0589      0.0007   0.0008   0.0030
2000.5147     -0.2460     -0.2793      0.0503      0.0007   0.0008   0.0030
2000.5174     -0.2466     -0.2786      0.0512      0.0007   0.0008   0.0029
2000.5202     -0.2449     -0.2778      0.0533      0.0007   0.0008   0.0030
2000.5229     -0.2467     -0.2789      0.0449      0.0007   0.0008   0.0030
2000.5257     -0.2478     -0.2769      0.0482      0.0007   0.0008   0.0030
2000.5284     -0.2460     -0.2795      0.0398      0.0007   0.0008   0.0030
2000.5311     -0.2456     -0.2815      0.0501      0.0007   0.0008   0.0029
2000.5339     -0.2484     -0.2792      0.0488      0.0007   0.0008   0.0031
2000.5366     -0.2507     -0.2812      0.0481      0.0007   0.0008   0.0031
2000.5394     -0.2485     -0.2801      0.0491      0.0007   0.0008   0.0030
2000.5421     -0.2473     -0.2819      0.0487      0.0007   0.0008   0.0030
2000.5448     -0.2446     -0.2819      0.0548      0.0007   0.0008   0.0031
2000.5476     -0.2466     -0.2819      0.0465      0.0008   0.0009   0.0034
2000.5503     -0.2463     -0.2818      0.0636      0.0007   0.0009   0.0032
2000.5530     -0.2429     -0.2816      0.0459      0.0007   0.0008   0.0031
2000.5558     -0.2475     -0.2799      0.0511      0.0007   0.0008   0.0032
2000.5585     -0.2470     -0.2771      0.0447      0.0007   0.0008   0.0031
2000.5613     -0.2500     -0.2783      0.0445      0.0007   0.0008   0.0030
2000.5640     -0.2473     -0.2784      0.0426      0.0007   0.0008   0.0030
2000.5667     -0.2470     -0.2801      0.0492      0.0007   0.0008   0.0030
2000.5695     -0.2496     -0.2808      0.0525      0.0007   0.0008   0.0031
2000.5722     -0.2499     -0.2782      0.0529      0.0007   0.0008   0.0032
2000.5749     -0.2465     -0.2823      0.0498      0.0007   0.0009   0.0033
2000.5777     -0.2502     -0.2769      0.0445      0.0007   0.0008   0.0030
2000.5804     -0.2494     -0.2778      0.0413      0.0007   0.0008   0.0031
2000.5832     -0.2476     -0.2801      0.0461      0.0007   0.0008   0.0033
2000.5859     -0.2494     -0.2788      0.0473      0.0007   0.0008   0.0031
2000.5886     -0.2482     -0.2820      0.0433      0.0007   0.0008   0.0032
2000.5914     -0.2473     -0.2835      0.0534      0.0008   0.0009   0.0033
2000.5941     -0.2471     -0.2796      0.0499      0.0007   0.0009   0.0033
2000.5968     -0.2473     -0.2826      0.0470      0.0007   0.0009   0.0032
2000.5996     -0.2492     -0.2786      0.0519      0.0007   0.0008   0.0030
2000.6023     -0.2468     -0.2795      0.0495      0.0007   0.0008   0.0030
2000.6051     -0.2479     -0.2792      0.0505      0.0008   0.0009   0.0033
2000.6078     -0.2450     -0.2809      0.0406      0.0007   0.0009   0.0032
2000.6105     -0.2469     -0.2824      0.0518      0.0007   0.0008   0.0032
2000.6133     -0.2469     -0.2823      0.0471      0.0007   0.0009   0.0031
2000.6158     -0.2464     -0.2796      0.0495      0.0008   0.0009   0.0034
2000.6217     -0.2479     -0.2812      0.0398      0.0007   0.0009   0.0032
2000.6242     -0.2481     -0.2803      0.0434      0.0007   0.0009   0.0031
2000.6270     -0.2453     -0.2788      0.0502      0.0007   0.0009   0.0032
2000.6297     -0.2464     -0.2812      0.0440      0.0007   0.0008   0.0032
2000.6324     -0.2486     -0.2761      0.0452      0.0007   0.0008   0.0030
2000.6352     -0.2459     -0.2782      0.0490      0.0007   0.0008   0.0030
2000.6379     -0.2465     -0.2780      0.0522      0.0007   0.0008   0.0030
2000.6407     -0.2489     -0.2812      0.0523      0.0007   0.0008   0.0031
2000.6434     -0.2484     -0.2821      0.0624      0.0007   0.0008   0.0030
2000.6461     -0.2468     -0.2813      0.0506      0.0008   0.0010   0.0032
2000.6489     -0.2447     -0.2811      0.0612      0.0007   0.0009   0.0031
2000.6516     -0.2497     -0.2798      0.0462      0.0007   0.0009   0.0032
2000.6543     -0.2411     -0.2806      0.0505      0.0007   0.0009   0.0032
2000.6571     -0.2439     -0.2814      0.0362      0.0007   0.0009   0.0033
2000.6597     -0.2458     -0.2815      0.0450      0.0008   0.0009   0.0033
2000.6610     -0.2448     -0.2763      0.0319      0.0021   0.0025   0.0098
2000.6663     -0.2431     -0.2809      0.0540      0.0012   0.0014   0.0054
2000.6680     -0.2442     -0.2785      0.0458      0.0007   0.0009   0.0033
2000.6708     -0.2465     -0.2806      0.0421      0.0007   0.0009   0.0033
2000.6735     -0.2443     -0.2889      0.0466      0.0007   0.0008   0.0031
2000.6762     -0.2432     -0.2810      0.0545      0.0007   0.0009   0.0032
2000.6790     -0.2432     -0.2801      0.0508      0.0007   0.0009   0.0031
2000.6817     -0.2442     -0.2788      0.0594      0.0007   0.0009   0.0032
2000.6845     -0.2444     -0.2796      0.0485      0.0008   0.0009   0.0033
2000.6872     -0.2431     -0.2797      0.0460      0.0008   0.0010   0.0036
2000.6899     -0.2465     -0.2775      0.0345      0.0008   0.0009   0.0035
2000.6927     -0.2427     -0.2762      0.0482      0.0008   0.0010   0.0036
2000.6954     -0.2463     -0.2769      0.0524      0.0008   0.0009   0.0034
2000.6981     -0.2455     -0.2812      0.0490      0.0007   0.0009   0.0032
2000.7009     -0.2453     -0.2820      0.0465      0.0007   0.0009   0.0033
2000.7036     -0.2476     -0.2819      0.0453      0.0007   0.0009   0.0033
2000.7062     -0.2452     -0.2786      0.0354      0.0008   0.0010   0.0036
2000.7120     -0.2456     -0.2781      0.0343      0.0008   0.0009   0.0033
2000.7146     -0.2461     -0.2771      0.0362      0.0007   0.0009   0.0034
2000.7173     -0.2416     -0.2760      0.0464      0.0007   0.0008   0.0031
2000.7200     -0.2427     -0.2778      0.0499      0.0007   0.0009   0.0032
2000.7228     -0.2428     -0.2772      0.0378      0.0007   0.0008   0.0030
2000.7255     -0.2422     -0.2799      0.0435      0.0008   0.0008   0.0033
2000.7283     -0.2423     -0.2807      0.0295      0.0008   0.0009   0.0034
2000.7310     -0.2410     -0.2779      0.0434      0.0007   0.0008   0.0032
2000.7336     -0.2440     -0.2763      0.0461      0.0007   0.0009   0.0034
2000.7392     -0.2386     -0.2820      0.0452      0.0008   0.0010   0.0037
2000.7531     -0.2437     -0.2789      0.0331      0.0008   0.0009   0.0035
2000.7556     -0.2413     -0.2781      0.0347      0.0007   0.0008   0.0031
2000.7584     -0.2440     -0.2778      0.0440      0.0007   0.0008   0.0031
2000.7611     -0.2452     -0.2764      0.0390      0.0007   0.0009   0.0032
2000.7639     -0.2428     -0.2781      0.0493      0.0007   0.0008   0.0031
2000.7666     -0.2406     -0.2752      0.0527      0.0007   0.0008   0.0031
2000.7693     -0.2398     -0.2749      0.0542      0.0007   0.0008   0.0031
2000.7721     -0.2415     -0.2780      0.0507      0.0007   0.0008   0.0032
2000.7748     -0.2424     -0.2749      0.0492      0.0007   0.0008   0.0031
2000.7775     -0.2441     -0.2764      0.0522      0.0007   0.0009   0.0032
2000.7803     -0.2389     -0.2752      0.0506      0.0007   0.0008   0.0032
2000.7830     -0.2394     -0.2780      0.0607      0.0008   0.0009   0.0034
2000.7858     -0.2443     -0.2796      0.0632      0.0007   0.0008   0.0033
2000.7885     -0.2453     -0.2776      0.0461      0.0007   0.0008   0.0031
2000.7912     -0.2406     -0.2809      0.0528      0.0007   0.0009   0.0033
2000.7940     -0.2400     -0.2778      0.0469      0.0007   0.0009   0.0032
2000.7967     -0.2396     -0.2773      0.0482      0.0007   0.0008   0.0030
2000.7994     -0.2411     -0.2783      0.0399      0.0007   0.0008   0.0032
2000.8022     -0.2373     -0.2765      0.0461      0.0007   0.0008   0.0032
2000.8049     -0.2406     -0.2778      0.0505      0.0007   0.0008   0.0031
2000.8077     -0.2418     -0.2782      0.0476      0.0007   0.0008   0.0031
2000.8104     -0.2420     -0.2757      0.0408      0.0007   0.0008   0.0032
2000.8131     -0.2409     -0.2757      0.0435      0.0007   0.0008   0.0031
2000.8159     -0.2436     -0.2751      0.0553      0.0007   0.0008   0.0032
2000.8186     -0.2429     -0.2785      0.0555      0.0007   0.0008   0.0031
2000.8214     -0.2434     -0.2829      0.0577      0.0008   0.0009   0.0034
2000.8241     -0.2416     -0.2779      0.0520      0.0007   0.0008   0.0032
2000.8268     -0.2458     -0.2799      0.0474      0.0008   0.0009   0.0035
2000.8296     -0.2418     -0.2787      0.0445      0.0007   0.0009   0.0034
2000.8323     -0.2393     -0.2799      0.0435      0.0008   0.0009   0.0035
2000.8350     -0.2415     -0.2775      0.0405      0.0007   0.0008   0.0032
2000.8378     -0.2415     -0.2800      0.0388      0.0008   0.0008   0.0033
2000.8405     -0.2396     -0.2758      0.0463      0.0008   0.0009   0.0035
2000.8433     -0.2452     -0.2798      0.0413      0.0007   0.0008   0.0032
2000.8460     -0.2428     -0.2809      0.0488      0.0007   0.0008   0.0032
2000.8487     -0.2415     -0.2767      0.0482      0.0007   0.0009   0.0034
2000.8515     -0.2365     -0.2753      0.0444      0.0007   0.0008   0.0032
2000.8542     -0.2397     -0.2774      0.0494      0.0007   0.0009   0.0034
2000.8569     -0.2410     -0.2819      0.0435      0.0007   0.0009   0.0034
2000.8597     -0.2383     -0.2780      0.0467      0.0007   0.0008   0.0032
2000.8624     -0.2427     -0.2758      0.0485      0.0007   0.0008   0.0032
2000.8652     -0.2388     -0.2765      0.0399      0.0007   0.0008   0.0033
2000.8679     -0.2389     -0.2753      0.0406      0.0007   0.0008   0.0031
2000.8706     -0.2400     -0.2774      0.0380      0.0007   0.0008   0.0033
2000.8734     -0.2439     -0.2783      0.0411      0.0007   0.0008   0.0031
2000.8761     -0.2418     -0.2748      0.0403      0.0007   0.0008   0.0030
2000.8788     -0.2397     -0.2760      0.0483      0.0007   0.0008   0.0030
2000.8816     -0.2415     -0.2768      0.0498      0.0007   0.0008   0.0034
2000.8843     -0.2434     -0.2772      0.0443      0.0007   0.0009   0.0033
2000.8871     -0.2397     -0.2763      0.0451      0.0007   0.0008   0.0031
2000.8898     -0.2392     -0.2748      0.0512      0.0007   0.0008   0.0032
2000.8925     -0.2411     -0.2785      0.0485      0.0007   0.0008   0.0032
2000.8953     -0.2425     -0.2756      0.0496      0.0007   0.0008   0.0031
2000.8980     -0.2411     -0.2738      0.0404      0.0007   0.0009   0.0033
2000.9007     -0.2420     -0.2757      0.0468      0.0007   0.0008   0.0031
2000.9035     -0.2395     -0.2751      0.0406      0.0007   0.0008   0.0030
2000.9062     -0.2422     -0.2766      0.0382      0.0007   0.0008   0.0031
2000.9090     -0.2429     -0.2739      0.0370      0.0007   0.0008   0.0030
2000.9117     -0.2397     -0.2788      0.0528      0.0007   0.0009   0.0033
2000.9144     -0.2394     -0.2782      0.0537      0.0007   0.0008   0.0031
2000.9172     -0.2421     -0.2786      0.0464      0.0007   0.0008   0.0032
2000.9199     -0.2392     -0.2796      0.0439      0.0007   0.0008   0.0032
2000.9227     -0.2346     -0.2716      0.0525      0.0007   0.0009   0.0033
2000.9254     -0.2394     -0.2774      0.0439      0.0008   0.0009   0.0032
2000.9281     -0.2421     -0.2766      0.0505      0.0007   0.0009   0.0031
2000.9309     -0.2428     -0.2757      0.0421      0.0007   0.0009   0.0031
2000.9336     -0.2395     -0.2774      0.0419      0.0007   0.0008   0.0031
2000.9363     -0.2393     -0.2764      0.0413      0.0007   0.0009   0.0031
2000.9391     -0.2405     -0.2766      0.0518      0.0007   0.0008   0.0030
2000.9418     -0.2362     -0.2790      0.0494      0.0007   0.0008   0.0030
2000.9446     -0.2386     -0.2763      0.0470      0.0007   0.0008   0.0031
2000.9473     -0.2424     -0.2761      0.0441      0.0007   0.0008   0.0028
2000.9500     -0.2390     -0.2729      0.0382      0.0007   0.0008   0.0028
2000.9528     -0.2380     -0.2751      0.0466      0.0007   0.0008   0.0028
2000.9555     -0.2412     -0.2738      0.0489      0.0007   0.0008   0.0028
2000.9582     -0.2381     -0.2720      0.0467      0.0007   0.0008   0.0029
2000.9610     -0.2354     -0.2751      0.0570      0.0007   0.0008   0.0029
2000.9631     -0.2401     -0.2754      0.0505      0.0009   0.0010   0.0038
2000.9674     -0.2401     -0.2722      0.0539      0.0011   0.0013   0.0047
2000.9692     -0.2406     -0.2760      0.0574      0.0007   0.0008   0.0032
2000.9719     -0.2399     -0.2776      0.0433      0.0007   0.0008   0.0031
2000.9747     -0.2413     -0.2770      0.0555      0.0007   0.0008   0.0029
2000.9774     -0.2412     -0.2767      0.0550      0.0007   0.0008   0.0030
2000.9801     -0.2408     -0.2779      0.0514      0.0007   0.0008   0.0031
2000.9829     -0.2391     -0.2792      0.0527      0.0007   0.0008   0.0031
2000.9856     -0.2372     -0.2807      0.0573      0.0007   0.0008   0.0031
2000.9884     -0.2408     -0.2788      0.0446      0.0007   0.0008   0.0030
2000.9911     -0.2404     -0.2771      0.0530      0.0007   0.0008   0.0029
2000.9938     -0.2448     -0.2773      0.0590      0.0007   0.0008   0.0030
2000.9966     -0.2423     -0.2790      0.0367      0.0007   0.0008   0.0031
2000.9991     -0.2409     -0.2772      0.0359      0.0007   0.0009   0.0032
2001.0050     -0.2387     -0.2745      0.0427      0.0007   0.0008   0.0032
2001.0074     -0.2399     -0.2752      0.0524      0.0007   0.0008   0.0031
2001.0132     -0.2398     -0.2732      0.0444      0.0007   0.0008   0.0033
2001.0157     -0.2375     -0.2760      0.0481      0.0007   0.0008   0.0030
2001.0185     -0.2409     -0.2760      0.0479      0.0007   0.0008   0.0029
2001.0212     -0.2379     -0.2762      0.0529      0.0007   0.0008   0.0029
2001.0240     -0.2389     -0.2750      0.0517      0.0007   0.0008   0.0029
2001.0267     -0.2388     -0.2741      0.0514      0.0007   0.0008   0.0030
2001.0294     -0.2390     -0.2765      0.0550      0.0007   0.0008   0.0030
2001.0322     -0.2390     -0.2749      0.0521      0.0007   0.0008   0.0029
2001.0349     -0.2402     -0.2736      0.0466      0.0007   0.0008   0.0029
2001.0376     -0.2395     -0.2758      0.0507      0.0007   0.0008   0.0029
2001.0404     -0.2383     -0.2738      0.0475      0.0007   0.0008   0.0029
2001.0431     -0.2391     -0.2720      0.0447      0.0007   0.0008   0.0029
2001.0459     -0.2391     -0.2756      0.0490      0.0007   0.0008   0.0030
2001.0486     -0.2398     -0.2737      0.0448      0.0007   0.0008   0.0030
2001.0513     -0.2392     -0.2741      0.0479      0.0007   0.0008   0.0030
2001.0541     -0.2407     -0.2729      0.0552      0.0007   0.0008   0.0029
2001.0568     -0.2400     -0.2739      0.0626      0.0007   0.0008   0.0031
2001.0595     -0.2388     -0.2735      0.0590      0.0007   0.0008   0.0032
2001.0623     -0.2389     -0.2762      0.0442      0.0007   0.0008   0.0032
2001.0650     -0.2411     -0.2748      0.0473      0.0007   0.0008   0.0030
2001.0678     -0.2354     -0.2766      0.0493      0.0007   0.0008   0.0031
2001.0705     -0.2397     -0.2761      0.0463      0.0007   0.0008   0.0030
2001.0732     -0.2397     -0.2734      0.0448      0.0007   0.0008   0.0031
2001.0760     -0.2404     -0.2748      0.0423      0.0007   0.0008   0.0029
2001.0787     -0.2387     -0.2761      0.0481      0.0007   0.0008   0.0029
2001.0814     -0.2375     -0.2747      0.0461      0.0007   0.0008   0.0030
2001.0842     -0.2374     -0.2751      0.0504      0.0007   0.0008   0.0031
2001.0869     -0.2372     -0.2753      0.0483      0.0007   0.0008   0.0030
2001.0897     -0.2377     -0.2736      0.0468      0.0007   0.0008   0.0030
2001.0924     -0.2383     -0.2733      0.0511      0.0007   0.0008   0.0030
2001.0951     -0.2400     -0.2765      0.0532      0.0007   0.0008   0.0030
2001.0979     -0.2343     -0.2743      0.0452      0.0007   0.0008   0.0029
2001.1006     -0.2327     -0.2735      0.0528      0.0007   0.0008   0.0030
2001.1033     -0.2356     -0.2762      0.0481      0.0007   0.0008   0.0030
2001.1061     -0.2370     -0.2769      0.0552      0.0007   0.0008   0.0031
2001.1088     -0.2376     -0.2744      0.0551      0.0007   0.0008   0.0031
2001.1116     -0.2369     -0.2736      0.0529      0.0007   0.0008   0.0031
2001.1143     -0.2364     -0.2723      0.0562      0.0007   0.0008   0.0031
2001.1170     -0.2343     -0.2728      0.0576      0.0007   0.0008   0.0032
2001.1198     -0.2353     -0.2733      0.0575      0.0007   0.0008   0.0030
2001.1225     -0.2345     -0.2723      0.0563      0.0007   0.0008   0.0030
2001.1253     -0.2344     -0.2741      0.0509      0.0007   0.0008   0.0031
2001.1280     -0.2347     -0.2743      0.0596      0.0007   0.0008   0.0030
2001.1307     -0.2374     -0.2717      0.0541      0.0007   0.0008   0.0030
2001.1335     -0.2363     -0.2724      0.0550      0.0007   0.0008   0.0030
2001.1360     -0.2343     -0.2730      0.0453      0.0007   0.0008   0.0031
2001.1528     -0.2358     -0.2772      0.0587      0.0008   0.0009   0.0034
2001.1554     -0.2374     -0.2718      0.0569      0.0007   0.0008   0.0032
2001.1581     -0.2373     -0.2746      0.0614      0.0007   0.0009   0.0031
2001.1608     -0.2356     -0.2703      0.0550      0.0007   0.0009   0.0033
2001.1636     -0.2354     -0.2740      0.0496      0.0007   0.0009   0.0034
2001.1663     -0.2391     -0.2731      0.0492      0.0008   0.0010   0.0036
2001.1691     -0.2372     -0.2721      0.0615      0.0007   0.0008   0.0032
2001.1718     -0.2372     -0.2745      0.0489      0.0007   0.0009   0.0032
2001.1745     -0.2347     -0.2747      0.0524      0.0008   0.0008   0.0033
2001.1773     -0.2340     -0.2731      0.0470      0.0007   0.0008   0.0031
2001.1800     -0.2346     -0.2734      0.0485      0.0007   0.0008   0.0030
2001.1827     -0.2341     -0.2733      0.0527      0.0007   0.0008   0.0031
2001.1855     -0.2364     -0.2747      0.0470      0.0007   0.0009   0.0032
2001.1882     -0.2374     -0.2736      0.0519      0.0007   0.0009   0.0032
2001.1910     -0.2344     -0.2733      0.0478      0.0007   0.0008   0.0033
2001.1937     -0.2400     -0.2711      0.0507      0.0007   0.0008   0.0032
2001.1964     -0.2374     -0.2740      0.0518      0.0007   0.0008   0.0030
2001.1992     -0.2393     -0.2732      0.0520      0.0007   0.0008   0.0030
2001.2019     -0.2406     -0.2718      0.0480      0.0007   0.0008   0.0030
2001.2046     -0.2370     -0.2728      0.0609      0.0007   0.0008   0.0031
2001.2072     -0.2376     -0.2745      0.0511      0.0008   0.0009   0.0035
2001.2130     -0.2348     -0.2728      0.0458      0.0007   0.0008   0.0031
2001.2156     -0.2371     -0.2721      0.0462      0.0007   0.0008   0.0031
2001.2183     -0.2369     -0.2752      0.0471      0.0007   0.0008   0.0031
2001.2211     -0.2362     -0.2744      0.0516      0.0007   0.0008   0.0031
2001.2238     -0.2371     -0.2744      0.0588      0.0007   0.0008   0.0032
2001.2266     -0.2369     -0.2709      0.0555      0.0007   0.0008   0.0031
2001.2293     -0.2363     -0.2735      0.0520      0.0007   0.0008   0.0031
2001.2320     -0.2367     -0.2745      0.0602      0.0007   0.0008   0.0033
2001.2348     -0.2364     -0.2762      0.0552      0.0008   0.0009   0.0034
2001.2375     -0.2387     -0.2719      0.0437      0.0008   0.0009   0.0034
2001.2402     -0.2364     -0.2737      0.0471      0.0007   0.0008   0.0033
2001.2430     -0.2385     -0.2740      0.0523      0.0007   0.0009   0.0032
2001.2457     -0.2385     -0.2739      0.0616      0.0008   0.0009   0.0032
2001.2485     -0.2380     -0.2732      0.0535      0.0007   0.0008   0.0031
2001.2512     -0.2342     -0.2741      0.0585      0.0008   0.0009   0.0033
2001.2539     -0.2357     -0.2704      0.0435      0.0009   0.0010   0.0040
2001.2567     -0.2381     -0.2705      0.0527      0.0007   0.0008   0.0031
2001.2594     -0.2399     -0.2726      0.0527      0.0007   0.0008   0.0032
2001.2621     -0.2357     -0.2733      0.0506      0.0007   0.0008   0.0033
2001.2649     -0.2384     -0.2723      0.0557      0.0007   0.0008   0.0032
2001.2676     -0.2365     -0.2709      0.0569      0.0007   0.0008   0.0032
2001.2704     -0.2351     -0.2740      0.0575      0.0007   0.0008   0.0032
2001.2731     -0.2347     -0.2726      0.0564      0.0007   0.0009   0.0032
2001.2758     -0.2350     -0.2745      0.0623      0.0007   0.0008   0.0032
2001.2786     -0.2391     -0.2746      0.0567      0.0007   0.0009   0.0033
2001.2813     -0.2365     -0.2718      0.0764      0.0007   0.0008   0.0032
2001.2840     -0.2354     -0.2750      0.0635      0.0007   0.0008   0.0032
2001.2857     -0.2289     -0.2761      0.0680      0.0011   0.0013   0.0053
2001.2905     -0.2305     -0.2684      0.0612      0.0013   0.0015   0.0057
2001.2923     -0.2359     -0.2747      0.0504      0.0007   0.0009   0.0034
2001.2950     -0.2347     -0.2730      0.0529      0.0008   0.0009   0.0034
2001.2977     -0.2345     -0.2702      0.0499      0.0007   0.0008   0.0030
2001.3005     -0.2409     -0.2739      0.0458      0.0007   0.0008   0.0029
2001.3032     -0.2377     -0.2729      0.0580      0.0007   0.0008   0.0030
2001.3060     -0.2368     -0.2771      0.0630      0.0007   0.0009   0.0033
2001.3087     -0.2376     -0.2734      0.0529      0.0007   0.0008   0.0031
2001.3114     -0.2369     -0.2705      0.0472      0.0007   0.0008   0.0031
2001.3142     -0.2372     -0.2696      0.0499      0.0007   0.0008   0.0032
2001.3169     -0.2357     -0.2743      0.0491      0.0007   0.0008   0.0030
2001.3196     -0.2377     -0.2713      0.0553      0.0007   0.0008   0.0030
2001.3224     -0.2380     -0.2751      0.0607      0.0007   0.0008   0.0030
2001.3251     -0.2397     -0.2728      0.0558      0.0007   0.0008   0.0031
2001.3277     -0.2353     -0.2701      0.0681      0.0008   0.0009   0.0036
2001.3335     -0.2367     -0.2718      0.0512      0.0007   0.0008   0.0030
2001.3361     -0.2322     -0.2713      0.0628      0.0007   0.0008   0.0029
2001.3388     -0.2381     -0.2707      0.0583      0.0007   0.0008   0.0029
2001.3415     -0.2376     -0.2720      0.0490      0.0007   0.0008   0.0028
2001.3443     -0.2370     -0.2709      0.0485      0.0007   0.0008   0.0029
2001.3470     -0.2370     -0.2711      0.0506      0.0007   0.0008   0.0030
2001.3498     -0.2369     -0.2734      0.0599      0.0007   0.0008   0.0031
2001.3525     -0.2377     -0.2700      0.0560      0.0007   0.0008   0.0031
2001.3552     -0.2360     -0.2699      0.0556      0.0007   0.0008   0.0029
2001.3580     -0.2376     -0.2728      0.0519      0.0007   0.0008   0.0030
2001.3607     -0.2406     -0.2688      0.0526      0.0007   0.0008   0.0030
2001.3634     -0.2377     -0.2678      0.0493      0.0007   0.0008   0.0031
2001.3662     -0.2386     -0.2712      0.0583      0.0007   0.0008   0.0031
2001.3689     -0.2383     -0.2698      0.0545      0.0007   0.0008   0.0030
2001.3717     -0.2362     -0.2700      0.0578      0.0007   0.0008   0.0030
2001.3744     -0.2377     -0.2714      0.0619      0.0007   0.0008   0.0030
2001.3771     -0.2374     -0.2713      0.0502      0.0006   0.0008   0.0028
2001.3799     -0.2372     -0.2707      0.0478      0.0007   0.0008   0.0029
2001.3826     -0.2351     -0.2684      0.0497      0.0007   0.0008   0.0030
2001.3853     -0.2341     -0.2699      0.0498      0.0007   0.0008   0.0030
2001.3881     -0.2364     -0.2691      0.0510      0.0007   0.0008   0.0030
2001.3908     -0.2349     -0.2702      0.0567      0.0006   0.0008   0.0029
2001.3936     -0.2350     -0.2715      0.0547      0.0007   0.0008   0.0031
2001.3963     -0.2371     -0.2702      0.0559      0.0007   0.0008   0.0029
2001.3990     -0.2351     -0.2682      0.0567      0.0007   0.0008   0.0030
2001.4018     -0.2372     -0.2684      0.0505      0.0007   0.0008   0.0029
2001.4045     -0.2399     -0.2722      0.0531      0.0007   0.0008   0.0030
2001.4071     -0.2363     -0.2717      0.0507      0.0007   0.0008   0.0031
2001.4129     -0.2371     -0.2702      0.0556      0.0007   0.0008   0.0032
2001.4155     -0.2371     -0.2685      0.0557      0.0007   0.0008   0.0031
2001.4182     -0.2360     -0.2678      0.0488      0.0007   0.0008   0.0032
2001.4209     -0.2404     -0.2704      0.0492      0.0007   0.0008   0.0029
2001.4237     -0.2355     -0.2715      0.0499      0.0007   0.0008   0.0030
2001.4264     -0.2373     -0.2707      0.0600      0.0007   0.0008   0.0030
2001.4292     -0.2375     -0.2698      0.0532      0.0007   0.0008   0.0030
2001.4317     -0.2378     -0.2743      0.0495      0.0007   0.0008   0.0031
2001.5989     -0.2348     -0.2684      0.0477      0.0008   0.0009   0.0034
2001.6844     -0.2331     -0.2690      0.0449      0.0009   0.0010   0.0040
2001.6865     -0.2310     -0.2712      0.0497      0.0008   0.0009   0.0035
2001.6891     -0.2310     -0.2669      0.0498      0.0008   0.0009   0.0038
2001.6949     -0.2295     -0.2685      0.0493      0.0008   0.0009   0.0035
2001.6975     -0.2281     -0.2683      0.0472      0.0008   0.0008   0.0034
2001.7002     -0.2289     -0.2711      0.0643      0.0007   0.0009   0.0034
2001.7029     -0.2279     -0.2676      0.0495      0.0007   0.0008   0.0032
2001.7057     -0.2288     -0.2661      0.0544      0.0007   0.0008   0.0030
2001.7084     -0.2314     -0.2640      0.0461      0.0007   0.0008   0.0031
2001.7112     -0.2311     -0.2661      0.0536      0.0007   0.0008   0.0033
2001.7139     -0.2314     -0.2660      0.0518      0.0007   0.0008   0.0032
2001.7166     -0.2278     -0.2650      0.0534      0.0007   0.0008   0.0031
2001.7194     -0.2298     -0.2662      0.0469      0.0007   0.0008   0.0032
2001.7221     -0.2319     -0.2672      0.0387      0.0007   0.0008   0.0033
2001.7248     -0.2312     -0.2659      0.0334      0.0007   0.0008   0.0032
2001.7276     -0.2293     -0.2649      0.0525      0.0007   0.0008   0.0032
2001.7303     -0.2305     -0.2659      0.0518      0.0007   0.0008   0.0030
2001.7331     -0.2302     -0.2657      0.0530      0.0007   0.0008   0.0032
2001.7358     -0.2327     -0.2641      0.0534      0.0007   0.0008   0.0032
2001.7385     -0.2297     -0.2659      0.0492      0.0007   0.0008   0.0032
2001.7413     -0.2325     -0.2624      0.0541      0.0007   0.0008   0.0032
2001.7440     -0.2293     -0.2649      0.0555      0.0007   0.0008   0.0031
2001.7467     -0.2299     -0.2660      0.0613      0.0007   0.0008   0.0030
2001.7495     -0.2303     -0.2643      0.0491      0.0007   0.0008   0.0030
2001.7522     -0.2309     -0.2662      0.0481      0.0007   0.0008   0.0030
2001.7550     -0.2347     -0.2645      0.0550      0.0007   0.0008   0.0032
2001.7577     -0.2320     -0.2675      0.0447      0.0007   0.0009   0.0033
2001.7604     -0.2336     -0.2669      0.0534      0.0007   0.0008   0.0032
2001.7632     -0.2329     -0.2674      0.0553      0.0007   0.0008   0.0032
2001.7659     -0.2310     -0.2664      0.0559      0.0008   0.0008   0.0035
2001.7686     -0.2329     -0.2679      0.0391      0.0007   0.0008   0.0031
2001.7714     -0.2324     -0.2641      0.0414      0.0007   0.0008   0.0031
2001.7741     -0.2313     -0.2657      0.0396      0.0007   0.0008   0.0032
2001.7769     -0.2291     -0.2666      0.0397      0.0007   0.0008   0.0031
2001.7794     -0.2288     -0.2654      0.0461      0.0008   0.0009   0.0033
2001.7884     -0.2288     -0.2647      0.0602      0.0009   0.0010   0.0039
2001.7905     -0.2300     -0.2652      0.0492      0.0008   0.0009   0.0035
2001.7933     -0.2281     -0.2682      0.0440      0.0008   0.0008   0.0036
2001.7960     -0.2325     -0.2643      0.0389      0.0007   0.0009   0.0033
2001.7988     -0.2331     -0.2634      0.0479      0.0007   0.0008   0.0034
2001.8015     -0.2289     -0.2662      0.0375      0.0007   0.0008   0.0033
2001.8042     -0.2317     -0.2640      0.0456      0.0007   0.0009   0.0034
2001.8070     -0.2323     -0.2648      0.0538      0.0007   0.0009   0.0035
2001.8097     -0.2289     -0.2667      0.0419      0.0007   0.0009   0.0033
2001.8125     -0.2282     -0.2697      0.0519      0.0007   0.0009   0.0035
2001.8152     -0.2278     -0.2659      0.0481      0.0008   0.0008   0.0035
2001.8179     -0.2297     -0.2624      0.0540      0.0007   0.0009   0.0034
2001.8207     -0.2284     -0.2667      0.0380      0.0008   0.0009   0.0034
2001.8234     -0.2318     -0.2679      0.0456      0.0007   0.0008   0.0034
2001.8261     -0.2315     -0.2660      0.0367      0.0007   0.0008   0.0031
2001.8289     -0.2299     -0.2658      0.0418      0.0007   0.0008   0.0031
2001.8316     -0.2318     -0.2626      0.0409      0.0007   0.0008   0.0032
2001.8344     -0.2274     -0.2654      0.0515      0.0007   0.0008   0.0031
2001.8371     -0.2311     -0.2615      0.0560      0.0007   0.0008   0.0033
2001.8398     -0.2297     -0.2636      0.0547      0.0007   0.0008   0.0034
2001.8426     -0.2284     -0.2634      0.0469      0.0007   0.0008   0.0034
2001.8453     -0.2274     -0.2624      0.0493      0.0007   0.0008   0.0033
2001.8480     -0.2301     -0.2635      0.0469      0.0008   0.0009   0.0039
2001.8508     -0.2299     -0.2630      0.0372      0.0007   0.0008   0.0032
2001.8535     -0.2279     -0.2678      0.0472      0.0008   0.0009   0.0036
2001.8563     -0.2310     -0.2677      0.0389      0.0007   0.0009   0.0034
2001.8590     -0.2307     -0.2646      0.0480      0.0007   0.0009   0.0033
2001.8617     -0.2283     -0.2639      0.0445      0.0007   0.0008   0.0032
2001.8645     -0.2290     -0.2635      0.0381      0.0007   0.0008   0.0032
2001.8672     -0.2319     -0.2615      0.0419      0.0007   0.0009   0.0032
2001.8699     -0.2282     -0.2591      0.0444      0.0007   0.0009   0.0032
2001.8727     -0.2307     -0.2635      0.0439      0.0007   0.0008   0.0032
2001.8754     -0.2313     -0.2640      0.0545      0.0007   0.0009   0.0033
2001.8782     -0.2309     -0.2627      0.0504      0.0007   0.0008   0.0032
2001.8809     -0.2298     -0.2630      0.0526      0.0007   0.0008   0.0031
2001.8836     -0.2292     -0.2617      0.0344      0.0007   0.0008   0.0032
2001.8864     -0.2271     -0.2612      0.0514      0.0007   0.0009   0.0032
2001.8891     -0.2258     -0.2616      0.0467      0.0007   0.0008   0.0032
2001.8919     -0.2284     -0.2620      0.0493      0.0007   0.0008   0.0031
2001.8946     -0.2286     -0.2634      0.0438      0.0007   0.0009   0.0032
2001.8973     -0.2301     -0.2639      0.0348      0.0007   0.0009   0.0034
2001.9001     -0.2289     -0.2637      0.0543      0.0007   0.0009   0.0032
2001.9028     -0.2294     -0.2652      0.0638      0.0007   0.0009   0.0033
2001.9055     -0.2320     -0.2642      0.0446      0.0007   0.0008   0.0031
2001.9083     -0.2268     -0.2633      0.0414      0.0007   0.0009   0.0033
2001.9110     -0.2282     -0.2592      0.0512      0.0007   0.0008   0.0030
2001.9138     -0.2260     -0.2645      0.0440      0.0007   0.0008   0.0031
2001.9165     -0.2261     -0.2631      0.0475      0.0007   0.0008   0.0030
2001.9192     -0.2279     -0.2620      0.0399      0.0007   0.0008   0.0031
2001.9220     -0.2267     -0.2654      0.0408      0.0007   0.0008   0.0030
2001.9247     -0.2309     -0.2657      0.0353      0.0007   0.0008   0.0031
2001.9274     -0.2315     -0.2641      0.0433      0.0007   0.0008   0.0031
2001.9302     -0.2287     -0.2605      0.0461      0.0007   0.0008   0.0031
2001.9329     -0.2296     -0.2624      0.0420      0.0007   0.0008   0.0032
2001.9357     -0.2276     -0.2652      0.0453      0.0007   0.0008   0.0032
2001.9384     -0.2284     -0.2651      0.0499      0.0007   0.0008   0.0031
2001.9411     -0.2266     -0.2644      0.0480      0.0007   0.0009   0.0033
2001.9439     -0.2264     -0.2623      0.0526      0.0007   0.0009   0.0033
2001.9466     -0.2300     -0.2662      0.0481      0.0007   0.0009   0.0033
2001.9493     -0.2282     -0.2655      0.0466      0.0007   0.0009   0.0032
2001.9521     -0.2258     -0.2627      0.0358      0.0007   0.0009   0.0033
2001.9548     -0.2331     -0.2635      0.0384      0.0007   0.0008   0.0031
2001.9576     -0.2283     -0.2668      0.0429      0.0007   0.0008   0.0032
2001.9603     -0.2325     -0.2665      0.0524      0.0007   0.0008   0.0031
2001.9630     -0.2310     -0.2644      0.0542      0.0007   0.0008   0.0033
2001.9658     -0.2289     -0.2630      0.0609      0.0007   0.0008   0.0032
2001.9685     -0.2265     -0.2640      0.0460      0.0007   0.0008   0.0031
2001.9712     -0.2276     -0.2630      0.0494      0.0007   0.0008   0.0030
2001.9740     -0.2270     -0.2635      0.0480      0.0007   0.0008   0.0033
2001.9767     -0.2322     -0.2644      0.0462      0.0007   0.0008   0.0033
2001.9795     -0.2286     -0.2621      0.0417      0.0007   0.0008   0.0032
2001.9822     -0.2272     -0.2622      0.0552      0.0007   0.0008   0.0032
2001.9849     -0.2288     -0.2642      0.0649      0.0007   0.0008   0.0031
2001.9877     -0.2296     -0.2659      0.0701      0.0007   0.0008   0.0033
2001.9904     -0.2307     -0.2613      0.0513      0.0007   0.0008   0.0031
2001.9932     -0.2302     -0.2612      0.0445      0.0007   0.0008   0.0032
2001.9959     -0.2287     -0.2593      0.0536      0.0007   0.0008   0.0032
2001.9986     -0.2292     -0.2642      0.0539      0.0007   0.0008   0.0032
2002.0014     -0.2286     -0.2664      0.0515      0.0007   0.0008   0.0031
2002.0041     -0.2282     -0.2644      0.0473      0.0007   0.0008   0.0034
2002.0068     -0.2292     -0.2636      0.0441      0.0007   0.0008   0.0032
2002.0096     -0.2288     -0.2615      0.0520      0.0007   0.0009   0.0034
2002.0123     -0.2293     -0.2628      0.0495      0.0007   0.0009   0.0034
2002.0151     -0.2278     -0.2631      0.0486      0.0007   0.0008   0.0032
2002.0178     -0.2293     -0.2650      0.0446      0.0007   0.0008   0.0033
2002.0205     -0.2285     -0.2653      0.0510      0.0008   0.0009   0.0035
2002.0233     -0.2296     -0.2608      0.0509      0.0007   0.0009   0.0033
2002.0260     -0.2295     -0.2624      0.0434      0.0007   0.0008   0.0036
2002.0287     -0.2317     -0.2644      0.0461      0.0007   0.0008   0.0032
2002.0315     -0.2250     -0.2642      0.0582      0.0007   0.0008   0.0034
2002.0342     -0.2288     -0.2605      0.0532      0.0007   0.0008   0.0031
2002.0370     -0.2264     -0.2632      0.0528      0.0007   0.0008   0.0033
2002.0395     -0.2277     -0.2644      0.0625      0.0007   0.0009   0.0035
2002.0459     -0.2236     -0.2627      0.0586      0.0009   0.0011   0.0042
2002.0479     -0.2248     -0.2616      0.0473      0.0007   0.0008   0.0032
2002.0506     -0.2289     -0.2636      0.0450      0.0007   0.0008   0.0032
2002.0534     -0.2271     -0.2628      0.0569      0.0007   0.0008   0.0032
2002.0561     -0.2274     -0.2623      0.0551      0.0007   0.0008   0.0032
2002.0589     -0.2266     -0.2607      0.0436      0.0007   0.0008   0.0034
2002.0616     -0.2267     -0.2606      0.0530      0.0007   0.0008   0.0031
2002.0643     -0.2264     -0.2594      0.0581      0.0007   0.0008   0.0032
2002.0671     -0.2260     -0.2590      0.0581      0.0007   0.0008   0.0033
2002.0698     -0.2250     -0.2599      0.0519      0.0007   0.0008   0.0032
2002.0725     -0.2222     -0.2628      0.0519      0.0007   0.0008   0.0032
2002.0753     -0.2249     -0.2623      0.0551      0.0007   0.0008   0.0033
2002.0780     -0.2228     -0.2634      0.0481      0.0007   0.0008   0.0032
2002.0806     -0.2223     -0.2627      0.0526      0.0008   0.0008   0.0035
2002.0862     -0.2228     -0.2628      0.0656      0.0008   0.0009   0.0035
2002.1006     -0.2241     -0.2593      0.0569      0.0009   0.0012   0.0044
2002.1025     -0.2262     -0.2598      0.0527      0.0008   0.0009   0.0037
2002.1141     -0.2257     -0.2577      0.0519      0.0010   0.0012   0.0046
2002.1222     -0.2260     -0.2614      0.0442      0.0009   0.0012   0.0044
2002.1414     -0.2226     -0.2592      0.0504      0.0009   0.0011   0.0042
2002.1743     -0.2294     -0.2637      0.0591      0.0011   0.0012   0.0049
2002.1799     -0.2244     -0.2597      0.0563      0.0009   0.0010   0.0042
2002.1821     -0.2244     -0.2601      0.0464      0.0007   0.0008   0.0033
2002.1848     -0.2232     -0.2585      0.0547      0.0007   0.0008   0.0034
2002.1875     -0.2249     -0.2603      0.0524      0.0007   0.0008   0.0032
2002.1903     -0.2256     -0.2587      0.0513      0.0007   0.0008   0.0033
2002.1930     -0.2247     -0.2566      0.0525      0.0007   0.0008   0.0031
2002.1958     -0.2258     -0.2599      0.0579      0.0007   0.0008   0.0032
2002.1983     -0.2265     -0.2594      0.0549      0.0008   0.0008   0.0034
2002.2678     -0.2250     -0.2608      0.0516      0.0011   0.0013   0.0050
2002.2697     -0.2212     -0.2572      0.0461      0.0008   0.0009   0.0036
2002.2724     -0.2238     -0.2598      0.0516      0.0007   0.0009   0.0033
2002.2751     -0.2258     -0.2610      0.0461      0.0007   0.0008   0.0031
2002.2779     -0.2237     -0.2572      0.0460      0.0007   0.0008   0.0031
2002.2806     -0.2244     -0.2578      0.0408      0.0007   0.0008   0.0031
2002.2834     -0.2262     -0.2588      0.0422      0.0007   0.0008   0.0031
2002.2859     -0.2254     -0.2582      0.0508      0.0007   0.0009   0.0034
2002.2921     -0.2262     -0.2559      0.0519      0.0009   0.0010   0.0040
2002.2943     -0.2249     -0.2594      0.0534      0.0007   0.0009   0.0033
2002.2971     -0.2232     -0.2588      0.0540      0.0007   0.0008   0.0031
2002.2998     -0.2246     -0.2574      0.0445      0.0007   0.0008   0.0033
2002.3025     -0.2259     -0.2556      0.0571      0.0007   0.0008   0.0031
2002.3053     -0.2244     -0.2555      0.0554      0.0007   0.0008   0.0032
2002.3080     -0.2268     -0.2551      0.0547      0.0007   0.0008   0.0031
2002.3106     -0.2253     -0.2591      0.0598      0.0007   0.0009   0.0032
2002.3164     -0.2235     -0.2578      0.0529      0.0008   0.0009   0.0033
2002.3190     -0.2234     -0.2565      0.0468      0.0007   0.0008   0.0030
2002.3217     -0.2241     -0.2580      0.0591      0.0007   0.0008   0.0031
2002.3244     -0.2237     -0.2608      0.0642      0.0007   0.0008   0.0031
2002.3272     -0.2247     -0.2571      0.0525      0.0007   0.0008   0.0029
2002.3299     -0.2268     -0.2566      0.0495      0.0007   0.0008   0.0030
2002.3326     -0.2251     -0.2565      0.0566      0.0007   0.0008   0.0030
2002.3354     -0.2245     -0.2568      0.0496      0.0007   0.0008   0.0030
2002.3381     -0.2247     -0.2578      0.0450      0.0007   0.0008   0.0030
2002.3409     -0.2229     -0.2579      0.0544      0.0007   0.0008   0.0030
2002.3436     -0.2236     -0.2581      0.0582      0.0007   0.0008   0.0031
2002.3462     -0.2235     -0.2603      0.0480      0.0007   0.0009   0.0032
2002.3857     -0.2236     -0.2600      0.0540      0.0011   0.0013   0.0048
2002.3874     -0.2232     -0.2594      0.0467      0.0007   0.0008   0.0030
2002.3895     -0.2227     -0.2570      0.0508      0.0008   0.0010   0.0038
2003.0009     -0.2170     -0.2507      0.0478      0.0008   0.0009   0.0035
2003.0034     -0.2171     -0.2510      0.0468      0.0007   0.0008   0.0033
2003.0062     -0.2149     -0.2491      0.0527      0.0007   0.0008   0.0034
2003.0089     -0.2172     -0.2501      0.0477      0.0007   0.0008   0.0033
2003.0116     -0.2157     -0.2487      0.0530      0.0007   0.0008   0.0034
2003.0138     -0.2139     -0.2471      0.0477      0.0009   0.0011   0.0044
2003.0238     -0.2165     -0.2505      0.0469      0.0016   0.0020   0.0077
2003.0253     -0.2172     -0.2493      0.0539      0.0007   0.0008   0.0033
2003.0281     -0.2169     -0.2471      0.0460      0.0007   0.0008   0.0033
2003.0308     -0.2135     -0.2506      0.0566      0.0007   0.0008   0.0034
2003.0335     -0.2142     -0.2525      0.0552      0.0007   0.0008   0.0033
2003.0363     -0.2195     -0.2493      0.0520      0.0007   0.0009   0.0035
2003.0390     -0.2108     -0.2484      0.0520      0.0007   0.0008   0.0034
2003.0417     -0.2137     -0.2501      0.0474      0.0007   0.0008   0.0034
2003.0445     -0.2176     -0.2497      0.0469      0.0007   0.0008   0.0033
2003.0472     -0.2159     -0.2476      0.0488      0.0007   0.0008   0.0032
2003.0500     -0.2113     -0.2475      0.0443      0.0007   0.0008   0.0033
2003.0527     -0.2117     -0.2489      0.0507      0.0007   0.0008   0.0033
2003.0554     -0.2161     -0.2462      0.0505      0.0007   0.0008   0.0032
2003.0582     -0.2120     -0.2460      0.0558      0.0007   0.0008   0.0033
2003.0609     -0.2104     -0.2471      0.0460      0.0007   0.0008   0.0033
2003.0637     -0.2092     -0.2471      0.0515      0.0007   0.0009   0.0033
2003.0664     -0.2160     -0.2498      0.0558      0.0007   0.0008   0.0033
2003.0691     -0.2141     -0.2477      0.0463      0.0007   0.0008   0.0033
2003.0719     -0.2096     -0.2450      0.0526      0.0008   0.0009   0.0036
2003.0746     -0.2105     -0.2419      0.0496      0.0008   0.0009   0.0035
2003.0773     -0.2181     -0.2454      0.0448      0.0007   0.0008   0.0033
2003.0801     -0.2155     -0.2494      0.0505      0.0008   0.0009   0.0034
2003.0828     -0.2199     -0.2479      0.0479      0.0007   0.0009   0.0033
2003.0856     -0.2128     -0.2470      0.0505      0.0007   0.0009   0.0034
2003.0883     -0.2128     -0.2476      0.0583      0.0007   0.0009   0.0032
2003.0910     -0.2161     -0.2454      0.0540      0.0007   0.0009   0.0033
2003.0938     -0.2141     -0.2465      0.0525      0.0007   0.0008   0.0034
2003.0965     -0.2126     -0.2454      0.0432      0.0008   0.0009   0.0035
2003.0992     -0.2120     -0.2477      0.0519      0.0008   0.0009   0.0034
2003.1020     -0.2133     -0.2469      0.0490      0.0007   0.0008   0.0032
2003.1047     -0.2124     -0.2453      0.0524      0.0007   0.0008   0.0033
2003.1075     -0.2115     -0.2451      0.0548      0.0007   0.0009   0.0033
2003.1102     -0.2132     -0.2453      0.0505      0.0008   0.0009   0.0034
2003.1129     -0.2182     -0.2452      0.0411      0.0008   0.0009   0.0034
2003.1157     -0.2109     -0.2439      0.0553      0.0008   0.0009   0.0033
2003.1182     -0.2078     -0.2453      0.0517      0.0008   0.0009   0.0035
2003.1241     -0.2126     -0.2463      0.0525      0.0007   0.0009   0.0032
2003.1264     -0.2112     -0.2450      0.0534      0.0007   0.0009   0.0034
2003.1294     -0.2135     -0.2434      0.0579      0.0010   0.0012   0.0044
2003.1321     -0.2136     -0.2484      0.0535      0.0007   0.0009   0.0033
2003.1348     -0.2123     -0.2479      0.0681      0.0007   0.0008   0.0032
2003.1376     -0.2132     -0.2475      0.0572      0.0007   0.0008   0.0030
2003.1403     -0.2127     -0.2472      0.0555      0.0007   0.0008   0.0031
2003.1430     -0.2138     -0.2481      0.0544      0.0007   0.0008   0.0031
2003.1458     -0.2113     -0.2470      0.0578      0.0007   0.0008   0.0031
2003.1485     -0.2154     -0.2456      0.0507      0.0007   0.0008   0.0031
2003.1513     -0.2156     -0.2474      0.0588      0.0007   0.0008   0.0031
2003.1540     -0.2115     -0.2477      0.0543      0.0007   0.0008   0.0030
2003.1567     -0.2111     -0.2502      0.0526      0.0007   0.0009   0.0034
2003.1595     -0.2142     -0.2460      0.0552      0.0007   0.0008   0.0030
2003.1622     -0.2123     -0.2474      0.0517      0.0007   0.0008   0.0032
2003.1650     -0.2120     -0.2505      0.0536      0.0007   0.0009   0.0033
2003.1677     -0.2116     -0.2480      0.0609      0.0007   0.0008   0.0032
2003.1704     -0.2130     -0.2467      0.0504      0.0007   0.0008   0.0033
2003.1732     -0.2127     -0.2468      0.0627      0.0007   0.0009   0.0032
2003.1759     -0.2148     -0.2446      0.0525      0.0007   0.0008   0.0031
2003.1786     -0.2138     -0.2490      0.0588      0.0007   0.0009   0.0034
2003.1814     -0.2107     -0.2492      0.0511      0.0008   0.0009   0.0034
2003.1841     -0.2111     -0.2501      0.0485      0.0007   0.0008   0.0031
2003.1869     -0.2108     -0.2503      0.0502      0.0007   0.0009   0.0032
2003.1896     -0.2092     -0.2443      0.0388      0.0007   0.0008   0.0032
2003.1923     -0.2148     -0.2456      0.0468      0.0007   0.0008   0.0031
2003.1951     -0.2133     -0.2479      0.0542      0.0007   0.0009   0.0032
2003.1978     -0.2135     -0.2475      0.0617      0.0007   0.0009   0.0032
2003.2005     -0.2127     -0.2468      0.0505      0.0007   0.0008   0.0031
2003.2033     -0.2136     -0.2469      0.0502      0.0007   0.0008   0.0031
2003.2060     -0.2149     -0.2454      0.0506      0.0007   0.0008   0.0032
2003.2088     -0.2137     -0.2468      0.0590      0.0007   0.0008   0.0032
2003.2115     -0.2124     -0.2463      0.0538      0.0007   0.0009   0.0031
2003.2142     -0.2115     -0.2442      0.0660      0.0007   0.0009   0.0033
2003.2170     -0.2124     -0.2421      0.0538      0.0007   0.0009   0.0032
2003.2197     -0.2103     -0.2456      0.0432      0.0007   0.0009   0.0034
2003.2224     -0.2132     -0.2456      0.0497      0.0007   0.0009   0.0034
2003.2252     -0.2094     -0.2465      0.0566      0.0007   0.0008   0.0031
2003.2279     -0.2104     -0.2473      0.0503      0.0007   0.0009   0.0034
2003.2307     -0.2122     -0.2452      0.0419      0.0007   0.0009   0.0032
2003.2332     -0.2104     -0.2470      0.0524      0.0008   0.0009   0.0035
2003.7565     -0.2097     -0.2419      0.0358      0.0008   0.0009   0.0035
2003.7589     -0.2114     -0.2417      0.0285      0.0007   0.0009   0.0034
2004.5695     -0.1990     -0.2328      0.0446      0.0010   0.0012   0.0048
2004.5749     -0.2007     -0.2287      0.0329      0.0009   0.0011   0.0042
2004.5868     -0.2055     -0.2294      0.0279      0.0012   0.0016   0.0059
2004.5943     -0.1985     -0.2315      0.0435      0.0008   0.0010   0.0038
2004.5968     -0.2000     -0.2277      0.0368      0.0008   0.0009   0.0037
2004.5996     -0.2024     -0.2288      0.0426      0.0008   0.0010   0.0038
2004.6023     -0.2014     -0.2298      0.0358      0.0008   0.0010   0.0038
2004.6051     -0.2030     -0.2287      0.0386      0.0008   0.0009   0.0036
2004.6078     -0.2039     -0.2288      0.0292      0.0007   0.0010   0.0036
2004.6105     -0.2014     -0.2288      0.0424      0.0007   0.0009   0.0034
2004.6133     -0.2021     -0.2291      0.0465      0.0008   0.0010   0.0036
2004.6160     -0.2025     -0.2289      0.0536      0.0008   0.0010   0.0036
2004.6187     -0.2042     -0.2293      0.0375      0.0008   0.0009   0.0035
2004.6211     -0.1994     -0.2288      0.0359      0.0009   0.0011   0.0044
2004.6297     -0.2003     -0.2300      0.0451      0.0009   0.0010   0.0039
2004.6361     -0.1984     -0.2286      0.0297      0.0011   0.0013   0.0050
2004.6379     -0.2014     -0.2267      0.0425      0.0008   0.0010   0.0037
2004.6407     -0.1987     -0.2288      0.0411      0.0008   0.0009   0.0036
2004.6434     -0.2005     -0.2300      0.0439      0.0007   0.0009   0.0035
2004.6461     -0.1994     -0.2303      0.0401      0.0007   0.0009   0.0034
2004.6489     -0.1975     -0.2319      0.0389      0.0008   0.0010   0.0037
2004.6516     -0.1989     -0.2280      0.0450      0.0008   0.0009   0.0036
2004.6543     -0.2003     -0.2301      0.0415      0.0008   0.0010   0.0036
2004.6571     -0.1974     -0.2299      0.0425      0.0008   0.0009   0.0037
2004.6598     -0.1979     -0.2301      0.0406      0.0008   0.0009   0.0037
2004.6626     -0.1994     -0.2270      0.0503      0.0007   0.0009   0.0035
2004.6653     -0.1977     -0.2293      0.0414      0.0007   0.0009   0.0035
2004.6680     -0.1995     -0.2288      0.0395      0.0008   0.0009   0.0036
2004.6708     -0.1966     -0.2271      0.0514      0.0008   0.0009   0.0035
2004.6735     -0.1941     -0.2293      0.0479      0.0008   0.0009   0.0036
2004.6762     -0.1988     -0.2308      0.0355      0.0007   0.0009   0.0035
2004.6790     -0.2005     -0.2303      0.0368      0.0007   0.0009   0.0035
2004.6817     -0.1966     -0.2291      0.0496      0.0007   0.0009   0.0034
2004.6845     -0.1975     -0.2292      0.0389      0.0007   0.0009   0.0034
2004.6872     -0.2003     -0.2292      0.0374      0.0008   0.0010   0.0036
2004.6899     -0.1986     -0.2289      0.0394      0.0007   0.0009   0.0034
2004.6927     -0.1962     -0.2298      0.0301      0.0007   0.0009   0.0033
2004.6954     -0.2013     -0.2292      0.0412      0.0007   0.0009   0.0033
2004.6981     -0.1984     -0.2296      0.0392      0.0007   0.0009   0.0032
2004.7009     -0.1988     -0.2307      0.0457      0.0007   0.0009   0.0035
2004.7036     -0.1999     -0.2293      0.0402      0.0007   0.0009   0.0034
2004.7064     -0.2026     -0.2302      0.0325      0.0008   0.0010   0.0037
2004.7091     -0.2009     -0.2318      0.0451      0.0007   0.0009   0.0036
2004.7117     -0.1961     -0.2283      0.0450      0.0008   0.0010   0.0037
2004.7242     -0.1979     -0.2303      0.0493      0.0016   0.0022   0.0071
2004.7256     -0.1962     -0.2307      0.0505      0.0008   0.0009   0.0035
2004.7281     -0.2008     -0.2290      0.0378      0.0008   0.0009   0.0036
2004.7428     -0.1969     -0.2309      0.0516      0.0013   0.0017   0.0059
2004.7483     -0.1990     -0.2295      0.0461      0.0012   0.0016   0.0056
2004.7502     -0.1975     -0.2266      0.0461      0.0011   0.0014   0.0047
2004.7529     -0.1994     -0.2251      0.0432      0.0007   0.0010   0.0036
2004.7556     -0.1985     -0.2265      0.0430      0.0008   0.0009   0.0036
2004.7584     -0.1976     -0.2286      0.0458      0.0007   0.0009   0.0033
2004.7611     -0.1944     -0.2285      0.0440      0.0007   0.0009   0.0034
2004.7637     -0.1985     -0.2284      0.0371      0.0008   0.0010   0.0039
2004.7666     -0.2015     -0.2300      0.0590      0.0011   0.0014   0.0048
2004.7692     -0.1996     -0.2270      0.0400      0.0008   0.0010   0.0037
2004.7705     -0.2017     -0.2233      0.0326      0.0026   0.0029   0.0097
2004.7757     -0.1991     -0.2267      0.0651      0.0014   0.0019   0.0062
2004.7775     -0.1968     -0.2250      0.0452      0.0010   0.0012   0.0045
2004.7803     -0.1991     -0.2253      0.0302      0.0007   0.0009   0.0034
2004.7830     -0.2005     -0.2269      0.0353      0.0008   0.0009   0.0034
2004.7858     -0.1986     -0.2272      0.0369      0.0007   0.0009   0.0035
2004.7885     -0.2003     -0.2274      0.0464      0.0008   0.0010   0.0037
2004.7912     -0.1988     -0.2274      0.0484      0.0008   0.0009   0.0037
2004.7940     -0.1990     -0.2293      0.0471      0.0008   0.0009   0.0036
2004.7965     -0.1989     -0.2276      0.0418      0.0008   0.0010   0.0037
2004.7994     -0.1969     -0.2266      0.0529      0.0011   0.0014   0.0048
2004.8022     -0.1974     -0.2271      0.0320      0.0008   0.0010   0.0036
2004.8049     -0.1966     -0.2269      0.0337      0.0008   0.0010   0.0037
2004.8075     -0.1974     -0.2257      0.0402      0.0008   0.0010   0.0037
2004.8168     -0.1958     -0.2248      0.0384      0.0010   0.0013   0.0046
2004.8184     -0.1971     -0.2259      0.0408      0.0008   0.0010   0.0037
2004.8214     -0.1993     -0.2239      0.0398      0.0013   0.0015   0.0057
2004.8241     -0.1953     -0.2273      0.0410      0.0008   0.0010   0.0037
2004.8268     -0.1969     -0.2247      0.0288      0.0008   0.0010   0.0036
2004.8296     -0.2002     -0.2283      0.0409      0.0008   0.0010   0.0037
2004.8323     -0.1986     -0.2263      0.0339      0.0008   0.0009   0.0036
2004.8350     -0.1944     -0.2260      0.0370      0.0008   0.0009   0.0037
2004.8378     -0.1977     -0.2241      0.0250      0.0008   0.0010   0.0037
2004.8403     -0.1984     -0.2268      0.0405      0.0008   0.0010   0.0039
2004.8489     -0.1983     -0.2273      0.0391      0.0008   0.0010   0.0039
2004.8513     -0.1952     -0.2262      0.0362      0.0008   0.0010   0.0038
2004.8542     -0.1923     -0.2277      0.0520      0.0010   0.0013   0.0046
2004.8569     -0.1958     -0.2246      0.0443      0.0008   0.0010   0.0038
2004.8597     -0.1943     -0.2247      0.0449      0.0007   0.0009   0.0036
2004.8622     -0.1962     -0.2250      0.0429      0.0008   0.0010   0.0037
2004.8652     -0.1949     -0.2273      0.0326      0.0013   0.0016   0.0061
2004.8679     -0.1961     -0.2235      0.0395      0.0008   0.0009   0.0036
2004.8705     -0.1985     -0.2240      0.0363      0.0008   0.0010   0.0038
2004.8768     -0.1951     -0.2198      0.0507      0.0011   0.0015   0.0049
2004.8831     -0.1995     -0.2243      0.0282      0.0019   0.0019   0.0099
2004.8844     -0.1973     -0.2253      0.0345      0.0008   0.0009   0.0036
2004.8869     -0.1977     -0.2231      0.0329      0.0008   0.0010   0.0036
2004.9858     -0.1917     -0.2225      0.0363      0.0007   0.0009   0.0032
2004.9884     -0.1917     -0.2209      0.0347      0.0007   0.0008   0.0032
2004.9911     -0.1917     -0.2216      0.0410      0.0007   0.0009   0.0032
2004.9937     -0.1920     -0.2208      0.0420      0.0008   0.0009   0.0034
2004.9966     -0.1916     -0.2205      0.0452      0.0015   0.0019   0.0070
2004.9994     -0.1928     -0.2214      0.0431      0.0007   0.0009   0.0031
2005.0019     -0.1921     -0.2214      0.0497      0.0007   0.0009   0.0032
2005.0046     -0.1921     -0.2227      0.0382      0.0011   0.0013   0.0054
2005.0075     -0.1919     -0.2214      0.0463      0.0011   0.0013   0.0050
2005.0103     -0.1930     -0.2201      0.0379      0.0007   0.0008   0.0031
2005.0130     -0.1935     -0.2237      0.0413      0.0007   0.0008   0.0031
2005.0157     -0.1935     -0.2232      0.0452      0.0007   0.0008   0.0031
2005.0183     -0.1944     -0.2212      0.0464      0.0007   0.0009   0.0033
2005.0212     -0.1942     -0.2206      0.0426      0.0010   0.0013   0.0050
2005.0240     -0.1907     -0.2239      0.0467      0.0007   0.0008   0.0029
2005.0267     -0.1917     -0.2234      0.0444      0.0007   0.0008   0.0031
2005.0294     -0.1924     -0.2230      0.0486      0.0007   0.0008   0.0030
2005.0322     -0.1906     -0.2231      0.0421      0.0007   0.0008   0.0030
2005.0349     -0.1939     -0.2231      0.0469      0.0007   0.0008   0.0029
2005.0375     -0.1926     -0.2196      0.0520      0.0007   0.0009   0.0031
2005.0433     -0.1924     -0.2201      0.0416      0.0007   0.0008   0.0031
2005.0459     -0.1915     -0.2226      0.0400      0.0007   0.0008   0.0030
2005.0486     -0.1931     -0.2222      0.0412      0.0007   0.0008   0.0030
2005.0513     -0.1922     -0.2210      0.0468      0.0007   0.0008   0.0030
2005.0539     -0.1909     -0.2225      0.0442      0.0007   0.0009   0.0031
2005.0597     -0.1929     -0.2219      0.0425      0.0007   0.0008   0.0031
2005.0621     -0.1948     -0.2188      0.0385      0.0007   0.0009   0.0031
2005.0650     -0.1960     -0.2187      0.0430      0.0013   0.0015   0.0053
2005.0678     -0.1943     -0.2214      0.0448      0.0007   0.0008   0.0029
2005.0705     -0.1937     -0.2208      0.0483      0.0007   0.0008   0.0029
2005.0732     -0.1942     -0.2220      0.0504      0.0007   0.0008   0.0029
2005.0760     -0.1944     -0.2233      0.0422      0.0007   0.0008   0.0029
2005.0787     -0.1940     -0.2227      0.0450      0.0007   0.0008   0.0029
2005.0814     -0.1922     -0.2231      0.0497      0.0007   0.0008   0.0029
2005.0842     -0.1921     -0.2209      0.0472      0.0007   0.0008   0.0029
2005.0868     -0.1950     -0.2226      0.0419      0.0007   0.0008   0.0030
2005.0895     -0.1954     -0.2235      0.0454      0.0011   0.0013   0.0047
2005.0924     -0.1934     -0.2208      0.0474      0.0011   0.0013   0.0046
2005.0951     -0.1925     -0.2215      0.0458      0.0006   0.0008   0.0028
2005.0979     -0.1934     -0.2224      0.0450      0.0007   0.0008   0.0028
2005.1006     -0.1923     -0.2237      0.0476      0.0006   0.0008   0.0028
2005.1033     -0.1934     -0.2220      0.0441      0.0007   0.0008   0.0029
2005.1061     -0.1913     -0.2231      0.0469      0.0007   0.0008   0.0029
2005.1088     -0.1931     -0.2237      0.0476      0.0007   0.0008   0.0030
2005.1116     -0.1931     -0.2231      0.0470      0.0007   0.0008   0.0029
2005.1143     -0.1933     -0.2223      0.0418      0.0006   0.0008   0.0028
2005.1170     -0.1924     -0.2228      0.0438      0.0007   0.0008   0.0029
2005.1198     -0.1944     -0.2223      0.0413      0.0007   0.0008   0.0029
2005.1225     -0.1951     -0.2219      0.0391      0.0007   0.0008   0.0029
2005.1253     -0.1933     -0.2194      0.0472      0.0007   0.0008   0.0029
2005.1280     -0.1919     -0.2221      0.0515      0.0007   0.0008   0.0029
2005.1306     -0.1937     -0.2234      0.0522      0.0007   0.0009   0.0033
2005.1333     -0.1937     -0.2237      0.0535      0.0012   0.0013   0.0051
2005.1993     -0.1935     -0.2198      0.0567      0.0007   0.0009   0.0033
2005.2019     -0.1926     -0.2200      0.0518      0.0007   0.0008   0.0032
2005.2046     -0.1933     -0.2197      0.0445      0.0007   0.0008   0.0033
2005.2074     -0.1921     -0.2195      0.0502      0.0007   0.0008   0.0030
2005.2101     -0.1913     -0.2186      0.0478      0.0007   0.0008   0.0030
2005.2129     -0.1923     -0.2198      0.0436      0.0007   0.0008   0.0031
2005.2156     -0.1931     -0.2201      0.0483      0.0007   0.0008   0.0032
2005.2183     -0.1918     -0.2216      0.0479      0.0007   0.0008   0.0030
2005.2211     -0.1920     -0.2199      0.0517      0.0007   0.0008   0.0030
2005.2238     -0.1912     -0.2194      0.0544      0.0007   0.0008   0.0030
2005.2266     -0.1913     -0.2217      0.0615      0.0007   0.0008   0.0032
2005.2293     -0.1945     -0.2206      0.0566      0.0007   0.0008   0.0032
2005.2320     -0.1927     -0.2205      0.0420      0.0007   0.0008   0.0032
2005.2348     -0.1929     -0.2200      0.0447      0.0007   0.0009   0.0034
2005.2375     -0.1914     -0.2218      0.0533      0.0007   0.0008   0.0031
2005.2402     -0.1901     -0.2214      0.0527      0.0007   0.0009   0.0033
2005.2428     -0.1923     -0.2196      0.0411      0.0008   0.0009   0.0034
2005.2457     -0.1934     -0.2206      0.0556      0.0009   0.0011   0.0043
2005.2483     -0.1913     -0.2215      0.0540      0.0007   0.0009   0.0032
2005.2512     -0.1917     -0.2212      0.0442      0.0010   0.0012   0.0046
2005.2539     -0.1948     -0.2188      0.0448      0.0007   0.0008   0.0031
2005.2567     -0.1955     -0.2202      0.0445      0.0007   0.0008   0.0031
2005.2594     -0.1921     -0.2198      0.0543      0.0007   0.0008   0.0031
2005.2620     -0.1924     -0.2212      0.0514      0.0007   0.0009   0.0032
2005.2649     -0.1961     -0.2219      0.0669      0.0010   0.0011   0.0043
2005.2676     -0.1919     -0.2200      0.0588      0.0007   0.0008   0.0032
2005.2704     -0.1938     -0.2194      0.0557      0.0007   0.0008   0.0031
2005.2731     -0.1919     -0.2206      0.0585      0.0007   0.0008   0.0031
2005.2758     -0.1927     -0.2203      0.0551      0.0007   0.0008   0.0032
2005.2786     -0.1918     -0.2205      0.0457      0.0007   0.0008   0.0032
2005.2813     -0.1922     -0.2194      0.0488      0.0007   0.0008   0.0031
2005.2840     -0.1929     -0.2195      0.0439      0.0007   0.0009   0.0034
2005.2868     -0.1922     -0.2192      0.0533      0.0007   0.0009   0.0033
2005.2894     -0.1925     -0.2205      0.0573      0.0007   0.0009   0.0033
2005.2923     -0.1917     -0.2221      0.0537      0.0014   0.0016   0.0065
2005.2949     -0.1897     -0.2201      0.0468      0.0008   0.0009   0.0034
2005.3074     -0.1951     -0.2191      0.0381      0.0019   0.0022   0.0092
2005.3088     -0.1920     -0.2189      0.0526      0.0007   0.0009   0.0032
2005.3114     -0.1911     -0.2181      0.0530      0.0007   0.0008   0.0032
2005.3142     -0.1925     -0.2177      0.0465      0.0007   0.0008   0.0031
2005.3169     -0.1927     -0.2172      0.0468      0.0007   0.0008   0.0032
2005.3195     -0.1923     -0.2198      0.0456      0.0007   0.0009   0.0033
2005.3253     -0.1918     -0.2212      0.0466      0.0008   0.0009   0.0035
2005.3279     -0.1928     -0.2219      0.0591      0.0007   0.0009   0.0033
2005.3306     -0.1917     -0.2194      0.0455      0.0007   0.0008   0.0032
2005.3332     -0.1931     -0.2201      0.0524      0.0007   0.0009   0.0033
2005.3361     -0.1956     -0.2214      0.0426      0.0012   0.0013   0.0054
2005.3388     -0.1906     -0.2202      0.0479      0.0007   0.0008   0.0031
2005.3415     -0.1930     -0.2225      0.0461      0.0007   0.0008   0.0032
2005.3443     -0.1920     -0.2190      0.0478      0.0007   0.0008   0.0031
2005.3470     -0.1920     -0.2206      0.0431      0.0007   0.0008   0.0032
2005.3498     -0.1934     -0.2205      0.0458      0.0007   0.0008   0.0032
2005.3525     -0.1939     -0.2191      0.0470      0.0007   0.0008   0.0031
2005.3552     -0.1944     -0.2179      0.0453      0.0007   0.0009   0.0031
2005.3578     -0.1932     -0.2201      0.0459      0.0007   0.0009   0.0032
2005.3634     -0.1932     -0.2208      0.0415      0.0008   0.0010   0.0037
2005.3662     -0.1948     -0.2205      0.0436      0.0010   0.0012   0.0049
2005.3689     -0.1927     -0.2200      0.0482      0.0007   0.0008   0.0031
2005.3715     -0.1942     -0.2182      0.0513      0.0007   0.0008   0.0033
2005.3773     -0.1938     -0.2206      0.0463      0.0007   0.0009   0.0034
2005.3799     -0.1931     -0.2205      0.0483      0.0007   0.0008   0.0031
2005.3826     -0.1918     -0.2204      0.0491      0.0007   0.0008   0.0031
2005.3852     -0.1927     -0.2186      0.0394      0.0007   0.0009   0.0033
2005.3881     -0.1963     -0.2210      0.0440      0.0012   0.0015   0.0063
2005.3909     -0.1964     -0.2206      0.0402      0.0007   0.0009   0.0032
2005.3936     -0.1935     -0.2170      0.0510      0.0007   0.0008   0.0031
2005.3963     -0.1935     -0.2188      0.0425      0.0007   0.0008   0.0031
2005.3989     -0.1919     -0.2171      0.0459      0.0007   0.0009   0.0033
2005.4016     -0.1918     -0.2146      0.0541      0.0013   0.0016   0.0071
2005.4045     -0.1944     -0.2166      0.0492      0.0011   0.0014   0.0056
2005.4073     -0.1947     -0.2180      0.0458      0.0007   0.0008   0.0031
2005.4100     -0.1924     -0.2180      0.0462      0.0007   0.0008   0.0031
2005.4127     -0.1909     -0.2184      0.0504      0.0007   0.0009   0.0032
2005.4155     -0.1920     -0.2175      0.0441      0.0007   0.0008   0.0031
2005.4182     -0.1936     -0.2189      0.0452      0.0007   0.0008   0.0030
2005.4209     -0.1930     -0.2204      0.0433      0.0007   0.0008   0.0031
2005.4237     -0.1943     -0.2237      0.0455      0.0007   0.0008   0.0031
2005.4264     -0.1904     -0.2209      0.0533      0.0007   0.0008   0.0030
2005.4292     -0.1900     -0.2186      0.0473      0.0007   0.0008   0.0030
2005.4319     -0.1922     -0.2190      0.0446      0.0007   0.0008   0.0030
2005.4346     -0.1935     -0.2187      0.0476      0.0007   0.0008   0.0030
2005.4374     -0.1920     -0.2195      0.0441      0.0007   0.0008   0.0031
2005.4401     -0.1922     -0.2195      0.0409      0.0007   0.0008   0.0030
2005.4428     -0.1917     -0.2187      0.0413      0.0007   0.0008   0.0030
2005.4456     -0.1940     -0.2177      0.0465      0.0007   0.0008   0.0030
2005.4483     -0.1940     -0.2181      0.0478      0.0007   0.0009   0.0032
2005.4511     -0.1928     -0.2197      0.0497      0.0007   0.0008   0.0030
2005.4538     -0.1955     -0.2201      0.0450      0.0007   0.0008   0.0030
2005.4565     -0.1938     -0.2196      0.0451      0.0007   0.0009   0.0031
2005.4593     -0.1932     -0.2164      0.0563      0.0007   0.0009   0.0031
2005.4618     -0.1899     -0.2167      0.0476      0.0007   0.0009   0.0033
2005.4677     -0.1942     -0.2151      0.0505      0.0007   0.0009   0.0032
2005.4702     -0.1933     -0.2185      0.0459      0.0007   0.0008   0.0031
2005.4730     -0.1941     -0.2196      0.0438      0.0007   0.0009   0.0031
2005.4757     -0.1949     -0.2183      0.0528      0.0007   0.0008   0.0030
2005.4783     -0.1939     -0.2193      0.0480      0.0007   0.0009   0.0032
2005.4854     -0.1920     -0.2235      0.0663      0.0021   0.0027   0.0092
2005.4868     -0.1914     -0.2167      0.0518      0.0007   0.0009   0.0032
2005.4892     -0.1953     -0.2159      0.0417      0.0007   0.0009   0.0033
2005.5096     -0.1962     -0.2191      0.0308      0.0011   0.0013   0.0049
2005.5113     -0.1931     -0.2180      0.0411      0.0007   0.0008   0.0030
2005.5140     -0.1936     -0.2157      0.0354      0.0007   0.0008   0.0029
2005.5166     -0.1951     -0.2167      0.0413      0.0007   0.0009   0.0032
2005.5254     -0.1931     -0.2163      0.0458      0.0009   0.0011   0.0041
2005.5275     -0.1895     -0.2113      0.0551      0.0014   0.0020   0.0065
2005.5305     -0.1937     -0.2144      0.0320      0.0008   0.0010   0.0037
2005.5330     -0.1936     -0.2203      0.0277      0.0007   0.0009   0.0032
2005.5358     -0.1926     -0.2171      0.0475      0.0019   0.0028   0.0083
2005.5387     -0.1899     -0.2184      0.0405      0.0008   0.0010   0.0037
2005.5414     -0.1915     -0.2191      0.0379      0.0007   0.0008   0.0031
2005.5441     -0.1944     -0.2187      0.0392      0.0007   0.0009   0.0031
2005.5469     -0.1903     -0.2194      0.0399      0.0007   0.0008   0.0030
2005.5496     -0.1912     -0.2175      0.0415      0.0007   0.0008   0.0030
2005.5524     -0.1921     -0.2178      0.0421      0.0007   0.0008   0.0031
2005.5551     -0.1941     -0.2176      0.0377      0.0007   0.0008   0.0031
2005.5578     -0.1926     -0.2167      0.0398      0.0007   0.0008   0.0030
2005.5606     -0.1934     -0.2181      0.0468      0.0007   0.0008   0.0030
2005.5633     -0.1917     -0.2176      0.0422      0.0007   0.0009   0.0031
2005.5660     -0.1902     -0.2167      0.0357      0.0007   0.0009   0.0031
2005.5688     -0.1919     -0.2191      0.0405      0.0007   0.0009   0.0031
2005.5715     -0.1900     -0.2173      0.0411      0.0007   0.0009   0.0031
2005.5743     -0.1902     -0.2201      0.0425      0.0007   0.0009   0.0030
2005.5770     -0.1934     -0.2189      0.0346      0.0007   0.0009   0.0031
2005.5797     -0.1929     -0.2187      0.0413      0.0007   0.0008   0.0030
2005.5825     -0.1931     -0.2182      0.0424      0.0007   0.0009   0.0031
2005.5850     -0.1906     -0.2186      0.0398      0.0007   0.0009   0.0032
2005.5917     -0.1962     -0.2212      0.0486      0.0015   0.0020   0.0073
2005.5963     -0.1930     -0.2162      0.0349      0.0007   0.0009   0.0032
2005.5987     -0.1904     -0.2154      0.0303      0.0007   0.0009   0.0031
2005.6155     -0.1913     -0.2165      0.0364      0.0007   0.0009   0.0030
2005.6179     -0.1896     -0.2181      0.0403      0.0007   0.0009   0.0032
2005.6319     -0.1927     -0.2178      0.0324      0.0007   0.0009   0.0032
2005.6343     -0.1920     -0.2173      0.0355      0.0007   0.0009   0.0032
2005.6400     -0.1926     -0.2182      0.0320      0.0007   0.0009   0.0033
2005.6454     -0.1907     -0.2167      0.0327      0.0008   0.0009   0.0034
2005.6511     -0.1915     -0.2197      0.0405      0.0007   0.0009   0.0031
2005.6537     -0.1913     -0.2161      0.0423      0.0007   0.0008   0.0030
2005.6562     -0.1888     -0.2191      0.0426      0.0007   0.0009   0.0032
2005.6620     -0.1893     -0.2200      0.0381      0.0007   0.0009   0.0033
2005.6646     -0.1890     -0.2185      0.0374      0.0007   0.0008   0.0031
2005.6673     -0.1896     -0.2190      0.0408      0.0007   0.0009   0.0031
2005.6699     -0.1889     -0.2172      0.0443      0.0007   0.0009   0.0033
2005.6812     -0.1894     -0.2175      0.0436      0.0008   0.0009   0.0034
2005.6836     -0.1871     -0.2184      0.0426      0.0007   0.0009   0.0033
2005.9249     -0.1861     -0.2121      0.0389      0.0007   0.0009   0.0031
2005.9274     -0.1848     -0.2115      0.0402      0.0007   0.0009   0.0032
2005.9302     -0.1838     -0.2127      0.0362      0.0007   0.0009   0.0033
2005.9329     -0.1841     -0.2121      0.0329      0.0007   0.0008   0.0031
2005.9355     -0.1849     -0.2095      0.0383      0.0007   0.0009   0.0032
2005.9480     -0.1848     -0.2088      0.0397      0.0015   0.0018   0.0070
2005.9492     -0.1837     -0.2111      0.0372      0.0007   0.0009   0.0031
2005.9549     -0.1835     -0.2149      0.0444      0.0008   0.0010   0.0037
2006.0352     -0.1842     -0.2096      0.0365      0.0010   0.0013   0.0045
2006.0370     -0.1837     -0.2098      0.0421      0.0007   0.0008   0.0029
2006.0397     -0.1844     -0.2071      0.0395      0.0007   0.0008   0.0029
2006.0424     -0.1854     -0.2086      0.0444      0.0007   0.0008   0.0029
2006.0452     -0.1854     -0.2091      0.0356      0.0007   0.0009   0.0031
2006.0479     -0.1842     -0.2095      0.0354      0.0007   0.0008   0.0029
2006.0506     -0.1817     -0.2091      0.0379      0.0007   0.0009   0.0030
2006.0534     -0.1794     -0.2097      0.0376      0.0007   0.0008   0.0029
2006.0561     -0.1829     -0.2096      0.0425      0.0007   0.0008   0.0028
2006.0589     -0.1821     -0.2086      0.0377      0.0007   0.0008   0.0028
2006.0616     -0.1825     -0.2089      0.0432      0.0007   0.0008   0.0028
2006.0642     -0.1847     -0.2102      0.0469      0.0007   0.0009   0.0030
2006.0669     -0.1893     -0.2134      0.0413      0.0013   0.0014   0.0053
2006.0698     -0.1859     -0.2097      0.0442      0.0011   0.0012   0.0044
2006.0724     -0.1848     -0.2102      0.0407      0.0007   0.0008   0.0030
2006.0753     -0.1841     -0.2102      0.0426      0.0011   0.0012   0.0045
2006.0780     -0.1843     -0.2104      0.0435      0.0007   0.0008   0.0028
2006.0808     -0.1827     -0.2112      0.0437      0.0006   0.0008   0.0028
2006.0833     -0.1841     -0.2097      0.0422      0.0007   0.0008   0.0029
2006.0891     -0.1825     -0.2092      0.0480      0.0007   0.0008   0.0030
2006.0917     -0.1845     -0.2107      0.0468      0.0007   0.0008   0.0028
2006.0945     -0.1838     -0.2114      0.0475      0.0006   0.0008   0.0028
2006.0972     -0.1838     -0.2113      0.0422      0.0007   0.0008   0.0029
2006.0999     -0.1837     -0.2091      0.0403      0.0007   0.0008   0.0029
2006.1025     -0.1845     -0.2097      0.0439      0.0007   0.0008   0.0030
2006.1054     -0.1840     -0.2091      0.0451      0.0012   0.0014   0.0048
2006.1081     -0.1837     -0.2096      0.0459      0.0007   0.0008   0.0028
2006.1109     -0.1845     -0.2072      0.0432      0.0007   0.0009   0.0030
2006.1134     -0.1854     -0.2093      0.0445      0.0007   0.0008   0.0030
2006.1191     -0.1857     -0.2094      0.0382      0.0007   0.0009   0.0031
2006.1247     -0.1834     -0.2083      0.0387      0.0007   0.0008   0.0030
2006.1273     -0.1843     -0.2082      0.0415      0.0006   0.0008   0.0028
2006.1300     -0.1824     -0.2082      0.0407      0.0007   0.0008   0.0029
2006.1328     -0.1831     -0.2077      0.0410      0.0007   0.0008   0.0029
2006.1353     -0.1809     -0.2098      0.0422      0.0007   0.0009   0.0030
2006.1383     -0.1808     -0.2075      0.0416      0.0013   0.0016   0.0060
2006.1411     -0.1831     -0.2099      0.0394      0.0007   0.0008   0.0029
2006.1437     -0.1840     -0.2119      0.0449      0.0006   0.0008   0.0029
2006.1465     -0.1816     -0.2091      0.0449      0.0006   0.0008   0.0029
2006.1492     -0.1827     -0.2077      0.0427      0.0006   0.0008   0.0028
2006.1519     -0.1826     -0.2079      0.0486      0.0006   0.0008   0.0028
2006.1547     -0.1819     -0.2084      0.0493      0.0006   0.0008   0.0028
2006.1574     -0.1837     -0.2092      0.0501      0.0006   0.0008   0.0029
2006.1602     -0.1840     -0.2083      0.0432      0.0006   0.0008   0.0028
2006.1629     -0.1847     -0.2075      0.0464      0.0007   0.0008   0.0030
2006.1656     -0.1839     -0.2094      0.0473      0.0006   0.0008   0.0028
2006.1684     -0.1853     -0.2088      0.0490      0.0006   0.0008   0.0029
2006.1711     -0.1820     -0.2076      0.0451      0.0006   0.0008   0.0029
2006.1737     -0.1806     -0.2078      0.0434      0.0007   0.0009   0.0031
2006.1766     -0.1828     -0.2065      0.0330      0.0012   0.0014   0.0052
2006.1792     -0.1825     -0.2083      0.0416      0.0007   0.0008   0.0030
2006.1914     -0.1829     -0.2088      0.0470      0.0012   0.0013   0.0050
2006.1930     -0.1820     -0.2085      0.0370      0.0007   0.0008   0.0029
2006.1958     -0.1827     -0.2107      0.0435      0.0007   0.0008   0.0029
2006.1985     -0.1834     -0.2099      0.0437      0.0007   0.0008   0.0029
2006.2012     -0.1827     -0.2096      0.0437      0.0007   0.0008   0.0030
2006.2040     -0.1833     -0.2081      0.0497      0.0007   0.0008   0.0030
2006.2067     -0.1832     -0.2082      0.0472      0.0007   0.0008   0.0029
2006.2094     -0.1819     -0.2088      0.0457      0.0007   0.0008   0.0029
2006.2122     -0.1829     -0.2082      0.0519      0.0007   0.0008   0.0030
2006.2149     -0.1818     -0.2075      0.0473      0.0007   0.0008   0.0030
2006.2177     -0.1830     -0.2085      0.0508      0.0007   0.0008   0.0028
2006.2204     -0.1809     -0.2086      0.0490      0.0007   0.0008   0.0029
2006.2230     -0.1812     -0.2076      0.0503      0.0007   0.0009   0.0031
2006.2288     -0.1840     -0.2058      0.0437      0.0007   0.0009   0.0031
2006.2313     -0.1820     -0.2061      0.0539      0.0007   0.0009   0.0030
2006.2341     -0.1843     -0.2095      0.0457      0.0007   0.0009   0.0030
2006.2368     -0.1825     -0.2091      0.0490      0.0006   0.0008   0.0028
2006.2394     -0.1847     -0.2081      0.0507      0.0007   0.0008   0.0030
2006.4150     -0.1852     -0.2058      0.0379      0.0007   0.0009   0.0031
2006.4175     -0.1831     -0.2047      0.0454      0.0007   0.0009   0.0031
2006.4201     -0.1839     -0.2041      0.0385      0.0007   0.0009   0.0032
2006.4228     -0.1865     -0.2047      0.0441      0.0010   0.0013   0.0044
2006.4256     -0.1873     -0.2042      0.0437      0.0012   0.0015   0.0052
2006.4285     -0.1859     -0.2059      0.0367      0.0011   0.0014   0.0048
2006.4310     -0.1847     -0.2030      0.0388      0.0007   0.0009   0.0032
2006.4338     -0.1842     -0.2019      0.0315      0.0017   0.0022   0.0077
2006.4367     -0.1827     -0.2001      0.0473      0.0013   0.0018   0.0059
2006.4394     -0.1831     -0.2023      0.0423      0.0007   0.0009   0.0030
2006.4422     -0.1836     -0.2038      0.0479      0.0007   0.0009   0.0030
2006.4449     -0.1838     -0.2042      0.0345      0.0007   0.0009   0.0031
2006.4476     -0.1874     -0.2011      0.0290      0.0007   0.0009   0.0031
2006.4504     -0.1852     -0.2017      0.0407      0.0007   0.0009   0.0030
2006.4531     -0.1867     -0.2019      0.0383      0.0007   0.0009   0.0030
2006.4558     -0.1841     -0.2032      0.0333      0.0007   0.0009   0.0030
2006.4586     -0.1840     -0.2042      0.0356      0.0007   0.0009   0.0030
2006.4613     -0.1853     -0.2028      0.0306      0.0007   0.0009   0.0031
2006.4641     -0.1858     -0.2045      0.0339      0.0007   0.0009   0.0032
2006.4668     -0.1853     -0.2050      0.0435      0.0007   0.0009   0.0031
2006.4695     -0.1859     -0.2059      0.0415      0.0007   0.0009   0.0032
2006.4721     -0.1847     -0.2054      0.0303      0.0007   0.0009   0.0032
2006.4781     -0.1830     -0.2056      0.0364      0.0008   0.0010   0.0034
2006.4805     -0.1830     -0.2033      0.0421      0.0007   0.0009   0.0031
2006.4831     -0.1823     -0.2026      0.0479      0.0007   0.0009   0.0033
2006.5119     -0.1794     -0.2008      0.0349      0.0012   0.0016   0.0054
2006.5133     -0.1810     -0.2044      0.0334      0.0007   0.0008   0.0029
2006.5161     -0.1820     -0.2042      0.0329      0.0007   0.0008   0.0029
2006.5188     -0.1833     -0.2049      0.0315      0.0007   0.0008   0.0029
2006.5216     -0.1836     -0.2066      0.0294      0.0007   0.0009   0.0030
2006.5243     -0.1832     -0.2035      0.0302      0.0007   0.0008   0.0030
2006.5270     -0.1807     -0.2055      0.0343      0.0007   0.0008   0.0029
2006.5298     -0.1820     -0.2049      0.0377      0.0007   0.0008   0.0028
2006.5325     -0.1823     -0.2051      0.0410      0.0007   0.0008   0.0029
2006.5352     -0.1825     -0.2061      0.0430      0.0007   0.0008   0.0029
2006.5380     -0.1818     -0.2047      0.0379      0.0007   0.0008   0.0029
2006.5407     -0.1843     -0.2043      0.0377      0.0007   0.0009   0.0030
2006.5433     -0.1810     -0.2071      0.0351      0.0007   0.0009   0.0032
2006.5820     -0.1831     -0.2040      0.0407      0.0007   0.0009   0.0031
2006.5844     -0.1824     -0.2066      0.0479      0.0007   0.0009   0.0031
2006.5902     -0.1842     -0.2055      0.0371      0.0007   0.0009   0.0033
2006.5927     -0.1814     -0.2043      0.0303      0.0007   0.0008   0.0031
2006.5955     -0.1827     -0.2039      0.0341      0.0007   0.0008   0.0030
2006.5982     -0.1810     -0.2057      0.0431      0.0007   0.0008   0.0030
2006.6010     -0.1838     -0.2061      0.0379      0.0007   0.0008   0.0029
2006.6037     -0.1836     -0.2060      0.0503      0.0007   0.0008   0.0029
2006.6064     -0.1830     -0.2025      0.0408      0.0006   0.0008   0.0028
2006.6092     -0.1816     -0.2020      0.0423      0.0007   0.0008   0.0029
2006.6119     -0.1808     -0.2041      0.0327      0.0007   0.0008   0.0030
2006.6146     -0.1817     -0.2049      0.0432      0.0007   0.0008   0.0028
2006.6172     -0.1806     -0.2058      0.0378      0.0007   0.0008   0.0031
2006.7337     -0.1797     -0.2001      0.0358      0.0014   0.0017   0.0062
2006.7351     -0.1793     -0.2013      0.0374      0.0008   0.0010   0.0037
2006.7380     -0.1781     -0.2030      0.0371      0.0007   0.0009   0.0033
2006.7406     -0.1790     -0.2026      0.0406      0.0007   0.0008   0.0032
2006.7433     -0.1771     -0.2030      0.0354      0.0007   0.0008   0.0031
2006.7461     -0.1795     -0.2009      0.0348      0.0007   0.0008   0.0032
2006.7482     -0.1781     -0.2057      0.0545      0.0009   0.0010   0.0039
2006.7736     -0.1777     -0.2022      0.0355      0.0008   0.0009   0.0035
2006.7761     -0.1768     -0.1971      0.0370      0.0011   0.0012   0.0048
2006.7818     -0.1772     -0.2027      0.0499      0.0009   0.0010   0.0040
2006.7844     -0.1762     -0.2020      0.0365      0.0008   0.0009   0.0035
2006.7871     -0.1763     -0.1986      0.0414      0.0007   0.0008   0.0033
2006.7899     -0.1767     -0.2011      0.0349      0.0007   0.0008   0.0032
2006.7926     -0.1784     -0.1992      0.0322      0.0007   0.0008   0.0032
2006.7953     -0.1793     -0.2030      0.0366      0.0007   0.0008   0.0032
2006.7981     -0.1797     -0.2010      0.0394      0.0007   0.0008   0.0031
2006.8008     -0.1797     -0.2024      0.0369      0.0008   0.0008   0.0033
2006.8036     -0.1806     -0.2014      0.0465      0.0007   0.0008   0.0032
2006.8063     -0.1788     -0.2032      0.0409      0.0007   0.0008   0.0030
2006.8090     -0.1765     -0.2014      0.0420      0.0007   0.0008   0.0032
2006.8118     -0.1769     -0.1995      0.0375      0.0007   0.0008   0.0034
2006.8145     -0.1780     -0.2027      0.0440      0.0007   0.0009   0.0035
2006.8172     -0.1767     -0.2026      0.0440      0.0007   0.0008   0.0033
2006.8200     -0.1749     -0.2028      0.0295      0.0007   0.0008   0.0034
2006.8227     -0.1737     -0.2000      0.0444      0.0007   0.0008   0.0032
2006.8255     -0.1775     -0.2010      0.0342      0.0007   0.0008   0.0033
2006.8282     -0.1764     -0.2023      0.0401      0.0007   0.0008   0.0031
2006.8309     -0.1775     -0.1987      0.0475      0.0008   0.0009   0.0038
2006.8334     -0.1767     -0.2008      0.0284      0.0014   0.0016   0.0059
2006.8364     -0.1871     -0.1994      0.0347      0.0012   0.0014   0.0055
2006.8391     -0.1794     -0.2004      0.0403      0.0007   0.0008   0.0033
2006.8419     -0.1763     -0.2005      0.0448      0.0007   0.0008   0.0032
2006.8446     -0.1790     -0.2015      0.0424      0.0007   0.0008   0.0031
2006.8474     -0.1777     -0.2008      0.0342      0.0007   0.0008   0.0031
2006.8501     -0.1771     -0.2002      0.0347      0.0007   0.0009   0.0033
2006.8527     -0.1766     -0.1995      0.0372      0.0008   0.0009   0.0035
2006.8583     -0.1795     -0.1990      0.0379      0.0008   0.0009   0.0035
2006.9070     -0.1750     -0.2007      0.0455      0.0010   0.0012   0.0045
2007.0611     -0.1726     -0.1982      0.0428      0.0007   0.0008   0.0030
2007.0637     -0.1717     -0.1979      0.0390      0.0006   0.0007   0.0028
2007.0664     -0.1730     -0.1983      0.0394      0.0007   0.0008   0.0029
2007.0691     -0.1710     -0.1975      0.0406      0.0006   0.0007   0.0028
2007.0719     -0.1716     -0.1973      0.0430      0.0007   0.0008   0.0029
2007.0746     -0.1739     -0.1971      0.0467      0.0007   0.0008   0.0028
2007.0773     -0.1707     -0.1965      0.0378      0.0007   0.0008   0.0029
2007.0801     -0.1742     -0.1980      0.0432      0.0007   0.0008   0.0028
2007.0828     -0.1728     -0.1979      0.0436      0.0007   0.0008   0.0029
2007.0856     -0.1730     -0.1963      0.0379      0.0007   0.0008   0.0029
2007.0883     -0.1720     -0.1984      0.0432      0.0007   0.0008   0.0029
2007.0910     -0.1725     -0.1959      0.0424      0.0007   0.0008   0.0029
2007.0938     -0.1749     -0.1973      0.0486      0.0006   0.0008   0.0029
2007.0965     -0.1714     -0.1976      0.0440      0.0006   0.0007   0.0029
2007.0979     -0.1739     -0.1978      0.0583      0.0015   0.0015   0.0062
2007.1088     -0.1701     -0.1977      0.0451      0.0015   0.0017   0.0070
2007.1102     -0.1723     -0.1986      0.0454      0.0006   0.0008   0.0029
2007.1129     -0.1711     -0.1976      0.0417      0.0006   0.0008   0.0029
2007.1157     -0.1728     -0.1984      0.0454      0.0006   0.0008   0.0029
2007.1184     -0.1717     -0.1966      0.0443      0.0006   0.0007   0.0028
2007.1211     -0.1715     -0.1983      0.0433      0.0007   0.0008   0.0029
2007.1239     -0.1733     -0.1995      0.0489      0.0007   0.0008   0.0030
2007.1266     -0.1722     -0.1967      0.0594      0.0007   0.0008   0.0030
2007.1294     -0.1717     -0.1988      0.0578      0.0007   0.0008   0.0031
2007.1321     -0.1731     -0.1992      0.0571      0.0007   0.0008   0.0030
2007.1348     -0.1730     -0.1973      0.0502      0.0007   0.0008   0.0028
2007.1376     -0.1716     -0.1963      0.0466      0.0007   0.0008   0.0029
2007.1403     -0.1740     -0.1979      0.0493      0.0007   0.0008   0.0029
2007.1430     -0.1707     -0.1964      0.0414      0.0007   0.0008   0.0028
2007.1458     -0.1711     -0.1942      0.0440      0.0007   0.0008   0.0029
2007.1479     -0.1729     -0.1951      0.0445      0.0008   0.0010   0.0036
2007.1553     -0.1656     -0.1953      0.0514      0.0014   0.0015   0.0061
2007.1567     -0.1706     -0.1967      0.0503      0.0007   0.0008   0.0030
2007.1595     -0.1697     -0.1977      0.0492      0.0007   0.0008   0.0029
2007.1622     -0.1692     -0.1983      0.0524      0.0007   0.0008   0.0030
2007.1650     -0.1687     -0.1980      0.0496      0.0007   0.0008   0.0030
2007.1677     -0.1705     -0.1984      0.0474      0.0007   0.0008   0.0029
2007.1704     -0.1704     -0.1985      0.0502      0.0007   0.0008   0.0029
2007.1730     -0.1691     -0.1964      0.0506      0.0007   0.0008   0.0031
2007.2526     -0.1736     -0.1953      0.0498      0.0007   0.0009   0.0032
2007.4663     -0.1719     -0.1934      0.0357      0.0007   0.0009   0.0030
2007.4689     -0.1732     -0.1946      0.0333      0.0007   0.0008   0.0030
2007.4716     -0.1706     -0.1925      0.0394      0.0007   0.0008   0.0030
2007.4743     -0.1703     -0.1953      0.0418      0.0007   0.0009   0.0031
2007.4771     -0.1701     -0.1940      0.0311      0.0007   0.0008   0.0030
2007.4796     -0.1706     -0.1938      0.0340      0.0007   0.0009   0.0031
2007.4855     -0.1690     -0.1921      0.0382      0.0007   0.0009   0.0031
2007.4878     -0.1721     -0.1935      0.0358      0.0007   0.0009   0.0031
2007.7810     -0.1681     -0.1875      0.0309      0.0008   0.0010   0.0034
2007.8113     -0.1661     -0.1866      0.0312      0.0007   0.0009   0.0032
2007.8138     -0.1665     -0.1875      0.0391      0.0007   0.0009   0.0032
2007.8166     -0.1666     -0.1867      0.0301      0.0007   0.0008   0.0031
2007.8193     -0.1640     -0.1904      0.0268      0.0007   0.0009   0.0032
2007.8220     -0.1640     -0.1904      0.0296      0.0007   0.0009   0.0032
2007.8248     -0.1678     -0.1875      0.0282      0.0007   0.0008   0.0031
2007.8275     -0.1662     -0.1870      0.0288      0.0007   0.0008   0.0030
2007.8302     -0.1649     -0.1875      0.0284      0.0007   0.0008   0.0031
2007.8330     -0.1642     -0.1881      0.0325      0.0007   0.0009   0.0032
2007.8357     -0.1653     -0.1882      0.0320      0.0007   0.0009   0.0031
2007.8385     -0.1655     -0.1894      0.0330      0.0007   0.0008   0.0030
2007.8412     -0.1652     -0.1871      0.0323      0.0007   0.0009   0.0031
2007.8439     -0.1650     -0.1843      0.0385      0.0007   0.0009   0.0033
2007.8467     -0.1650     -0.1873      0.0248      0.0007   0.0009   0.0031
2007.8494     -0.1643     -0.1902      0.0327      0.0007   0.0009   0.0032
2007.8513     -0.1672     -0.1910      0.0263      0.0010   0.0012   0.0047
2007.8715     -0.1637     -0.1874      0.0288      0.0007   0.0009   0.0032
2007.8739     -0.1663     -0.1856      0.0241      0.0008   0.0009   0.0033
2007.9098     -0.1622     -0.1891      0.0332      0.0007   0.0009   0.0032
2007.9122     -0.1647     -0.1896      0.0310      0.0007   0.0009   0.0032
2007.9480     -0.1639     -0.1874      0.0354      0.0007   0.0009   0.0032
2013.5934     -0.1047     -0.1193      0.0197      0.0007   0.0008   0.0028
2013.6016     -0.1032     -0.1185      0.0121      0.0007   0.0008   0.0029
2013.6073     -0.1044     -0.1184      0.0223      0.0006   0.0007   0.0027
2013.6097     -0.1037     -0.1190      0.0243      0.0006   0.0008   0.0027
2013.6181     -0.1029     -0.1180      0.0179      0.0007   0.0008   0.0029
2013.6233     -0.1037     -0.1189      0.0255      0.0007   0.0009   0.0031
2013.6267     -0.1059     -0.1181      0.0234      0.0012   0.0014   0.0052
2013.6347     -0.1012     -0.1191      0.0153      0.0007   0.0008   0.0029
2013.6372     -0.1032     -0.1185      0.0113      0.0006   0.0008   0.0028
2013.6400     -0.1029     -0.1191      0.0183      0.0006   0.0007   0.0026
2013.6427     -0.1018     -0.1200      0.0143      0.0006   0.0008   0.0026
2013.6453     -0.1037     -0.1178      0.0179      0.0006   0.0008   0.0028
2013.6482     -0.1008     -0.1186      0.0073      0.0011   0.0013   0.0050
2013.6510     -0.1044     -0.1198      0.0126      0.0006   0.0008   0.0027
2013.6537     -0.1041     -0.1187      0.0211      0.0007   0.0008   0.0030
2013.6562     -0.1037     -0.1179      0.0182      0.0006   0.0008   0.0027
2013.6677     -0.1020     -0.1180      0.0125      0.0006   0.0008   0.0028
2013.6700     -0.0997     -0.1144      0.0138      0.0008   0.0009   0.0034
2013.6729     -0.0986     -0.1084      0.0274      0.0015   0.0019   0.0068
2013.6757     -0.1027     -0.1182      0.0325      0.0008   0.0009   0.0034
2013.6776     -0.1029     -0.1185      0.0242      0.0009   0.0010   0.0038
2013.7203     -0.1018     -0.1184      0.0128      0.0009   0.0011   0.0039
2013.7209     -0.0988     -0.1160      0.0155      0.0016   0.0017   0.0065
2013.7288     -0.1021     -0.1134      0.0067      0.0013   0.0016   0.0059
2013.7302     -0.1004     -0.1195      0.0180      0.0006   0.0008   0.0027
2013.7531     -0.0975     -0.1181      0.0169      0.0009   0.0011   0.0037
2013.7548     -0.1000     -0.1179      0.0062      0.0006   0.0008   0.0028
2013.7905     -0.1010     -0.1163      0.0226      0.0007   0.0009   0.0032
2013.8099     -0.1006     -0.1163      0.0202      0.0006   0.0008   0.0026
2013.8111     -0.0966     -0.1145      0.0105      0.0016   0.0017   0.0062
2013.8208     -0.0967     -0.1165      0.0248      0.0007   0.0008   0.0029
2013.8226     -0.0989     -0.1158      0.0201      0.0009   0.0011   0.0038
2013.8311     -0.0967     -0.1159      0.0154      0.0008   0.0010   0.0036
2013.8642     -0.0954     -0.1154      0.0215      0.0012   0.0017   0.0050
2013.8817     -0.0999     -0.1206      0.0199      0.0016   0.0020   0.0070
2013.8836     -0.0931     -0.1192      0.0278      0.0011   0.0012   0.0045
2013.8861     -0.0974     -0.1164      0.0294      0.0007   0.0010   0.0033
2013.8930     -0.0967     -0.1180      0.0039      0.0016   0.0017   0.0071
2013.8947     -0.0978     -0.1172      0.0137      0.0007   0.0008   0.0028
2013.8973     -0.0965     -0.1158      0.0136      0.0006   0.0008   0.0027
2013.9001     -0.0973     -0.1158      0.0142      0.0007   0.0008   0.0029
2013.9028     -0.0982     -0.1164      0.0248      0.0007   0.0008   0.0029
2013.9055     -0.0971     -0.1177      0.0192      0.0007   0.0008   0.0029
2013.9083     -0.0986     -0.1157      0.0167      0.0007   0.0008   0.0028
2013.9110     -0.0985     -0.1167      0.0175      0.0007   0.0008   0.0029
2013.9138     -0.0978     -0.1154      0.0097      0.0006   0.0007   0.0026
2013.9165     -0.0989     -0.1140      0.0167      0.0006   0.0007   0.0025
2013.9192     -0.0990     -0.1131      0.0169      0.0006   0.0008   0.0028
2013.9218     -0.0946     -0.1168      0.0168      0.0007   0.0009   0.0030
2013.9247     -0.0962     -0.1139      0.0254      0.0007   0.0008   0.0028
2013.9273     -0.0987     -0.1156      0.0149      0.0007   0.0009   0.0029
2013.9331     -0.0964     -0.1135      0.0195      0.0006   0.0008   0.0027
2013.9357     -0.0994     -0.1120      0.0146      0.0006   0.0007   0.0028
2013.9384     -0.0986     -0.1125      0.0251      0.0007   0.0009   0.0031
2013.9411     -0.0947     -0.1140      0.0196      0.0007   0.0009   0.0032
2013.9440     -0.0955     -0.1153      0.0243      0.0006   0.0008   0.0027
2013.9466     -0.0944     -0.1159      0.0180      0.0007   0.0008   0.0030
2013.9494     -0.0969     -0.1154      0.0184      0.0006   0.0008   0.0028
2013.9521     -0.0972     -0.1170      0.0169      0.0007   0.0008   0.0029
2013.9548     -0.0951     -0.1150      0.0189      0.0006   0.0007   0.0026
2013.9574     -0.0951     -0.1160      0.0228      0.0008   0.0010   0.0033
2013.9604     -0.0982     -0.1145      0.0192      0.0014   0.0017   0.0059
2013.9630     -0.0960     -0.1155      0.0276      0.0006   0.0008   0.0028
2013.9658     -0.0954     -0.1140      0.0233      0.0006   0.0007   0.0026
2013.9685     -0.0955     -0.1142      0.0317      0.0007   0.0008   0.0030
2013.9713     -0.0952     -0.1148      0.0171      0.0006   0.0008   0.0027
2013.9740     -0.0979     -0.1144      0.0205      0.0006   0.0007   0.0026
2013.9767     -0.0971     -0.1150      0.0156      0.0006   0.0008   0.0028
2013.9795     -0.0956     -0.1132      0.0212      0.0006   0.0007   0.0026
2013.9822     -0.0941     -0.1148      0.0235      0.0006   0.0007   0.0026
2013.9849     -0.0950     -0.1145      0.0159      0.0007   0.0008   0.0030
2013.9878     -0.0946     -0.1145      0.0196      0.0007   0.0009   0.0030
2013.9904     -0.0947     -0.1135      0.0116      0.0006   0.0007   0.0026
2013.9930     -0.0953     -0.1135      0.0199      0.0006   0.0008   0.0027
2014.0925     -0.0971     -0.1092      0.0149      0.0011   0.0013   0.0050
2014.0979     -0.0960     -0.1165      0.0171      0.0011   0.0013   0.0049
2014.1103     -0.0954     -0.1131      0.0206      0.0008   0.0011   0.0037
2014.1311     -0.0950     -0.1070      0.0108      0.0009   0.0011   0.0041
2014.1328     -0.0960     -0.1099      0.0168      0.0006   0.0008   0.0028
2014.1355     -0.0946     -0.1117      0.0137      0.0007   0.0008   0.0029
2014.1381     -0.0931     -0.1113      0.0152      0.0007   0.0008   0.0030
2014.1485     -0.0933     -0.1117      0.0112      0.0009   0.0012   0.0039
2014.5596     -0.0919     -0.1080      0.0177      0.0007   0.0009   0.0032
2014.8966     -0.0897     -0.1009      0.0171      0.0007   0.0009   0.0031
2017.3855     -0.0594     -0.0693      0.0129      0.0006   0.0007   0.0027
2017.3874     -0.0623     -0.0702      0.0049      0.0007   0.0009   0.0034
2017.4074     -0.0587     -0.0696      0.0060      0.0006   0.0007   0.0028
2017.4096     -0.0598     -0.0700      0.0041      0.0007   0.0008   0.0029
2017.4153     -0.0608     -0.0689      0.0062      0.0007   0.0008   0.0030
2017.4276     -0.0618     -0.0714     -0.0009      0.0011   0.0013   0.0052
2017.4292     -0.0619     -0.0702      0.0095      0.0006   0.0007   0.0026
2017.4319     -0.0603     -0.0716      0.0163      0.0006   0.0007   0.0028
2017.4345     -0.0626     -0.0707      0.0180      0.0006   0.0007   0.0029
2017.4466     -0.0585     -0.0656      0.0210      0.0009   0.0011   0.0042
2017.4483     -0.0590     -0.0675      0.0146      0.0006   0.0007   0.0027
2017.4508     -0.0608     -0.0682      0.0131      0.0006   0.0007   0.0028
2017.4724     -0.0610     -0.0685      0.0004      0.0008   0.0010   0.0038
2017.7332     -0.0547     -0.0653      0.0059      0.0006   0.0007   0.0027
2017.7356     -0.0564     -0.0668      0.0114      0.0006   0.0007   0.0027
2017.7412     -0.0568     -0.0678     -0.0018      0.0007   0.0008   0.0030
2018.1713     -0.0525     -0.0633      0.0117      0.0006   0.0007   0.0027
2018.1738     -0.0542     -0.0636      0.0127      0.0006   0.0007   0.0025
2018.1764     -0.0533     -0.0598      0.0151      0.0006   0.0007   0.0026
2018.1904     -0.0545     -0.0626      0.0216      0.0006   0.0008   0.0027
2018.1930     -0.0526     -0.0630      0.0164      0.0006   0.0007   0.0025
2018.1958     -0.0537     -0.0640      0.0070      0.0006   0.0007   0.0025
2018.1985     -0.0540     -0.0600      0.0133      0.0006   0.0007   0.0025
2018.2011     -0.0527     -0.0618      0.0132      0.0006   0.0008   0.0027
2018.2178     -0.0516     -0.0600      0.0179      0.0006   0.0007   0.0026
2018.2202     -0.0512     -0.0600      0.0154      0.0006   0.0007   0.0025
2018.2288     -0.0496     -0.0600      0.0162      0.0006   0.0007   0.0026
2018.2313     -0.0513     -0.0603      0.0181      0.0006   0.0007   0.0025
2018.2339     -0.0513     -0.0604      0.0148      0.0006   0.0007   0.0025
2018.2479     -0.0496     -0.0588      0.0137      0.0006   0.0007   0.0027
2018.2505     -0.0505     -0.0586      0.0132      0.0006   0.0007   0.0025
2018.2531     -0.0506     -0.0604      0.0216      0.0006   0.0007   0.0025
2018.2587     -0.0483     -0.0602      0.0193      0.0007   0.0008   0.0030
2018.2671     -0.0506     -0.0593      0.0101      0.0006   0.0007   0.0026
2018.2697     -0.0516     -0.0626      0.0182      0.0006   0.0007   0.0024
2018.2724     -0.0498     -0.0615      0.0145      0.0006   0.0007   0.0026
2018.2751     -0.0543     -0.0604      0.0204      0.0006   0.0007   0.0026
2018.2777     -0.0549     -0.0613      0.0198      0.0006   0.0008   0.0029
2018.2863     -0.0499     -0.0622      0.0099      0.0006   0.0007   0.0027
2018.2888     -0.0514     -0.0593      0.0056      0.0006   0.0007   0.0026
2018.2916     -0.0518     -0.0615      0.0060      0.0006   0.0007   0.0027
2018.2943     -0.0527     -0.0635      0.0086      0.0006   0.0007   0.0025
2018.2969     -0.0527     -0.0626      0.0114      0.0006   0.0007   0.0026
2018.3054     -0.0521     -0.0588      0.0193      0.0006   0.0007   0.0027
2018.3080     -0.0523     -0.0591      0.0104      0.0006   0.0007   0.0027
2018.3107     -0.0528     -0.0596      0.0172      0.0006   0.0007   0.0026
2018.3135     -0.0528     -0.0604      0.0239      0.0006   0.0007   0.0026
2018.3160     -0.0521     -0.0590      0.0113      0.0006   0.0007   0.0026
2018.3244     -0.0532     -0.0615      0.0207      0.0006   0.0007   0.0027
2018.3301     -0.0509     -0.0551      0.0109      0.0007   0.0007   0.0030
2018.3321     -0.0488     -0.0582      0.0089      0.0007   0.0008   0.0032
2018.3438     -0.0498     -0.0578      0.0168      0.0006   0.0007   0.0027
2018.3463     -0.0511     -0.0571      0.0160      0.0006   0.0007   0.0026
2018.3491     -0.0501     -0.0594      0.0183      0.0006   0.0007   0.0026
2018.3518     -0.0542     -0.0594      0.0083      0.0006   0.0007   0.0026
2018.3544     -0.0544     -0.0603      0.0143      0.0006   0.0007   0.0027
2018.3657     -0.0508     -0.0596      0.0100      0.0006   0.0007   0.0027
2018.3682     -0.0531     -0.0575      0.0078      0.0006   0.0007   0.0025
2018.3710     -0.0531     -0.0563      0.0103      0.0006   0.0007   0.0026
2018.3735     -0.0519     -0.0572      0.0120      0.0006   0.0007   0.0027
2018.3819     -0.0539     -0.0548      0.0104      0.0006   0.0007   0.0027
2018.3903     -0.0521     -0.0568      0.0090      0.0006   0.0007   0.0026
2018.3927     -0.0538     -0.0567      0.0061      0.0006   0.0007   0.0027
2018.4038     -0.0549     -0.0556      0.0082      0.0006   0.0007   0.0026
2018.4066     -0.0538     -0.0565      0.0044      0.0006   0.0007   0.0026
2018.4093     -0.0554     -0.0571      0.0058      0.0006   0.0007   0.0027
2018.4119     -0.0553     -0.0567      0.0046      0.0006   0.0007   0.0027
2018.5573     -0.0520     -0.0551      0.0078      0.0006   0.0007   0.0027
2018.5599     -0.0526     -0.0552      0.0023      0.0006   0.0007   0.0027
2018.5626     -0.0493     -0.0538      0.0072      0.0006   0.0007   0.0026
2018.5652     -0.0486     -0.0537      0.0082      0.0006   0.0008   0.0028
2018.5737     -0.0471     -0.0560      0.0114      0.0006   0.0007   0.0027
2018.5763     -0.0508     -0.0557      0.0091      0.0006   0.0007   0.0026
2018.5791     -0.0503     -0.0567      0.0130      0.0006   0.0007   0.0027
2018.5818     -0.0503     -0.0556      0.0062      0.0006   0.0007   0.0025
2018.5844     -0.0496     -0.0549      0.0073      0.0006   0.0007   0.0026
2018.5927     -0.0470     -0.0515     -0.0002      0.0006   0.0008   0.0027
2018.5984     -0.0505     -0.0542     -0.0004      0.0006   0.0007   0.0025
2018.6010     -0.0503     -0.0543      0.0123      0.0006   0.0007   0.0025
2018.6035     -0.0484     -0.0542      0.0043      0.0006   0.0007   0.0026
2018.6119     -0.0502     -0.0513      0.0016      0.0006   0.0008   0.0029
2018.6176     -0.0471     -0.0512      0.0109      0.0006   0.0008   0.0028
2018.6201     -0.0493     -0.0530      0.0100      0.0006   0.0007   0.0026
2018.6227     -0.0475     -0.0542      0.0072      0.0006   0.0007   0.0027
2018.6340     -0.0505     -0.0527      0.0070      0.0006   0.0007   0.0027
2018.6365     -0.0506     -0.0518      0.0002      0.0006   0.0007   0.0027
2018.6393     -0.0505     -0.0536      0.0119      0.0006   0.0007   0.0027
2018.6419     -0.0496     -0.0563      0.0116      0.0006   0.0008   0.0029
2018.6504     -0.0478     -0.0532      0.0023      0.0006   0.0007   0.0026
2018.6530     -0.0491     -0.0543      0.0047      0.0006   0.0007   0.0025
2018.6557     -0.0487     -0.0532      0.0021      0.0006   0.0007   0.0026
2018.6584     -0.0473     -0.0533      0.0137      0.0006   0.0007   0.0025
2018.6610     -0.0471     -0.0561      0.0130      0.0006   0.0007   0.0027
2018.6694     -0.0489     -0.0581      0.0177      0.0006   0.0008   0.0028
2018.6750     -0.0474     -0.0516      0.0163      0.0006   0.0007   0.0028
2018.6776     -0.0470     -0.0511      0.0087      0.0006   0.0007   0.0025
2018.6801     -0.0473     -0.0518      0.0076      0.0006   0.0008   0.0027
2018.6887     -0.0469     -0.0508      0.0120      0.0006   0.0007   0.0027
2018.6911     -0.0459     -0.0502      0.0121      0.0007   0.0008   0.0028
2018.6969     -0.0462     -0.0543      0.0098      0.0006   0.0007   0.0027
2018.6993     -0.0458     -0.0548      0.0157      0.0006   0.0007   0.0028
2018.7077     -0.0429     -0.0547      0.0098      0.0007   0.0008   0.0030
2018.7187     -0.0447     -0.0560      0.0088      0.0006   0.0007   0.0027
2018.7296     -0.0443     -0.0527      0.0036      0.0006   0.0008   0.0028
2018.7353     -0.0464     -0.0521      0.0043      0.0006   0.0007   0.0025
2018.7377     -0.0445     -0.0523      0.0140      0.0006   0.0007   0.0026
2018.7462     -0.0458     -0.0548      0.0064      0.0006   0.0007   0.0025
2018.7488     -0.0435     -0.0520      0.0061      0.0006   0.0007   0.0024
2018.7515     -0.0441     -0.0543      0.0093      0.0006   0.0007   0.0024
2018.7543     -0.0441     -0.0549      0.0080      0.0006   0.0007   0.0025
2018.7568     -0.0450     -0.0574      0.0108      0.0006   0.0007   0.0026
2018.7652     -0.0466     -0.0552      0.0068      0.0006   0.0007   0.0025
2018.7680     -0.0444     -0.0553      0.0115      0.0006   0.0007   0.0025
2018.7707     -0.0446     -0.0515      0.0156      0.0006   0.0007   0.0025
2018.7734     -0.0434     -0.0537      0.0047      0.0006   0.0007   0.0024
2018.7760     -0.0478     -0.0576      0.0126      0.0006   0.0007   0.0028
2018.7873     -0.0457     -0.0527      0.0104      0.0006   0.0007   0.0026
2018.7899     -0.0480     -0.0528      0.0086      0.0006   0.0007   0.0024
2018.7926     -0.0436     -0.0522      0.0069      0.0006   0.0007   0.0025
2018.7952     -0.0424     -0.0514      0.0081      0.0006   0.0007   0.0026
2018.8065     -0.0446     -0.0506      0.0087      0.0006   0.0007   0.0028
2018.8090     -0.0462     -0.0507      0.0132      0.0006   0.0007   0.0025
2018.8118     -0.0452     -0.0521      0.0049      0.0006   0.0007   0.0026
2018.8143     -0.0453     -0.0505      0.0087      0.0006   0.0007   0.0027
2018.8256     -0.0436     -0.0518      0.0122      0.0006   0.0007   0.0029
2018.8282     -0.0450     -0.0496      0.0164      0.0006   0.0007   0.0026
2018.8309     -0.0483     -0.0506      0.0107      0.0006   0.0007   0.0025
2018.8335     -0.0463     -0.0478      0.0128      0.0006   0.0007   0.0026
2018.8475     -0.0464     -0.0511      0.0101      0.0006   0.0008   0.0028
2018.8501     -0.0453     -0.0498      0.0085      0.0006   0.0007   0.0024
2018.8527     -0.0451     -0.0504      0.0091      0.0006   0.0007   0.0025
2018.8694     -0.0443     -0.0508      0.0157      0.0006   0.0007   0.0028
2018.8718     -0.0451     -0.0493      0.0291      0.0006   0.0007   0.0027
2018.8831     -0.0431     -0.0500      0.0086      0.0006   0.0007   0.0028
2018.8857     -0.0452     -0.0499      0.0157      0.0006   0.0007   0.0026
2018.8884     -0.0462     -0.0508      0.0114      0.0006   0.0007   0.0025
2018.8910     -0.0450     -0.0510      0.0128      0.0006   0.0007   0.0027
2018.9050     -0.0462     -0.0518      0.0148      0.0006   0.0008   0.0028
2018.9074     -0.0476     -0.0504      0.0097      0.0006   0.0008   0.0029
2019.0335     -0.0418     -0.0508      0.0161      0.0006   0.0007   0.0027
2019.0611     -0.0402     -0.0488      0.0109      0.0006   0.0007   0.0026
2019.0635     -0.0415     -0.0486      0.0175      0.0006   0.0007   0.0026
2019.0746     -0.0415     -0.0499      0.0085      0.0006   0.0007   0.0026
2019.0828     -0.0371     -0.0505      0.0045      0.0007   0.0008   0.0029
2019.1020     -0.0422     -0.0510      0.0141      0.0006   0.0008   0.0028
2019.1131     -0.0395     -0.0495      0.0145      0.0006   0.0007   0.0025
2019.1157     -0.0413     -0.0495      0.0190      0.0006   0.0007   0.0024
2019.1184     -0.0412     -0.0494      0.0165      0.0006   0.0007   0.0024
2019.1210     -0.0403     -0.0502      0.0124      0.0006   0.0007   0.0026
2019.1323     -0.0411     -0.0497      0.0132      0.0006   0.0007   0.0026
2019.1347     -0.0405     -0.0496      0.0091      0.0006   0.0007   0.0026
2019.1513     -0.0387     -0.0498      0.0098      0.0006   0.0008   0.0028
2019.1595     -0.0408     -0.0493      0.0153      0.0006   0.0008   0.0027
2019.1679     -0.0389     -0.0505      0.0121      0.0006   0.0007   0.0026
2019.1703     -0.0403     -0.0503      0.0141      0.0006   0.0007   0.0025
2019.1761     -0.0390     -0.0492      0.0149      0.0006   0.0007   0.0026
2019.1785     -0.0388     -0.0472      0.0069      0.0006   0.0007   0.0026
2019.1870     -0.0399     -0.0487      0.0064      0.0006   0.0007   0.0026
2019.1896     -0.0390     -0.0493      0.0124      0.0006   0.0007   0.0024
2019.1923     -0.0391     -0.0473      0.0157      0.0006   0.0007   0.0024
2019.1951     -0.0393     -0.0493      0.0164      0.0006   0.0007   0.0025
2019.1976     -0.0387     -0.0485      0.0164      0.0006   0.0007   0.0026
2019.2062     -0.0390     -0.0478      0.0206      0.0006   0.0007   0.0027
2019.2088     -0.0415     -0.0500      0.0092      0.0006   0.0007   0.0024
2019.2115     -0.0396     -0.0490      0.0086      0.0006   0.0007   0.0026
2019.2142     -0.0389     -0.0507      0.0108      0.0006   0.0007   0.0025
2019.2168     -0.0404     -0.0501      0.0101      0.0006   0.0007   0.0026
2019.2281     -0.0397     -0.0473      0.0102      0.0006   0.0007   0.0026
2019.2307     -0.0388     -0.0489      0.0123      0.0006   0.0007   0.0026
2019.2334     -0.0377     -0.0483      0.0096      0.0006   0.0007   0.0025
2019.2360     -0.0367     -0.0491      0.0062      0.0006   0.0007   0.0026
2019.2445     -0.0383     -0.0486      0.0135      0.0006   0.0008   0.0027
2019.2471     -0.0401     -0.0475      0.0049      0.0006   0.0007   0.0026
2019.2498     -0.0400     -0.0506      0.0036      0.0006   0.0007   0.0026
2019.2526     -0.0375     -0.0487      0.0127      0.0006   0.0007   0.0027
2019.2551     -0.0378     -0.0490      0.0169      0.0006   0.0007   0.0026
2019.2637     -0.0397     -0.0509      0.0115      0.0006   0.0007   0.0027
2019.2663     -0.0401     -0.0496      0.0103      0.0006   0.0007   0.0025
2019.2690     -0.0388     -0.0490      0.0078      0.0006   0.0007   0.0026
2019.2717     -0.0400     -0.0471      0.0071      0.0006   0.0007   0.0027
2019.2743     -0.0390     -0.0497      0.0118      0.0006   0.0007   0.0026
2019.2828     -0.0353     -0.0474      0.0222      0.0006   0.0007   0.0027
2019.2854     -0.0364     -0.0501      0.0087      0.0006   0.0007   0.0025
2019.2880     -0.0351     -0.0484      0.0085      0.0006   0.0007   0.0027
2019.3020     -0.0428     -0.0478      0.0189      0.0006   0.0007   0.0028
2019.3046     -0.0396     -0.0471      0.0141      0.0006   0.0007   0.0026
2019.3073     -0.0386     -0.0467      0.0127      0.0006   0.0007   0.0026
2019.3099     -0.0396     -0.0464      0.0127      0.0006   0.0007   0.0026
2019.3212     -0.0378     -0.0456      0.0159      0.0006   0.0007   0.0028
2019.3236     -0.0371     -0.0439      0.0114      0.0006   0.0007   0.0027
2019.3292     -0.0389     -0.0454      0.0139      0.0006   0.0008   0.0028
2019.3403     -0.0378     -0.0461      0.0179      0.0006   0.0007   0.0027
2019.3429     -0.0393     -0.0442      0.0136      0.0006   0.0007   0.0026
2019.3456     -0.0399     -0.0446      0.0194      0.0006   0.0007   0.0027
2019.3482     -0.0405     -0.0474      0.0136      0.0006   0.0008   0.0028
2019.3622     -0.0385     -0.0438      0.0129      0.0006   0.0007   0.0026
2019.3648     -0.0384     -0.0446      0.0064      0.0006   0.0007   0.0027
2019.3676     -0.0339     -0.0477      0.0020      0.0006   0.0007   0.0027
2019.3701     -0.0390     -0.0461      0.0087      0.0006   0.0007   0.0027
2019.3787     -0.0385     -0.0457      0.0241      0.0006   0.0007   0.0027
2019.3811     -0.0404     -0.0429      0.0135      0.0006   0.0007   0.0027
2019.3869     -0.0372     -0.0430      0.0104      0.0006   0.0007   0.0026
2019.3893     -0.0355     -0.0432      0.0105      0.0006   0.0007   0.0026
2019.3978     -0.0388     -0.0457      0.0112      0.0006   0.0007   0.0027
2019.4004     -0.0398     -0.0427      0.0015      0.0006   0.0007   0.0025
2019.4031     -0.0384     -0.0418      0.0074      0.0006   0.0007   0.0027
2019.4059     -0.0390     -0.0428      0.0040      0.0006   0.0007   0.0025
2019.4084     -0.0390     -0.0430      0.0062      0.0006   0.0007   0.0026
2019.4196     -0.0395     -0.0435      0.0063      0.0006   0.0007   0.0027
2019.4223     -0.0366     -0.0413      0.0122      0.0013   0.0015   0.0066
2019.4252     -0.0393     -0.0434      0.0016      0.0006   0.0007   0.0027
2019.4276     -0.0388     -0.0435      0.0040      0.0006   0.0007   0.0028
2019.4362     -0.0377     -0.0424      0.0046      0.0006   0.0007   0.0026
2019.4386     -0.0373     -0.0432      0.0120      0.0006   0.0007   0.0027
2019.4444     -0.0374     -0.0416      0.0046      0.0006   0.0008   0.0027
2019.4468     -0.0391     -0.0430     -0.0009      0.0006   0.0007   0.0027
2019.4553     -0.0398     -0.0437      0.0003      0.0006   0.0008   0.0028
2019.4579     -0.0384     -0.0450      0.0004      0.0006   0.0007   0.0025
2019.4606     -0.0414     -0.0436      0.0038      0.0006   0.0007   0.0026
2019.4634     -0.0398     -0.0422      0.0040      0.0006   0.0007   0.0027
2019.4659     -0.0410     -0.0446      0.0073      0.0006   0.0008   0.0028
2019.4800     -0.0368     -0.0430      0.0067      0.0006   0.0007   0.0026
2019.4824     -0.0381     -0.0422      0.0017      0.0006   0.0007   0.0027
2019.4991     -0.0384     -0.0421      0.0049      0.0006   0.0007   0.0026
2019.5017     -0.0381     -0.0412      0.0035      0.0006   0.0007   0.0026
2019.5043     -0.0367     -0.0403      0.0060      0.0006   0.0007   0.0027
2019.5128     -0.0376     -0.0394      0.0173      0.0006   0.0008   0.0027
2019.5154     -0.0366     -0.0427      0.0021      0.0006   0.0007   0.0026
2019.5181     -0.0382     -0.0421      0.0040      0.0006   0.0007   0.0026
2019.5209     -0.0365     -0.0412      0.0044      0.0006   0.0007   0.0025
2019.5234     -0.0380     -0.0437      0.0046      0.0006   0.0008   0.0028
2019.5320     -0.0377     -0.0424     -0.0025      0.0006   0.0008   0.0027
2019.5346     -0.0420     -0.0419      0.0023      0.0006   0.0008   0.0027
2019.5373     -0.0374     -0.0436     -0.0032      0.0006   0.0007   0.0025
2019.5400     -0.0395     -0.0424      0.0028      0.0006   0.0007   0.0025
2019.5426     -0.0390     -0.0429     -0.0001      0.0006   0.0007   0.0027
2019.5512     -0.0385     -0.0403      0.0068      0.0006   0.0007   0.0026
2019.5537     -0.0370     -0.0421      0.0048      0.0006   0.0007   0.0026
2019.5565     -0.0358     -0.0400      0.0054      0.0006   0.0007   0.0026
2019.5592     -0.0384     -0.0401      0.0078      0.0006   0.0007   0.0027
2019.5619     -0.0376     -0.0439      0.0037      0.0006   0.0007   0.0025
2019.5645     -0.0368     -0.0434      0.0002      0.0006   0.0007   0.0027
2019.5703     -0.0386     -0.0433     -0.0008      0.0006   0.0007   0.0026
2019.5729     -0.0386     -0.0456      0.0053      0.0006   0.0007   0.0026
2019.5756     -0.0387     -0.0431      0.0009      0.0006   0.0007   0.0025
2019.5784     -0.0373     -0.0433      0.0029      0.0006   0.0007   0.0026
2019.5809     -0.0376     -0.0416      0.0095      0.0006   0.0008   0.0028
2019.5895     -0.0387     -0.0427      0.0097      0.0006   0.0007   0.0026
2019.5919     -0.0387     -0.0436      0.0081      0.0006   0.0008   0.0028
2019.5977     -0.0351     -0.0466      0.0092      0.0007   0.0008   0.0030
2019.6001     -0.0379     -0.0422      0.0072      0.0006   0.0008   0.0028
2019.6087     -0.0381     -0.0431      0.0039      0.0006   0.0008   0.0028
2019.6112     -0.0342     -0.0434      0.0079      0.0006   0.0007   0.0026
2019.6140     -0.0368     -0.0433      0.0094      0.0006   0.0007   0.0027
2019.6167     -0.0376     -0.0422      0.0187      0.0006   0.0007   0.0025
2019.6193     -0.0381     -0.0438      0.0081      0.0006   0.0007   0.0026
2019.6360     -0.0386     -0.0440      0.0055      0.0006   0.0007   0.0027
2019.6384     -0.0379     -0.0407      0.0047      0.0006   0.0007   0.0026
2019.6470     -0.0351     -0.0437     -0.0061      0.0006   0.0008   0.0028
2019.6496     -0.0355     -0.0454     -0.0045      0.0006   0.0007   0.0025
2019.6523     -0.0361     -0.0435      0.0043      0.0006   0.0007   0.0025
2019.6550     -0.0340     -0.0457      0.0015      0.0006   0.0007   0.0026
2019.6576     -0.0353     -0.0441      0.0015      0.0006   0.0008   0.0026
2019.6661     -0.0347     -0.0438      0.0119      0.0006   0.0008   0.0028
2019.6687     -0.0348     -0.0408      0.0016      0.0006   0.0007   0.0027
2019.6715     -0.0324     -0.0462      0.0041      0.0006   0.0007   0.0026
2019.6742     -0.0335     -0.0424     -0.0015      0.0006   0.0007   0.0025
2019.6767     -0.0345     -0.0427      0.0073      0.0006   0.0007   0.0027
2019.6853     -0.0360     -0.0410     -0.0032      0.0006   0.0007   0.0026
2019.6879     -0.0343     -0.0419      0.0038      0.0006   0.0007   0.0026
2019.6906     -0.0339     -0.0437      0.0010      0.0006   0.0007   0.0026
2019.6934     -0.0337     -0.0440      0.0024      0.0006   0.0007   0.0025
2019.6959     -0.0332     -0.0449      0.0162      0.0006   0.0008   0.0027
2019.7043     -0.0336     -0.0440      0.0068      0.0006   0.0008   0.0029
2019.7100     -0.0340     -0.0431      0.0030      0.0006   0.0007   0.0027
2019.7123     -0.0347     -0.0440      0.0073      0.0006   0.0008   0.0027
2019.7236     -0.0351     -0.0441      0.0052      0.0006   0.0007   0.0025
2019.7262     -0.0345     -0.0409      0.0060      0.0006   0.0007   0.0025
2019.7288     -0.0353     -0.0450      0.0069      0.0006   0.0007   0.0027
2020.2219     -0.0299     -0.0359      0.0127      0.0006   0.0007   0.0027
2020.2243     -0.0301     -0.0361      0.0120      0.0006   0.0007   0.0026
2020.2656     -0.0308     -0.0363      0.0193      0.0007   0.0008   0.0028
2020.5176     -0.0288     -0.0317      0.0060      0.0006   0.0007   0.0026
2020.5200     -0.0307     -0.0313      0.0046      0.0006   0.0008   0.0027
2020.5286     -0.0292     -0.0299      0.0001      0.0006   0.0008   0.0026
2020.5311     -0.0275     -0.0303      0.0068      0.0006   0.0007   0.0024
2020.5339     -0.0265     -0.0286      0.0051      0.0006   0.0007   0.0026
2020.5364     -0.0278     -0.0291      0.0046      0.0006   0.0007   0.0026
2020.5804     -0.0277     -0.0291      0.0038      0.0007   0.0008   0.0028
2020.5861     -0.0304     -0.0296      0.0041      0.0006   0.0007   0.0027
2020.5886     -0.0290     -0.0293      0.0103      0.0006   0.0007   0.0026
2020.5914     -0.0297     -0.0294      0.0074      0.0006   0.0007   0.0026
2020.5939     -0.0311     -0.0286      0.0039      0.0006   0.0008   0.0026
2020.5998     -0.0269     -0.0296      0.0055      0.0006   0.0007   0.0027
2020.6022     -0.0274     -0.0297      0.0063      0.0006   0.0007   0.0026
2020.6105     -0.0279     -0.0297      0.0052      0.0007   0.0008   0.0029
2020.6271     -0.0280     -0.0307     -0.0071      0.0006   0.0008   0.0028
2020.6297     -0.0255     -0.0296      0.0092      0.0006   0.0007   0.0027
2020.6324     -0.0268     -0.0301      0.0049      0.0006   0.0007   0.0026
2020.6350     -0.0250     -0.0286      0.0048      0.0006   0.0008   0.0026
2020.6461     -0.0274     -0.0291      0.0063      0.0006   0.0008   0.0027
2020.6518     -0.0265     -0.0292      0.0055      0.0006   0.0007   0.0026
2020.6542     -0.0273     -0.0291     -0.0015      0.0006   0.0008   0.0027
2020.6627     -0.0236     -0.0309      0.0006      0.0006   0.0007   0.0027
2020.6653     -0.0248     -0.0311      0.0038      0.0006   0.0007   0.0026
2020.6680     -0.0252     -0.0287      0.0052      0.0006   0.0007   0.0024
2020.6708     -0.0242     -0.0311      0.0017      0.0006   0.0007   0.0024
2020.6733     -0.0265     -0.0319      0.0044      0.0006   0.0007   0.0026
2020.6819     -0.0262     -0.0312      0.0058      0.0006   0.0008   0.0027
2020.6843     -0.0245     -0.0296      0.0056      0.0006   0.0008   0.0028
2020.7118     -0.0259     -0.0308      0.0025      0.0007   0.0008   0.0029
2020.7202     -0.0245     -0.0289      0.0047      0.0006   0.0007   0.0026
2020.7226     -0.0230     -0.0278      0.0073      0.0006   0.0007   0.0027
2020.7284     -0.0274     -0.0292      0.0115      0.0006   0.0008   0.0027
2020.7308     -0.0266     -0.0279      0.0048      0.0006   0.0008   0.0027
2020.7394     -0.0251     -0.0244      0.0075      0.0006   0.0007   0.0026
2020.7420     -0.0245     -0.0253      0.0114      0.0006   0.0007   0.0025
2020.7447     -0.0246     -0.0272      0.0087      0.0006   0.0007   0.0025
2020.7474     -0.0240     -0.0292      0.0030      0.0006   0.0007   0.0025
2020.7502     -0.0244     -0.0271     -0.0010      0.0006   0.0007   0.0024
2020.7527     -0.0259     -0.0259      0.0001      0.0006   0.0008   0.0027
2020.7586     -0.0258     -0.0256     -0.0027      0.0006   0.0008   0.0026
2020.7611     -0.0244     -0.0244      0.0024      0.0006   0.0007   0.0023
2020.7639     -0.0257     -0.0265     -0.0014      0.0006   0.0007   0.0025
2020.7664     -0.0276     -0.0281     -0.0038      0.0006   0.0008   0.0027
2020.7805     -0.0268     -0.0253      0.0086      0.0006   0.0008   0.0026
2020.7830     -0.0246     -0.0285      0.0140      0.0006   0.0007   0.0025
2020.7856     -0.0258     -0.0275     -0.0014      0.0006   0.0007   0.0026
2020.7969     -0.0260     -0.0278      0.0017      0.0006   0.0008   0.0026
2020.7993     -0.0256     -0.0282      0.0082      0.0006   0.0008   0.0027
2020.8049     -0.0265     -0.0267      0.0016      0.0006   0.0008   0.0026
2020.8160     -0.0252     -0.0281      0.0027      0.0006   0.0007   0.0024
2020.8186     -0.0266     -0.0275      0.0051      0.0006   0.0007   0.0024
2020.8214     -0.0243     -0.0276      0.0062      0.0006   0.0007   0.0026
2020.8241     -0.0267     -0.0254     -0.0046      0.0006   0.0007   0.0025
2020.8267     -0.0258     -0.0244     -0.0012      0.0006   0.0008   0.0027
2020.8379     -0.0244     -0.0282      0.0047      0.0006   0.0007   0.0025
2020.8405     -0.0231     -0.0264     -0.0016      0.0006   0.0007   0.0024
2020.8433     -0.0227     -0.0267     -0.0090      0.0006   0.0007   0.0024
2020.8458     -0.0226     -0.0259     -0.0076      0.0006   0.0008   0.0027
2020.8544     -0.0249     -0.0268      0.0054      0.0006   0.0007   0.0025
2020.8569     -0.0236     -0.0282      0.0054      0.0006   0.0007   0.0025
2020.8597     -0.0248     -0.0279      0.0028      0.0006   0.0007   0.0025
2020.8622     -0.0240     -0.0265     -0.0006      0.0007   0.0008   0.0028
2020.8818     -0.0233     -0.0253      0.0017      0.0006   0.0008   0.0027
2020.8841     -0.0225     -0.0259     -0.0092      0.0006   0.0008   0.0027
2020.8927     -0.0236     -0.0254      0.0044      0.0006   0.0007   0.0026
2020.8946     -0.0226     -0.0274      0.0089      0.0008   0.0009   0.0033
2020.9267     -0.0205     -0.0230      0.0054      0.0013   0.0017   0.0057
2020.9281     -0.0238     -0.0240      0.0038      0.0006   0.0007   0.0025
2020.9307     -0.0234     -0.0235      0.0014      0.0007   0.0008   0.0028
2020.9584     -0.0209     -0.0221      0.0046      0.0006   0.0008   0.0028
2020.9608     -0.0185     -0.0254      0.0127      0.0006   0.0007   0.0026
2020.9666     -0.0197     -0.0247      0.0117      0.0006   0.0007   0.0028
2020.9690     -0.0221     -0.0254      0.0080      0.0006   0.0007   0.0027
2020.9747     -0.0217     -0.0256     -0.0040      0.0006   0.0008   0.0028
2020.9831     -0.0243     -0.0232      0.0032      0.0006   0.0007   0.0026
2020.9856     -0.0210     -0.0255      0.0079      0.0006   0.0007   0.0024
2020.9884     -0.0219     -0.0238      0.0065      0.0006   0.0007   0.0023
2020.9911     -0.0235     -0.0240     -0.0003      0.0006   0.0007   0.0024
2020.9938     -0.0213     -0.0238      0.0019      0.0006   0.0007   0.0024
2020.9964     -0.0220     -0.0235      0.0086      0.0006   0.0007   0.0026
2021.0104     -0.0223     -0.0241      0.0072      0.0006   0.0007   0.0025
2021.0130     -0.0218     -0.0229      0.0051      0.0006   0.0007   0.0025
2021.0157     -0.0214     -0.0228     -0.0001      0.0006   0.0007   0.0024
2021.0183     -0.0217     -0.0242      0.0039      0.0006   0.0007   0.0026
2021.0241     -0.0214     -0.0245      0.0103      0.0006   0.0007   0.0026
2021.0267     -0.0214     -0.0251      0.0048      0.0006   0.0007   0.0024
2021.0293     -0.0208     -0.0230      0.0079      0.0006   0.0007   0.0026
2021.0376     -0.0205     -0.0229      0.0054      0.0006   0.0008   0.0027
2021.0433     -0.0225     -0.0224      0.0114      0.0006   0.0008   0.0027
2021.0457     -0.0239     -0.0214      0.0082      0.0006   0.0007   0.0027
2021.0705     -0.0220     -0.0208      0.0034      0.0006   0.0008   0.0028
2021.0760     -0.0224     -0.0235      0.0034      0.0006   0.0008   0.0027
2021.0814     -0.0221     -0.0208      0.0059      0.0006   0.0008   0.0028
2021.0898     -0.0231     -0.0211      0.0110      0.0006   0.0007   0.0026
2021.0924     -0.0220     -0.0213      0.0105      0.0006   0.0007   0.0025
2021.0950     -0.0219     -0.0224      0.0049      0.0006   0.0007   0.0027
2021.1254     -0.0196     -0.0217      0.0071      0.0006   0.0007   0.0026
2021.1280     -0.0203     -0.0223      0.0040      0.0006   0.0007   0.0024
2021.1307     -0.0192     -0.0235      0.0025      0.0006   0.0007   0.0024
2021.1333     -0.0191     -0.0237      0.0026      0.0006   0.0007   0.0026
2021.1417     -0.0216     -0.0226      0.0016      0.0006   0.0008   0.0028
2021.1554     -0.0227     -0.0220      0.0097      0.0007   0.0008   0.0028
2021.1610     -0.0209     -0.0213      0.0109      0.0006   0.0008   0.0028
2021.1634     -0.0212     -0.0217      0.0087      0.0006   0.0007   0.0026
2021.1692     -0.0202     -0.0221      0.0022      0.0006   0.0007   0.0026
2021.1716     -0.0220     -0.0226      0.0020      0.0006   0.0007   0.0026
2021.1800     -0.0210     -0.0200      0.0006      0.0006   0.0008   0.0028
2021.2021     -0.0215     -0.0219      0.0112      0.0006   0.0007   0.0026
2021.2046     -0.0197     -0.0224      0.0135      0.0006   0.0007   0.0026
2021.2074     -0.0192     -0.0220      0.0155      0.0006   0.0007   0.0025
2021.2100     -0.0210     -0.0233      0.0113      0.0006   0.0008   0.0027
2021.2212     -0.0184     -0.0201     -0.0039      0.0006   0.0007   0.0028
2021.2238     -0.0197     -0.0219      0.0002      0.0006   0.0007   0.0027
2021.2264     -0.0221     -0.0217      0.0003      0.0006   0.0008   0.0027
2021.2375     -0.0231     -0.0203      0.0158      0.0006   0.0008   0.0028
2021.2596     -0.0220     -0.0212      0.0029      0.0006   0.0007   0.0027
2021.2621     -0.0215     -0.0232      0.0101      0.0006   0.0007   0.0025
2021.2649     -0.0195     -0.0218      0.0027      0.0006   0.0007   0.0027
2021.2674     -0.0205     -0.0221      0.0117      0.0006   0.0007   0.0027
2021.2787     -0.0205     -0.0211      0.0059      0.0006   0.0007   0.0027
2021.2813     -0.0190     -0.0198      0.0070      0.0006   0.0007   0.0026
2021.2840     -0.0196     -0.0210      0.0075      0.0006   0.0007   0.0027
2021.2866     -0.0197     -0.0202      0.0075      0.0006   0.0007   0.0027
2021.2952     -0.0201     -0.0205      0.0025      0.0006   0.0007   0.0027
2021.2977     -0.0203     -0.0193      0.0066      0.0006   0.0007   0.0027
2021.3005     -0.0221     -0.0220      0.0011      0.0006   0.0007   0.0027
2021.3032     -0.0204     -0.0197      0.0030      0.0006   0.0007   0.0026
2021.3060     -0.0224     -0.0197      0.0056      0.0006   0.0007   0.0027
2021.3085     -0.0213     -0.0197      0.0044      0.0006   0.0007   0.0028
2021.3171     -0.0218     -0.0180      0.0069      0.0007   0.0007   0.0028
2021.3196     -0.0217     -0.0191      0.0018      0.0006   0.0007   0.0027
2021.3224     -0.0190     -0.0228      0.0050      0.0006   0.0007   0.0028
2021.3249     -0.0224     -0.0216      0.0013      0.0006   0.0007   0.0027
2021.3335     -0.0206     -0.0217      0.0124      0.0006   0.0007   0.0026
2021.3361     -0.0211     -0.0205      0.0078      0.0006   0.0007   0.0027
2021.3386     -0.0204     -0.0229      0.0112      0.0006   0.0008   0.0029
