# Site ID: CART00COL
# DOMES: XXXXXXXXXX
# File created: 2025-10-22T14:33:05
# Analysis Centre: ULR Consortium
# Solution code: ULR20
# Datum: IGS20 (ellipsoid: GRS80)
#
# Reference epoch: 2010.0000
# X :   1567348.6323 +/- 0.0000 m      VX :   10.84 +/- 0.08 mm/yr
# Y :  -6075293.5072 +/- 0.0000 m      VY :    7.21 +/- 0.29 mm/yr
# Z :   1142850.8362 +/- 0.0000 m      VZ :   10.02 +/- 0.10 mm/yr
#
# Latitude  :   10.39133500 degrees    VN :   10.63 +/- 0.08 mm/yr
# Longitude :  -75.53385300 degrees    VE :   12.30 +/- 0.02 mm/yr
# Height    :    4.0672 m              VU :   -2.40 +/- 0.30 mm/yr
#
#
#
#  Year      DN (m)      DE (m)      DU (m)   SDN     SDE     SDU
2000.3402    -0.0789    -0.0890     0.0212  0.0006  0.0006  0.0025
2000.3429    -0.0844    -0.0878     0.0222  0.0006  0.0007  0.0027
2000.3456    -0.0791    -0.0963     0.0255  0.0007  0.0008  0.0029
2000.3484    -0.0800    -0.0949     0.0448  0.0006  0.0007  0.0026
2000.3511    -0.0837    -0.0878     0.0404  0.0006  0.0006  0.0024
2000.3538    -0.0831    -0.0913     0.0290  0.0005  0.0006  0.0023
2000.3566    -0.0844    -0.0923     0.0349  0.0006  0.0007  0.0024
2000.3593    -0.0800    -0.0929     0.0436  0.0007  0.0008  0.0029
2000.3620    -0.0779    -0.0944     0.0268  0.0006  0.0007  0.0025
2000.3675    -0.0853    -0.0919     0.0361  0.0006  0.0007  0.0025
2000.3702    -0.0808    -0.0955     0.0259  0.0006  0.0008  0.0030
2000.3729    -0.0796    -0.0921     0.0249  0.0006  0.0006  0.0025
2000.3757    -0.0796    -0.0920     0.0309  0.0005  0.0006  0.0024
2000.3784    -0.0815    -0.0926     0.0182  0.0006  0.0007  0.0026
2000.3811    -0.0818    -0.0872     0.0287  0.0005  0.0006  0.0023
2000.3839    -0.0820    -0.0923     0.0190  0.0005  0.0006  0.0023
2000.3866    -0.0820    -0.0924     0.0313  0.0005  0.0006  0.0021
2000.3893    -0.0855    -0.0949     0.0129  0.0006  0.0007  0.0026
2000.3921    -0.0835    -0.0914     0.0286  0.0005  0.0005  0.0020
2000.3948    -0.0788    -0.0964     0.0288  0.0006  0.0007  0.0026
2000.3975    -0.0812    -0.0959     0.0296  0.0005  0.0006  0.0023
2000.4003    -0.0830    -0.0926     0.0274  0.0006  0.0006  0.0025
2000.4030    -0.0849    -0.0954     0.0153  0.0006  0.0007  0.0027
2000.4057    -0.0806    -0.0973     0.0283  0.0007  0.0008  0.0031
2000.4085    -0.0842    -0.0975     0.0117  0.0006  0.0008  0.0024
2000.4112    -0.0778    -0.0900     0.0222  0.0006  0.0007  0.0028
2000.4139    -0.0812    -0.0931     0.0100  0.0005  0.0006  0.0023
2000.4167    -0.0791    -0.0949     0.0337  0.0006  0.0007  0.0027
2000.4194    -0.0784    -0.0920     0.0246  0.0007  0.0009  0.0033
2000.4221    -0.0845    -0.0947     0.0218  0.0005  0.0006  0.0022
2000.4249    -0.0792    -0.0902     0.0358  0.0006  0.0006  0.0025
2000.4276    -0.0827    -0.0949     0.0292  0.0006  0.0007  0.0027
2000.4303    -0.0826    -0.0921     0.0278  0.0006  0.0006  0.0025
2000.4331    -0.0807    -0.0910     0.0325  0.0007  0.0008  0.0032
2000.4358    -0.0815    -0.0913     0.0136  0.0006  0.0007  0.0028
2000.4385    -0.0753    -0.0890     0.0374  0.0008  0.0009  0.0033
2000.4413    -0.0833    -0.0918     0.0316  0.0005  0.0006  0.0023
2000.4522    -0.0808    -0.0919     0.0318  0.0006  0.0007  0.0027
2000.4549    -0.0838    -0.0925     0.0235  0.0006  0.0007  0.0027
2000.4576    -0.0823    -0.0904     0.0347  0.0006  0.0007  0.0025
2000.4604    -0.0845    -0.0936     0.0190  0.0007  0.0009  0.0030
2000.4631    -0.0784    -0.0933     0.0312  0.0009  0.0011  0.0038
2000.4658    -0.0805    -0.0854     0.0158  0.0008  0.0009  0.0031
2000.4686    -0.0804    -0.0932     0.0201  0.0005  0.0006  0.0020
2000.4713    -0.0797    -0.0907     0.0301  0.0006  0.0006  0.0023
2000.4740    -0.0818    -0.1007     0.0232  0.0008  0.0009  0.0032
2000.4768    -0.0770    -0.0913     0.0302  0.0007  0.0009  0.0030
2000.4795    -0.0764    -0.0914     0.0122  0.0006  0.0008  0.0026
2000.4822    -0.0800    -0.0852     0.0167  0.0007  0.0008  0.0029
2000.4850    -0.0801    -0.0925     0.0318  0.0005  0.0006  0.0021
2000.4877    -0.0798    -0.0912     0.0164  0.0005  0.0006  0.0023
2000.4904    -0.0814    -0.0920     0.0168  0.0005  0.0006  0.0021
2000.4932    -0.0824    -0.0972     0.0227  0.0008  0.0009  0.0033
2000.4959    -0.0817    -0.0938     0.0240  0.0005  0.0006  0.0020
2000.4986    -0.0801    -0.0920     0.0220  0.0004  0.0005  0.0018
2000.5014    -0.0784    -0.0899     0.0197  0.0005  0.0008  0.0020
2000.5041    -0.0825    -0.0917     0.0252  0.0006  0.0007  0.0025
2000.5068    -0.0787    -0.0883     0.0232  0.0006  0.0007  0.0025
2000.5096    -0.0810    -0.0903     0.0220  0.0007  0.0008  0.0029
2000.5123    -0.0782    -0.0914     0.0158  0.0006  0.0007  0.0026
2000.5150    -0.0803    -0.0935     0.0197  0.0006  0.0007  0.0025
2000.5178    -0.0804    -0.0900     0.0288  0.0005  0.0005  0.0020
2000.5205    -0.0810    -0.0931     0.0267  0.0007  0.0008  0.0030
2000.5232    -0.0775    -0.0902     0.0129  0.0005  0.0006  0.0020
2000.5260    -0.0815    -0.1006     0.0214  0.0006  0.0008  0.0028
2000.5287    -0.0800    -0.0902     0.0095  0.0005  0.0006  0.0021
2000.5314    -0.0798    -0.0915     0.0271  0.0005  0.0006  0.0022
2000.5341    -0.0798    -0.0951     0.0157  0.0007  0.0008  0.0031
2000.5369    -0.0792    -0.0905     0.0240  0.0006  0.0007  0.0027
2000.5396    -0.0817    -0.0923     0.0285  0.0005  0.0006  0.0022
2000.5423    -0.0825    -0.0931     0.0103  0.0006  0.0007  0.0026
2000.5451    -0.0786    -0.0936     0.0256  0.0006  0.0006  0.0025
2000.5478    -0.0798    -0.0898     0.0129  0.0009  0.0010  0.0038
2000.5505    -0.0782    -0.0968     0.0362  0.0011  0.0012  0.0046
2000.5533    -0.0806    -0.0953     0.0166  0.0008  0.0009  0.0032
2000.5560    -0.0801    -0.0931     0.0315  0.0006  0.0007  0.0025
2000.5587    -0.0741    -0.0895     0.0347  0.0006  0.0008  0.0024
2000.5615    -0.0784    -0.0922     0.0249  0.0006  0.0007  0.0027
2000.5642    -0.0832    -0.0900     0.0235  0.0006  0.0007  0.0027
2000.5669    -0.0785    -0.0897     0.0208  0.0005  0.0006  0.0023
2000.5697    -0.0795    -0.0911     0.0260  0.0006  0.0007  0.0026
2000.5724    -0.0818    -0.0898     0.0105  0.0006  0.0007  0.0027
2000.5751    -0.0766    -0.0923     0.0296  0.0006  0.0008  0.0028
2000.5779    -0.0793    -0.0884     0.0165  0.0006  0.0006  0.0024
2000.5806    -0.0798    -0.0876     0.0205  0.0006  0.0006  0.0025
2000.5833    -0.0768    -0.0886     0.0114  0.0006  0.0007  0.0025
2000.5861    -0.0807    -0.0900     0.0261  0.0005  0.0006  0.0024
2000.5888    -0.0827    -0.0982     0.0148  0.0007  0.0009  0.0032
2000.5915    -0.0808    -0.0953     0.0281  0.0005  0.0006  0.0022
2000.5943    -0.0831    -0.0902     0.0112  0.0006  0.0007  0.0024
2000.5970    -0.0772    -0.0856     0.0121  0.0006  0.0007  0.0025
2000.5997    -0.0762    -0.0888     0.0265  0.0007  0.0008  0.0029
2000.6025    -0.0821    -0.0886     0.0205  0.0007  0.0009  0.0031
2000.6052    -0.0797    -0.0917     0.0136  0.0006  0.0007  0.0026
2000.6079    -0.0683    -0.0902     0.0289  0.0009  0.0010  0.0037
2000.6107    -0.0772    -0.0893     0.0170  0.0005  0.0007  0.0024
2000.6134    -0.0758    -0.0944     0.0128  0.0006  0.0008  0.0028
2000.6161    -0.0795    -0.0890     0.0128  0.0006  0.0007  0.0026
2000.6188    -0.0746    -0.0911     0.0294  0.0005  0.0006  0.0021
2000.6216    -0.0733    -0.0914     0.0080  0.0006  0.0008  0.0027
2000.6243    -0.0759    -0.0915     0.0214  0.0005  0.0006  0.0020
2000.6270    -0.0768    -0.0946     0.0130  0.0007  0.0010  0.0031
2000.6298    -0.0771    -0.0870     0.0325  0.0006  0.0006  0.0023
2000.6325    -0.0772    -0.0888     0.0214  0.0005  0.0006  0.0021
2000.6352    -0.0773    -0.0884     0.0244  0.0005  0.0005  0.0019
2000.6380    -0.0777    -0.0904     0.0224  0.0005  0.0006  0.0021
2000.6407    -0.0778    -0.0885     0.0169  0.0006  0.0007  0.0025
2000.6434    -0.0735    -0.0911     0.0203  0.0007  0.0008  0.0029
2000.6462    -0.0787    -0.0900     0.0303  0.0007  0.0009  0.0029
2000.6489    -0.0774    -0.1011     0.0290  0.0008  0.0010  0.0036
2000.6516    -0.0783    -0.0907     0.0258  0.0005  0.0006  0.0024
2000.6544    -0.0764    -0.0893     0.0217  0.0005  0.0006  0.0023
2000.6571    -0.0761    -0.0955     0.0207  0.0008  0.0010  0.0034
2000.6598    -0.0809    -0.0859     0.0292  0.0005  0.0007  0.0024
2000.6653    -0.0682    -0.0877     0.0272  0.0015  0.0017  0.0069
2000.6680    -0.0748    -0.0926     0.0282  0.0006  0.0007  0.0024
2000.6708    -0.0775    -0.0892     0.0249  0.0006  0.0007  0.0024
2000.6735    -0.0787    -0.0984     0.0266  0.0007  0.0009  0.0031
2000.6762    -0.0794    -0.0879     0.0164  0.0006  0.0007  0.0023
2000.6790    -0.0760    -0.0892     0.0208  0.0005  0.0006  0.0022
2000.6817    -0.0762    -0.0911     0.0385  0.0006  0.0007  0.0024
2000.6844    -0.0760    -0.0903     0.0227  0.0007  0.0008  0.0029
2000.6872    -0.0750    -0.0880     0.0204  0.0007  0.0008  0.0029
2000.6899    -0.0766    -0.0949     0.0168  0.0007  0.0009  0.0031
2000.6926    -0.0805    -0.0891     0.0195  0.0007  0.0008  0.0033
2000.6954    -0.0771    -0.0874     0.0578  0.0008  0.0009  0.0033
2000.6981    -0.0737    -0.0914     0.0263  0.0006  0.0007  0.0024
2000.7008    -0.0776    -0.0896     0.0217  0.0006  0.0007  0.0026
2000.7035    -0.0765    -0.0850     0.0321  0.0006  0.0007  0.0026
2000.7063    -0.0757    -0.0924     0.0136  0.0007  0.0009  0.0032
2000.7117    -0.0767    -0.0892     0.0198  0.0005  0.0006  0.0023
2000.7145    -0.0755    -0.0864     0.0137  0.0008  0.0009  0.0034
2000.7172    -0.0743    -0.0873     0.0134  0.0006  0.0006  0.0025
2000.7199    -0.0762    -0.0894     0.0195  0.0005  0.0006  0.0022
2000.7227    -0.0769    -0.0884     0.0141  0.0005  0.0006  0.0022
2000.7254    -0.0743    -0.0897     0.0233  0.0006  0.0007  0.0025
2000.7281    -0.0700    -0.0895     0.0196  0.0006  0.0007  0.0026
2000.7309    -0.0727    -0.0862     0.0228  0.0005  0.0006  0.0021
2000.7336    -0.0728    -0.0881     0.0218  0.0005  0.0005  0.0020
2000.7391    -0.0691    -0.0912     0.0175  0.0007  0.0008  0.0032
2000.7527    -0.0770    -0.0939     0.0151  0.0006  0.0007  0.0026
2000.7555    -0.0744    -0.0893     0.0194  0.0006  0.0006  0.0023
2000.7582    -0.0770    -0.0907     0.0216  0.0005  0.0006  0.0022
2000.7609    -0.0760    -0.0877     0.0208  0.0006  0.0007  0.0026
2000.7637    -0.0749    -0.0875     0.0211  0.0005  0.0006  0.0023
2000.7664    -0.0758    -0.0889     0.0225  0.0007  0.0008  0.0030
2000.7691    -0.0744    -0.0874     0.0260  0.0005  0.0006  0.0022
2000.7719    -0.0721    -0.0886     0.0173  0.0005  0.0006  0.0023
2000.7746    -0.0705    -0.0859     0.0267  0.0005  0.0005  0.0020
2000.7773    -0.0727    -0.0886     0.0296  0.0005  0.0006  0.0021
2000.7801    -0.0738    -0.0836     0.0180  0.0005  0.0006  0.0023
2000.7828    -0.0717    -0.0928     0.0302  0.0006  0.0007  0.0028
2000.7855    -0.0748    -0.0917     0.0320  0.0006  0.0007  0.0028
2000.7882    -0.0735    -0.0888     0.0243  0.0005  0.0006  0.0022
2000.7910    -0.0708    -0.0900     0.0261  0.0007  0.0008  0.0030
2000.7937    -0.0751    -0.0861     0.0224  0.0006  0.0007  0.0024
2000.7964    -0.0721    -0.0895     0.0290  0.0006  0.0006  0.0025
2000.7992    -0.0734    -0.0914     0.0197  0.0005  0.0005  0.0023
2000.8019    -0.0720    -0.0872     0.0136  0.0006  0.0007  0.0026
2000.8046    -0.0729    -0.0909     0.0203  0.0005  0.0006  0.0023
2000.8074    -0.0700    -0.0871     0.0150  0.0006  0.0007  0.0028
2000.8101    -0.0739    -0.0884     0.0235  0.0006  0.0007  0.0026
2000.8128    -0.0719    -0.0905     0.0237  0.0006  0.0007  0.0027
2000.8156    -0.0768    -0.0864     0.0191  0.0007  0.0008  0.0031
2000.8183    -0.0712    -0.0958     0.0509  0.0009  0.0011  0.0041
2000.8210    -0.0703    -0.0899     0.0263  0.0006  0.0007  0.0029
2000.8238    -0.0730    -0.0874     0.0256  0.0006  0.0007  0.0028
2000.8265    -0.0738    -0.0945     0.0252  0.0009  0.0010  0.0038
2000.8292    -0.0721    -0.0885     0.0158  0.0006  0.0007  0.0028
2000.8320    -0.0730    -0.0883     0.0077  0.0007  0.0008  0.0031
2000.8347    -0.0753    -0.0920     0.0125  0.0006  0.0007  0.0025
2000.8374    -0.0739    -0.0921     0.0161  0.0007  0.0007  0.0029
2000.8402    -0.0698    -0.0904     0.0455  0.0008  0.0009  0.0037
2000.8429    -0.0740    -0.0908     0.0230  0.0006  0.0007  0.0026
2000.8456    -0.0746    -0.0905     0.0140  0.0006  0.0007  0.0028
2000.8484    -0.0737    -0.0925     0.0159  0.0009  0.0011  0.0041
2000.8511    -0.0754    -0.0873     0.0158  0.0006  0.0006  0.0025
2000.8538    -0.0735    -0.0906     0.0197  0.0006  0.0007  0.0029
2000.8593    -0.0729    -0.0898     0.0262  0.0006  0.0007  0.0029
2000.8620    -0.0707    -0.0913     0.0213  0.0006  0.0007  0.0027
2000.8647    -0.0720    -0.0901     0.0189  0.0006  0.0007  0.0025
2000.8675    -0.0751    -0.0863     0.0101  0.0005  0.0006  0.0024
2000.8702    -0.0688    -0.0939     0.0257  0.0007  0.0008  0.0032
2000.8729    -0.0777    -0.0905     0.0100  0.0006  0.0007  0.0025
2000.8757    -0.0756    -0.0860     0.0218  0.0005  0.0005  0.0021
2000.8784    -0.0746    -0.0884     0.0186  0.0004  0.0005  0.0020
2000.8811    -0.0695    -0.0893     0.0215  0.0005  0.0006  0.0025
2000.8839    -0.0727    -0.0869     0.0183  0.0007  0.0008  0.0030
2000.8866    -0.0741    -0.0878     0.0234  0.0005  0.0006  0.0023
2000.8893    -0.0722    -0.0864     0.0173  0.0006  0.0008  0.0027
2000.8921    -0.0725    -0.0894     0.0141  0.0004  0.0005  0.0019
2000.8948    -0.0741    -0.0899     0.0261  0.0004  0.0005  0.0020
2000.8975    -0.0768    -0.0881     0.0071  0.0006  0.0007  0.0026
2000.9003    -0.0735    -0.0874     0.0232  0.0004  0.0005  0.0019
2000.9030    -0.0765    -0.0877     0.0156  0.0005  0.0006  0.0022
2000.9057    -0.0747    -0.0914     0.0114  0.0005  0.0006  0.0022
2000.9085    -0.0742    -0.0886     0.0157  0.0004  0.0005  0.0019
2000.9112    -0.0735    -0.0896     0.0313  0.0005  0.0006  0.0023
2000.9139    -0.0744    -0.0973     0.0229  0.0004  0.0010  0.0019
2000.9167    -0.0767    -0.0885     0.0181  0.0006  0.0007  0.0027
2000.9194    -0.0721    -0.0878     0.0201  0.0006  0.0006  0.0025
2000.9221    -0.0690    -0.0886     0.0276  0.0007  0.0009  0.0033
2000.9249    -0.0810    -0.0780     0.0235  0.0008  0.0009  0.0035
2000.9276    -0.0782    -0.0915     0.0174  0.0007  0.0008  0.0032
2000.9303    -0.0736    -0.0919     0.0306  0.0006  0.0008  0.0029
2000.9331    -0.0733    -0.0883     0.0253  0.0006  0.0007  0.0025
2000.9358    -0.0742    -0.0914     0.0231  0.0007  0.0009  0.0031
2000.9385    -0.0746    -0.0903     0.0172  0.0005  0.0006  0.0022
2000.9413    -0.0697    -0.0898     0.0241  0.0005  0.0006  0.0022
2000.9440    -0.0719    -0.0895     0.0323  0.0006  0.0007  0.0025
2000.9467    -0.0754    -0.0897     0.0182  0.0005  0.0006  0.0021
2000.9494    -0.0719    -0.0840     0.0179  0.0006  0.0007  0.0024
2000.9522    -0.0716    -0.0878     0.0284  0.0005  0.0006  0.0021
2000.9576    -0.0731    -0.0851     0.0218  0.0005  0.0006  0.0023
2000.9604    -0.0723    -0.0871     0.0445  0.0006  0.0007  0.0025
2000.9631    -0.0734    -0.0886     0.0116  0.0006  0.0007  0.0025
2000.9686    -0.0727    -0.0902     0.0397  0.0006  0.0007  0.0026
2000.9713    -0.0711    -0.0873     0.0189  0.0005  0.0006  0.0021
2000.9740    -0.0740    -0.0884     0.0306  0.0005  0.0006  0.0021
2000.9768    -0.0786    -0.0873     0.0409  0.0007  0.0008  0.0030
2000.9795    -0.0731    -0.0874     0.0253  0.0004  0.0005  0.0018
2000.9822    -0.0723    -0.0907     0.0319  0.0005  0.0006  0.0022
2000.9850    -0.0710    -0.0879     0.0347  0.0005  0.0006  0.0023
2000.9877    -0.0736    -0.0832     0.0248  0.0005  0.0006  0.0020
2000.9932    -0.0771    -0.0913     0.0368  0.0006  0.0007  0.0025
2000.9959    -0.0720    -0.0907     0.0183  0.0006  0.0007  0.0025
2000.9986    -0.0731    -0.0896     0.0124  0.0005  0.0005  0.0020
2001.0014    -0.0733    -0.0869     0.0165  0.0005  0.0005  0.0021
2001.0041    -0.0725    -0.0868     0.0251  0.0005  0.0006  0.0024
2001.0068    -0.0700    -0.0941     0.0133  0.0006  0.0007  0.0025
2001.0096    -0.0707    -0.0893     0.0192  0.0005  0.0005  0.0021
2001.0123    -0.0763    -0.0872     0.0311  0.0007  0.0008  0.0033
2001.0151    -0.0702    -0.0902     0.0293  0.0004  0.0005  0.0020
2001.0178    -0.0742    -0.0915     0.0223  0.0005  0.0005  0.0020
2001.0205    -0.0725    -0.0878     0.0232  0.0004  0.0005  0.0018
2001.0233    -0.0733    -0.0905     0.0229  0.0004  0.0005  0.0019
2001.0260    -0.0724    -0.0875     0.0225  0.0005  0.0006  0.0021
2001.0288    -0.0725    -0.0855     0.0219  0.0005  0.0005  0.0020
2001.0315    -0.0713    -0.0873     0.0207  0.0004  0.0008  0.0016
2001.0342    -0.0717    -0.0861     0.0212  0.0005  0.0006  0.0021
2001.0370    -0.0759    -0.0942     0.0317  0.0008  0.0010  0.0037
2001.0397    -0.0707    -0.0836     0.0187  0.0005  0.0005  0.0020
2001.0425    -0.0755    -0.0845     0.0127  0.0006  0.0007  0.0026
2001.0452    -0.0727    -0.0866     0.0241  0.0006  0.0007  0.0028
2001.0479    -0.0704    -0.0853     0.0193  0.0005  0.0006  0.0022
2001.0507    -0.0752    -0.0882     0.0010  0.0006  0.0007  0.0026
2001.0534    -0.0721    -0.0822     0.0480  0.0005  0.0006  0.0024
2001.0562    -0.0732    -0.0867     0.0361  0.0006  0.0007  0.0027
2001.0589    -0.0749    -0.0904     0.0337  0.0008  0.0009  0.0034
2001.0616    -0.0759    -0.0883     0.0239  0.0007  0.0008  0.0031
2001.0644    -0.0722    -0.0854     0.0194  0.0005  0.0005  0.0021
2001.0671    -0.0732    -0.0836     0.0311  0.0005  0.0006  0.0022
2001.0699    -0.0719    -0.0852     0.0330  0.0005  0.0005  0.0021
2001.0726    -0.0646    -0.0882     0.0116  0.0007  0.0008  0.0029
2001.0753    -0.0771    -0.0797     0.0276  0.0006  0.0006  0.0024
2001.0781    -0.0719    -0.0855     0.0211  0.0004  0.0005  0.0018
2001.0808    -0.0707    -0.0856     0.0261  0.0005  0.0006  0.0020
2001.0836    -0.0761    -0.0881     0.0142  0.0007  0.0008  0.0028
2001.0863    -0.0718    -0.0865     0.0335  0.0005  0.0006  0.0024
2001.0890    -0.0740    -0.0861     0.0148  0.0004  0.0005  0.0019
2001.0918    -0.0731    -0.0860     0.0140  0.0004  0.0005  0.0018
2001.0945    -0.0726    -0.0880     0.0247  0.0005  0.0006  0.0022
2001.0973    -0.0726    -0.0847     0.0118  0.0005  0.0006  0.0021
2001.1000    -0.0704    -0.0837     0.0216  0.0005  0.0005  0.0019
2001.1027    -0.0717    -0.0850     0.0067  0.0005  0.0006  0.0023
2001.1055    -0.0725    -0.0911     0.0236  0.0005  0.0007  0.0023
2001.1082    -0.0705    -0.0833     0.0288  0.0004  0.0005  0.0020
2001.1110    -0.0690    -0.0857     0.0224  0.0005  0.0006  0.0021
2001.1137    -0.0700    -0.0826     0.0230  0.0005  0.0006  0.0021
2001.1164    -0.0710    -0.0840     0.0259  0.0005  0.0005  0.0020
2001.1192    -0.0742    -0.0816     0.0146  0.0006  0.0006  0.0024
2001.1219    -0.0738    -0.0841     0.0109  0.0006  0.0006  0.0024
2001.1247    -0.0718    -0.0882     0.0222  0.0005  0.0005  0.0020
2001.1274    -0.0696    -0.0840     0.0253  0.0004  0.0006  0.0019
2001.1301    -0.0723    -0.0826     0.0353  0.0005  0.0006  0.0022
2001.1329    -0.0728    -0.0895     0.0161  0.0005  0.0006  0.0021
2001.1356    -0.0706    -0.0847     0.0128  0.0005  0.0006  0.0020
2001.1521    -0.0706    -0.0835     0.0166  0.0005  0.0006  0.0023
2001.1548    -0.0711    -0.0836     0.0147  0.0006  0.0007  0.0026
2001.1575    -0.0754    -0.0873     0.0358  0.0007  0.0009  0.0031
2001.1603    -0.0713    -0.0892     0.0278  0.0006  0.0007  0.0027
2001.1630    -0.0708    -0.0834     0.0211  0.0005  0.0006  0.0023
2001.1657    -0.0688    -0.0818     0.0013  0.0006  0.0008  0.0029
2001.1685    -0.0767    -0.0842     0.0275  0.0006  0.0007  0.0026
2001.1712    -0.0723    -0.0837     0.0162  0.0005  0.0006  0.0020
2001.1740    -0.0704    -0.0866     0.0143  0.0005  0.0007  0.0024
2001.1767    -0.0709    -0.0832     0.0186  0.0005  0.0005  0.0020
2001.1822    -0.0683    -0.0872     0.0027  0.0007  0.0008  0.0029
2001.1849    -0.0707    -0.0843     0.0304  0.0005  0.0006  0.0019
2001.1877    -0.0723    -0.0863     0.0145  0.0004  0.0005  0.0019
2001.1904    -0.0690    -0.0846     0.0156  0.0006  0.0007  0.0027
2001.1931    -0.0718    -0.0838     0.0353  0.0006  0.0007  0.0027
2001.1959    -0.0749    -0.0880     0.0248  0.0004  0.0005  0.0019
2001.1986    -0.0725    -0.0876     0.0201  0.0004  0.0005  0.0018
2001.2014    -0.0734    -0.0879     0.0248  0.0005  0.0006  0.0023
2001.2041    -0.0694    -0.0868     0.0244  0.0005  0.0005  0.0021
2001.2068    -0.0725    -0.0862     0.0192  0.0006  0.0007  0.0026
2001.2096    -0.0705    -0.0869     0.0296  0.0005  0.0005  0.0020
2001.2123    -0.0700    -0.0843     0.0149  0.0005  0.0006  0.0021
2001.2151    -0.0720    -0.0865     0.0209  0.0005  0.0005  0.0021
2001.2178    -0.0712    -0.0894     0.0045  0.0006  0.0007  0.0026
2001.2205    -0.0701    -0.0887     0.0140  0.0005  0.0005  0.0020
2001.2233    -0.0691    -0.0838     0.0326  0.0005  0.0006  0.0023
2001.2260    -0.0694    -0.0840     0.0168  0.0005  0.0006  0.0021
2001.2288    -0.0695    -0.0868     0.0017  0.0007  0.0008  0.0029
2001.2315    -0.0728    -0.0807     0.0423  0.0006  0.0007  0.0025
2001.2342    -0.0693    -0.0844     0.0031  0.0006  0.0007  0.0027
2001.2397    -0.0720    -0.0816     0.0392  0.0007  0.0008  0.0029
2001.2425    -0.0675    -0.0874    -0.0055  0.0007  0.0009  0.0033
2001.2452    -0.0708    -0.0836     0.0139  0.0005  0.0006  0.0024
2001.2479    -0.0715    -0.0824     0.0519  0.0006  0.0007  0.0026
2001.2507    -0.0679    -0.0849     0.0482  0.0007  0.0008  0.0030
2001.2534    -0.0676    -0.0823     0.0228  0.0006  0.0007  0.0027
2001.2562    -0.0692    -0.0803     0.0133  0.0005  0.0006  0.0025
2001.2589    -0.0695    -0.0858     0.0036  0.0006  0.0007  0.0029
2001.2616    -0.0694    -0.0841     0.0189  0.0005  0.0006  0.0024
2001.2644    -0.0732    -0.0836     0.0290  0.0006  0.0007  0.0030
2001.2671    -0.0677    -0.0846     0.0224  0.0005  0.0006  0.0021
2001.2699    -0.0699    -0.0813     0.0448  0.0006  0.0007  0.0027
2001.2726    -0.0674    -0.0741     0.0124  0.0005  0.0007  0.0026
2001.2753    -0.0716    -0.0795     0.0196  0.0005  0.0006  0.0022
2001.2781    -0.0719    -0.0807     0.0225  0.0005  0.0006  0.0023
2001.2808    -0.0703    -0.0811     0.0457  0.0006  0.0007  0.0029
2001.2836    -0.0696    -0.0839     0.0291  0.0006  0.0006  0.0024
2001.2863    -0.0711    -0.0771    -0.0046  0.0011  0.0012  0.0051
2001.2890    -0.0696    -0.0799     0.0408  0.0010  0.0012  0.0046
2001.2918    -0.0767    -0.0819     0.0258  0.0008  0.0009  0.0037
2001.2945    -0.0667    -0.0795     0.0178  0.0007  0.0008  0.0031
2001.2973    -0.0706    -0.0828     0.0233  0.0006  0.0007  0.0029
2001.3000    -0.0720    -0.0805     0.0175  0.0006  0.0006  0.0025
2001.3027    -0.0693    -0.0815     0.0316  0.0005  0.0006  0.0023
2001.3055    -0.0696    -0.0909     0.0376  0.0006  0.0007  0.0027
2001.3082    -0.0699    -0.0846     0.0165  0.0005  0.0006  0.0024
2001.3110    -0.0690    -0.0834     0.0133  0.0005  0.0005  0.0021
2001.3137    -0.0734    -0.0812     0.0196  0.0005  0.0006  0.0025
2001.3164    -0.0742    -0.0834     0.0199  0.0005  0.0006  0.0023
2001.3192    -0.0693    -0.0813     0.0196  0.0005  0.0006  0.0021
2001.3219    -0.0697    -0.0812     0.0177  0.0005  0.0005  0.0022
2001.3274    -0.0689    -0.0873     0.0355  0.0006  0.0007  0.0025
2001.3301    -0.0688    -0.0805     0.0019  0.0007  0.0008  0.0031
2001.3329    -0.0671    -0.0820     0.0283  0.0004  0.0005  0.0021
2001.3356    -0.0694    -0.0841     0.0288  0.0005  0.0005  0.0021
2001.3384    -0.0708    -0.0820     0.0326  0.0005  0.0006  0.0021
2001.3411    -0.0705    -0.0859     0.0257  0.0004  0.0005  0.0019
2001.3438    -0.0691    -0.0830     0.0093  0.0004  0.0005  0.0019
2001.3466    -0.0712    -0.0822     0.0253  0.0005  0.0005  0.0020
2001.3493    -0.0692    -0.0852     0.0249  0.0006  0.0006  0.0025
2001.3521    -0.0750    -0.0787     0.0270  0.0008  0.0009  0.0034
2001.3548    -0.0680    -0.0843     0.0299  0.0005  0.0005  0.0021
2001.3575    -0.0699    -0.0800     0.0203  0.0006  0.0007  0.0028
2001.3603    -0.0704    -0.0822     0.0249  0.0005  0.0006  0.0023
2001.3630    -0.0705    -0.0795     0.0141  0.0007  0.0008  0.0030
2001.3657    -0.0732    -0.0819     0.0335  0.0006  0.0007  0.0029
2001.3685    -0.0707    -0.0820     0.0205  0.0005  0.0006  0.0024
2001.3712    -0.0680    -0.0811     0.0283  0.0005  0.0006  0.0023
2001.3740    -0.0703    -0.0795     0.0345  0.0005  0.0005  0.0020
2001.3767    -0.0697    -0.0836     0.0266  0.0005  0.0006  0.0024
2001.3794    -0.0696    -0.0838     0.0192  0.0005  0.0005  0.0021
2001.3822    -0.0690    -0.0821     0.0424  0.0006  0.0007  0.0027
2001.3849    -0.0655    -0.0838     0.0164  0.0005  0.0006  0.0024
2001.3877    -0.0705    -0.0805     0.0273  0.0006  0.0006  0.0027
2001.3904    -0.0707    -0.0805     0.0456  0.0006  0.0006  0.0026
2001.3931    -0.0721    -0.0836     0.0502  0.0008  0.0009  0.0034
2001.3959    -0.0685    -0.0850     0.0268  0.0006  0.0007  0.0026
2001.3986    -0.0680    -0.0831     0.0325  0.0006  0.0007  0.0027
2001.4014    -0.0702    -0.0814     0.0312  0.0007  0.0008  0.0030
2001.4041    -0.0665    -0.0834     0.0325  0.0006  0.0007  0.0026
2001.4068    -0.0719    -0.0827     0.0368  0.0007  0.0007  0.0030
2001.4123    -0.0691    -0.0831     0.0177  0.0006  0.0007  0.0028
2001.4151    -0.0675    -0.0814     0.0329  0.0006  0.0007  0.0027
2001.4205    -0.0723    -0.0830     0.0159  0.0006  0.0007  0.0025
2001.4233    -0.0688    -0.0808     0.0168  0.0006  0.0007  0.0026
2001.4260    -0.0690    -0.0870     0.0265  0.0006  0.0008  0.0025
2001.4288    -0.0668    -0.0824     0.0240  0.0006  0.0007  0.0025
2001.4315    -0.0732    -0.0830     0.0344  0.0006  0.0007  0.0025
2001.5986    -0.0669    -0.0791     0.0342  0.0006  0.0007  0.0027
2001.6836    -0.0642    -0.0815     0.0302  0.0009  0.0011  0.0043
2001.6863    -0.0666    -0.0837     0.0236  0.0008  0.0009  0.0035
2001.6890    -0.0658    -0.0785     0.0201  0.0007  0.0008  0.0033
2001.6918    -0.0655    -0.0776     0.0303  0.0006  0.0007  0.0028
2001.6945    -0.0617    -0.0796     0.0067  0.0007  0.0008  0.0032
2001.6973    -0.0661    -0.0807     0.0194  0.0006  0.0007  0.0027
2001.7000    -0.0587    -0.0790     0.0353  0.0006  0.0007  0.0029
2001.7027    -0.0639    -0.0797     0.0322  0.0006  0.0006  0.0026
2001.7055    -0.0605    -0.0772     0.0264  0.0005  0.0005  0.0022
2001.7082    -0.0646    -0.0737     0.0183  0.0006  0.0007  0.0028
2001.7110    -0.0624    -0.0817     0.0304  0.0007  0.0008  0.0032
2001.7137    -0.0614    -0.0724     0.0316  0.0009  0.0012  0.0038
2001.7164    -0.0598    -0.0720     0.0411  0.0007  0.0008  0.0030
2001.7192    -0.0596    -0.0760     0.0228  0.0008  0.0008  0.0034
2001.7219    -0.0608    -0.0795     0.0155  0.0007  0.0008  0.0032
2001.7274    -0.0601    -0.0772     0.0239  0.0005  0.0006  0.0023
2001.7301    -0.0604    -0.0750     0.0238  0.0006  0.0006  0.0026
2001.7329    -0.0605    -0.0725     0.0391  0.0007  0.0008  0.0033
2001.7356    -0.0603    -0.0786     0.0110  0.0006  0.0007  0.0028
2001.7384    -0.0608    -0.0760     0.0147  0.0008  0.0009  0.0033
2001.7411    -0.0635    -0.0716     0.0210  0.0007  0.0009  0.0032
2001.7438    -0.0564    -0.0816     0.0168  0.0007  0.0008  0.0031
2001.7466    -0.0602    -0.0774     0.0220  0.0005  0.0006  0.0023
2001.7493    -0.0640    -0.0766     0.0228  0.0005  0.0005  0.0020
2001.7521    -0.0653    -0.0723     0.0231  0.0006  0.0007  0.0026
2001.7548    -0.0695    -0.0787     0.0280  0.0007  0.0007  0.0029
2001.7575    -0.0634    -0.0795    -0.0028  0.0008  0.0009  0.0036
2001.7603    -0.0622    -0.0776    -0.0013  0.0007  0.0008  0.0030
2001.7630    -0.0646    -0.0836     0.0161  0.0008  0.0009  0.0035
2001.7657    -0.0636    -0.0804     0.0248  0.0006  0.0007  0.0028
2001.7685    -0.0646    -0.0799     0.0086  0.0005  0.0006  0.0023
2001.7712    -0.0654    -0.0789     0.0142  0.0005  0.0006  0.0023
2001.7740    -0.0645    -0.0790     0.0132  0.0006  0.0006  0.0025
2001.7767    -0.0625    -0.0770     0.0311  0.0008  0.0009  0.0036
2001.7794    -0.0597    -0.0693     0.0069  0.0006  0.0006  0.0024
2001.7877    -0.0613    -0.0791     0.0235  0.0006  0.0007  0.0026
2001.7904    -0.0667    -0.0775     0.0097  0.0008  0.0009  0.0033
2001.7959    -0.0643    -0.0766     0.0077  0.0007  0.0008  0.0033
2001.8014    -0.0654    -0.0813     0.0111  0.0005  0.0006  0.0024
2001.8041    -0.0607    -0.0747     0.0399  0.0007  0.0009  0.0034
2001.8068    -0.0625    -0.0845     0.0248  0.0007  0.0010  0.0034
2001.8096    -0.0617    -0.0834     0.0245  0.0006  0.0008  0.0029
2001.8123    -0.0652    -0.0833     0.0405  0.0008  0.0010  0.0038
2001.8151    -0.0618    -0.0736     0.0103  0.0005  0.0006  0.0025
2001.8178    -0.0645    -0.0727     0.0265  0.0006  0.0007  0.0026
2001.8205    -0.0649    -0.0767    -0.0057  0.0006  0.0007  0.0026
2001.8233    -0.0659    -0.0791     0.0280  0.0010  0.0011  0.0046
2001.8260    -0.0643    -0.0810     0.0212  0.0005  0.0006  0.0021
2001.8288    -0.0633    -0.0830     0.0055  0.0006  0.0007  0.0029
2001.8315    -0.0641    -0.0736     0.0208  0.0008  0.0009  0.0039
2001.8342    -0.0638    -0.0743     0.0110  0.0006  0.0007  0.0028
2001.8370    -0.0607    -0.0791     0.0234  0.0006  0.0007  0.0028
2001.8397    -0.0593    -0.0767     0.0200  0.0008  0.0008  0.0035
2001.8425    -0.0637    -0.0785     0.0209  0.0006  0.0006  0.0026
2001.8452    -0.0634    -0.0744     0.0263  0.0006  0.0007  0.0027
2001.8479    -0.0642    -0.0752     0.0067  0.0007  0.0009  0.0035
2001.8507    -0.0621    -0.0742     0.0215  0.0005  0.0006  0.0022
2001.8534    -0.0629    -0.0727     0.0384  0.0009  0.0011  0.0041
2001.8562    -0.0613    -0.0751     0.0092  0.0006  0.0007  0.0029
2001.8589    -0.0601    -0.0774     0.0288  0.0006  0.0008  0.0028
2001.8616    -0.0591    -0.0784     0.0172  0.0005  0.0006  0.0024
2001.8644    -0.0618    -0.0765     0.0174  0.0005  0.0006  0.0021
2001.8671    -0.0644    -0.0753     0.0154  0.0006  0.0007  0.0027
2001.8699    -0.0640    -0.0764     0.0204  0.0006  0.0008  0.0027
2001.8726    -0.0622    -0.0759     0.0176  0.0006  0.0007  0.0026
2001.8753    -0.0620    -0.0746     0.0344  0.0006  0.0008  0.0029
2001.8781    -0.0636    -0.0760     0.0275  0.0006  0.0007  0.0028
2001.8808    -0.0676    -0.0807     0.0144  0.0006  0.0007  0.0028
2001.8836    -0.0644    -0.0758     0.0236  0.0005  0.0006  0.0024
2001.8863    -0.0588    -0.0821     0.0244  0.0006  0.0006  0.0024
2001.8890    -0.0588    -0.0705     0.0468  0.0008  0.0010  0.0037
2001.8918    -0.0606    -0.0834     0.0188  0.0008  0.0009  0.0035
2001.8945    -0.0615    -0.0788     0.0058  0.0006  0.0007  0.0026
2001.9000    -0.0561    -0.0787     0.0031  0.0008  0.0009  0.0036
2001.9027    -0.0614    -0.0829     0.0489  0.0009  0.0011  0.0042
2001.9055    -0.0629    -0.0762     0.0084  0.0005  0.0006  0.0025
2001.9082    -0.0609    -0.0808     0.0055  0.0008  0.0009  0.0036
2001.9110    -0.0638    -0.0758     0.0180  0.0005  0.0006  0.0023
2001.9137    -0.0616    -0.0806     0.0111  0.0006  0.0007  0.0024
2001.9164    -0.0638    -0.0788     0.0107  0.0006  0.0008  0.0029
2001.9192    -0.0604    -0.0784     0.0148  0.0006  0.0007  0.0025
2001.9219    -0.0639    -0.0798    -0.0042  0.0007  0.0008  0.0030
2001.9247    -0.0644    -0.0757     0.0200  0.0008  0.0010  0.0037
2001.9274    -0.0577    -0.0747     0.0062  0.0007  0.0008  0.0031
2001.9301    -0.0654    -0.0762     0.0207  0.0006  0.0006  0.0025
2001.9329    -0.0636    -0.0732     0.0140  0.0005  0.0006  0.0024
2001.9356    -0.0590    -0.0788     0.0261  0.0009  0.0010  0.0039
2001.9384    -0.0582    -0.0773     0.0116  0.0006  0.0006  0.0024
2001.9411    -0.0597    -0.0810     0.0164  0.0008  0.0008  0.0032
2001.9466    -0.0604    -0.0794     0.0157  0.0005  0.0006  0.0023
2001.9521    -0.0597    -0.0737     0.0273  0.0007  0.0008  0.0030
2001.9548    -0.0659    -0.0756     0.0073  0.0006  0.0008  0.0028
2001.9575    -0.0608    -0.0764     0.0026  0.0010  0.0012  0.0044
2001.9603    -0.0633    -0.0829     0.0310  0.0005  0.0006  0.0024
2001.9630    -0.0629    -0.0811     0.0466  0.0006  0.0007  0.0026
2001.9657    -0.0582    -0.0843     0.0108  0.0006  0.0008  0.0028
2001.9685    -0.0596    -0.0773     0.0142  0.0006  0.0006  0.0024
2001.9740    -0.0607    -0.0805     0.0297  0.0006  0.0007  0.0028
2001.9822    -0.0583    -0.0762     0.0211  0.0005  0.0005  0.0021
2001.9849    -0.0607    -0.0733     0.0264  0.0006  0.0007  0.0029
2001.9877    -0.0640    -0.0798     0.0365  0.0006  0.0007  0.0028
2001.9904    -0.0631    -0.0709     0.0154  0.0007  0.0007  0.0029
2001.9931    -0.0618    -0.0741     0.0359  0.0006  0.0006  0.0024
2002.0014    -0.0592    -0.0800     0.0200  0.0006  0.0007  0.0029
2002.0041    -0.0629    -0.0775     0.0196  0.0006  0.0007  0.0028
2002.0068    -0.0602    -0.0739     0.0254  0.0006  0.0007  0.0025
2002.0096    -0.0630    -0.0799     0.0167  0.0007  0.0008  0.0030
2002.0123    -0.0617    -0.0745     0.0107  0.0006  0.0007  0.0028
2002.0151    -0.0626    -0.0745     0.0316  0.0005  0.0005  0.0023
2002.0178    -0.0615    -0.0750     0.0345  0.0005  0.0006  0.0025
2002.0205    -0.0597    -0.0781     0.0318  0.0007  0.0008  0.0030
2002.0233    -0.0606    -0.0731     0.0270  0.0006  0.0007  0.0027
2002.0260    -0.0592    -0.0698     0.0102  0.0007  0.0008  0.0034
2002.0288    -0.0612    -0.0773     0.0249  0.0006  0.0007  0.0026
2002.0315    -0.0601    -0.0725     0.0349  0.0005  0.0006  0.0022
2002.0342    -0.0624    -0.0773     0.0216  0.0005  0.0006  0.0024
2002.0370    -0.0611    -0.0753     0.0142  0.0005  0.0005  0.0021
2002.0397    -0.0632    -0.0741    -0.0035  0.0009  0.0009  0.0039
2002.0452    -0.0573    -0.0746     0.0196  0.0006  0.0007  0.0028
2002.0479    -0.0594    -0.0731     0.0309  0.0006  0.0006  0.0024
2002.0507    -0.0609    -0.0746     0.0254  0.0005  0.0006  0.0022
2002.0534    -0.0641    -0.0751     0.0374  0.0006  0.0007  0.0024
2002.0562    -0.0630    -0.0729     0.0254  0.0006  0.0007  0.0025
2002.0589    -0.0616    -0.0716     0.0315  0.0006  0.0007  0.0026
2002.0616    -0.0606    -0.0736     0.0147  0.0004  0.0005  0.0019
2002.0644    -0.0581    -0.0727     0.0303  0.0004  0.0005  0.0019
2002.0671    -0.0570    -0.0762     0.0250  0.0005  0.0007  0.0024
2002.0699    -0.0590    -0.0735     0.0306  0.0006  0.0006  0.0025
2002.0726    -0.0551    -0.0769     0.0164  0.0005  0.0006  0.0023
2002.0753    -0.0607    -0.0768     0.0204  0.0004  0.0006  0.0019
2002.0781    -0.0595    -0.0727     0.0059  0.0005  0.0006  0.0023
2002.0808    -0.0596    -0.0734     0.0188  0.0004  0.0005  0.0018
2002.0863    -0.0604    -0.0678     0.0201  0.0005  0.0005  0.0021
2002.1027    -0.0614    -0.0708     0.0142  0.0005  0.0006  0.0024
2002.1137    -0.0637    -0.0640     0.0145  0.0005  0.0008  0.0024
2002.1219    -0.0622    -0.0667     0.0305  0.0007  0.0008  0.0030
2002.1411    -0.0592    -0.0735     0.0206  0.0006  0.0007  0.0026
2002.1740    -0.0640    -0.0717     0.0207  0.0007  0.0009  0.0033
2002.1822    -0.0586    -0.0786     0.0074  0.0006  0.0007  0.0028
2002.1849    -0.0602    -0.0725     0.0074  0.0005  0.0006  0.0023
2002.1877    -0.0585    -0.0743     0.0062  0.0005  0.0005  0.0021
2002.1904    -0.0605    -0.0714     0.0105  0.0005  0.0006  0.0021
2002.1931    -0.0578    -0.0732     0.0160  0.0005  0.0005  0.0021
2002.1959    -0.0593    -0.0766     0.0133  0.0006  0.0006  0.0025
2002.1986    -0.0600    -0.0744     0.0183  0.0005  0.0005  0.0021
2002.2671    -0.0554    -0.0754     0.0206  0.0013  0.0014  0.0054
2002.2699    -0.0581    -0.0673     0.0058  0.0008  0.0009  0.0036
2002.2726    -0.0601    -0.0737     0.0194  0.0008  0.0010  0.0036
2002.2753    -0.0586    -0.0655     0.0136  0.0006  0.0007  0.0028
2002.2781    -0.0619    -0.0704     0.0180  0.0004  0.0005  0.0020
2002.2808    -0.0608    -0.0711     0.0204  0.0005  0.0006  0.0025
2002.2836    -0.0626    -0.0730     0.0189  0.0005  0.0006  0.0023
2002.2863    -0.0604    -0.0751     0.0128  0.0005  0.0006  0.0024
2002.2918    -0.0615    -0.0683     0.0226  0.0006  0.0007  0.0029
2002.2945    -0.0608    -0.0727     0.0172  0.0006  0.0006  0.0026
2002.2973    -0.0602    -0.0706     0.0278  0.0005  0.0005  0.0022
2002.3000    -0.0609    -0.0677     0.0153  0.0005  0.0006  0.0024
2002.3027    -0.0628    -0.0677     0.0351  0.0005  0.0006  0.0023
2002.3055    -0.0623    -0.0698     0.0218  0.0005  0.0006  0.0022
2002.3082    -0.0599    -0.0693     0.0262  0.0005  0.0005  0.0022
2002.3110    -0.0620    -0.0715     0.0318  0.0005  0.0006  0.0024
2002.3164    -0.0595    -0.0727     0.0258  0.0006  0.0006  0.0026
2002.3192    -0.0613    -0.0673     0.0251  0.0005  0.0006  0.0023
2002.3219    -0.0607    -0.0692     0.0299  0.0005  0.0007  0.0025
2002.3247    -0.0595    -0.0704     0.0172  0.0006  0.0008  0.0028
2002.3274    -0.0614    -0.0686     0.0246  0.0005  0.0006  0.0021
2002.3301    -0.0602    -0.0670     0.0330  0.0007  0.0008  0.0030
2002.3329    -0.0632    -0.0684     0.0260  0.0005  0.0006  0.0024
2002.3356    -0.0593    -0.0645     0.0159  0.0006  0.0007  0.0028
2002.3384    -0.0636    -0.0735     0.0144  0.0006  0.0006  0.0026
2002.3411    -0.0612    -0.0684     0.0222  0.0005  0.0006  0.0023
2002.3438    -0.0617    -0.0717     0.0248  0.0005  0.0006  0.0023
2002.3466    -0.0608    -0.0696     0.0193  0.0005  0.0006  0.0023
2002.3877    -0.0595    -0.0728     0.0255  0.0006  0.0007  0.0026
2002.3904    -0.0577    -0.0731     0.0270  0.0007  0.0008  0.0033
2003.0014    -0.0487    -0.0627     0.0204  0.0004  0.0005  0.0020
2003.0041    -0.0501    -0.0617     0.0214  0.0004  0.0005  0.0021
2003.0068    -0.0519    -0.0601     0.0400  0.0006  0.0007  0.0027
2003.0096    -0.0482    -0.0654     0.0146  0.0005  0.0006  0.0023
2003.0123    -0.0473    -0.0643     0.0224  0.0005  0.0006  0.0024
2003.0151    -0.0453    -0.0636     0.0270  0.0006  0.0007  0.0028
2003.0233    -0.0536    -0.0594    -0.0046  0.0009  0.0014  0.0043
2003.0260    -0.0485    -0.0631     0.0174  0.0005  0.0005  0.0022
2003.0288    -0.0488    -0.0627     0.0210  0.0005  0.0005  0.0023
2003.0315    -0.0484    -0.0630     0.0201  0.0005  0.0005  0.0021
2003.0342    -0.0483    -0.0622     0.0178  0.0005  0.0006  0.0024
2003.0370    -0.0508    -0.0613     0.0144  0.0005  0.0005  0.0022
2003.0397    -0.0464    -0.0642     0.0103  0.0004  0.0005  0.0020
2003.0425    -0.0497    -0.0630     0.0157  0.0005  0.0006  0.0024
2003.0452    -0.0497    -0.0632     0.0129  0.0005  0.0006  0.0025
2003.0479    -0.0464    -0.0607     0.0125  0.0005  0.0006  0.0022
2003.0507    -0.0456    -0.0636     0.0136  0.0005  0.0006  0.0022
2003.0534    -0.0499    -0.0624     0.0228  0.0005  0.0006  0.0024
2003.0562    -0.0470    -0.0620     0.0178  0.0005  0.0006  0.0023
2003.0589    -0.0500    -0.0629     0.0374  0.0005  0.0006  0.0024
2003.0616    -0.0450    -0.0618     0.0147  0.0005  0.0006  0.0025
2003.0644    -0.0457    -0.0548     0.0172  0.0005  0.0007  0.0025
2003.0671    -0.0489    -0.0600     0.0430  0.0006  0.0007  0.0026
2003.0699    -0.0456    -0.0582     0.0161  0.0004  0.0005  0.0020
2003.0726    -0.0468    -0.0607     0.0217  0.0006  0.0007  0.0025
2003.0753    -0.0466    -0.0592     0.0259  0.0006  0.0007  0.0026
2003.0781    -0.0491    -0.0601     0.0130  0.0005  0.0007  0.0024
2003.0808    -0.0474    -0.0597     0.0231  0.0005  0.0006  0.0022
2003.0836    -0.0500    -0.0606     0.0147  0.0005  0.0007  0.0024
2003.0863    -0.0489    -0.0641     0.0113  0.0005  0.0006  0.0023
2003.0890    -0.0483    -0.0613     0.0268  0.0006  0.0007  0.0029
2003.0918    -0.0477    -0.0576     0.0273  0.0005  0.0006  0.0024
2003.0945    -0.0492    -0.0596     0.0308  0.0005  0.0006  0.0024
2003.0973    -0.0473    -0.0604     0.0268  0.0005  0.0006  0.0025
2003.1000    -0.0464    -0.0579     0.0170  0.0006  0.0007  0.0031
2003.1027    -0.0484    -0.0637     0.0145  0.0005  0.0006  0.0024
2003.1055    -0.0485    -0.0581     0.0200  0.0005  0.0006  0.0025
2003.1082    -0.0474    -0.0583     0.0223  0.0005  0.0006  0.0026
2003.1110    -0.0471    -0.0593     0.0190  0.0005  0.0006  0.0026
2003.1137    -0.0464    -0.0594     0.0067  0.0006  0.0007  0.0027
2003.1164    -0.0459    -0.0594     0.0186  0.0005  0.0006  0.0021
2003.1192    -0.0469    -0.0616     0.0215  0.0005  0.0006  0.0023
2003.1247    -0.0460    -0.0611     0.0221  0.0004  0.0010  0.0020
2003.1274    -0.0461    -0.0600     0.0141  0.0006  0.0006  0.0027
2003.1301    -0.0482    -0.0608     0.0211  0.0007  0.0009  0.0036
2003.1329    -0.0474    -0.0605     0.0293  0.0005  0.0006  0.0026
2003.1356    -0.0434    -0.0571     0.0180  0.0005  0.0006  0.0025
2003.1384    -0.0463    -0.0612     0.0286  0.0004  0.0005  0.0020
2003.1411    -0.0452    -0.0622     0.0165  0.0005  0.0006  0.0023
2003.1438    -0.0466    -0.0613     0.0235  0.0004  0.0005  0.0018
2003.1466    -0.0502    -0.0579     0.0226  0.0006  0.0007  0.0025
2003.1493    -0.0445    -0.0594     0.0186  0.0005  0.0006  0.0021
2003.1521    -0.0466    -0.0614     0.0268  0.0004  0.0005  0.0020
2003.1548    -0.0445    -0.0620     0.0264  0.0005  0.0006  0.0022
2003.1575    -0.0465    -0.0628     0.0113  0.0006  0.0007  0.0029
2003.1603    -0.0473    -0.0616     0.0292  0.0005  0.0007  0.0025
2003.1630    -0.0442    -0.0599     0.0267  0.0005  0.0005  0.0022
2003.1657    -0.0445    -0.0612     0.0260  0.0005  0.0005  0.0022
2003.1685    -0.0454    -0.0602     0.0287  0.0005  0.0006  0.0022
2003.1712    -0.0456    -0.0593     0.0190  0.0005  0.0006  0.0024
2003.1740    -0.0454    -0.0581     0.0323  0.0005  0.0006  0.0024
2003.1767    -0.0503    -0.0579     0.0152  0.0005  0.0006  0.0023
2003.1794    -0.0468    -0.0605     0.0272  0.0005  0.0006  0.0023
2003.1822    -0.0459    -0.0609     0.0204  0.0005  0.0006  0.0022
2003.1849    -0.0460    -0.0609     0.0210  0.0005  0.0006  0.0023
2003.1877    -0.0473    -0.0643     0.0170  0.0006  0.0006  0.0025
2003.1904    -0.0451    -0.0564     0.0251  0.0005  0.0006  0.0023
2003.1931    -0.0486    -0.0576     0.0356  0.0007  0.0009  0.0035
2003.1959    -0.0477    -0.0580     0.0295  0.0006  0.0006  0.0025
2003.1986    -0.0455    -0.0586     0.0308  0.0005  0.0006  0.0023
2003.2014    -0.0454    -0.0578     0.0135  0.0005  0.0005  0.0022
2003.2041    -0.0441    -0.0589     0.0192  0.0004  0.0005  0.0021
2003.2068    -0.0475    -0.0587     0.0190  0.0005  0.0005  0.0021
2003.2096    -0.0486    -0.0579     0.0304  0.0005  0.0006  0.0023
2003.2123    -0.0468    -0.0598     0.0217  0.0005  0.0006  0.0022
2003.2151    -0.0460    -0.0603     0.0234  0.0005  0.0006  0.0024
2003.2178    -0.0478    -0.0566     0.0277  0.0006  0.0007  0.0026
2003.2205    -0.0444    -0.0611     0.0221  0.0005  0.0006  0.0024
2003.2233    -0.0456    -0.0605     0.0142  0.0006  0.0007  0.0026
2003.2260    -0.0462    -0.0595     0.0249  0.0005  0.0006  0.0022
2003.2288    -0.0447    -0.0601     0.0252  0.0005  0.0006  0.0024
2003.2315    -0.0449    -0.0616     0.0168  0.0005  0.0006  0.0023
2003.2342    -0.0450    -0.0609     0.0250  0.0005  0.0006  0.0022
2003.4863    -0.0475    -0.0524     0.0193  0.0007  0.0008  0.0033
2003.4945    -0.0493    -0.0596     0.0090  0.0007  0.0008  0.0033
2003.4973    -0.0480    -0.0592     0.0267  0.0005  0.0006  0.0024
2003.5000    -0.0483    -0.0560     0.0204  0.0005  0.0006  0.0021
2003.5027    -0.0460    -0.0550     0.0219  0.0006  0.0007  0.0025
2003.5055    -0.0476    -0.0546     0.0215  0.0006  0.0007  0.0028
2003.5082    -0.0482    -0.0615     0.0108  0.0006  0.0008  0.0028
2003.5110    -0.0464    -0.0596     0.0204  0.0007  0.0008  0.0031
2003.5137    -0.0493    -0.0578     0.0077  0.0006  0.0007  0.0027
2003.5164    -0.0459    -0.0631     0.0226  0.0007  0.0009  0.0033
2003.5219    -0.0446    -0.0575     0.0176  0.0006  0.0007  0.0024
2003.5247    -0.0514    -0.0570     0.0278  0.0007  0.0008  0.0030
2003.5274    -0.0462    -0.0588     0.0209  0.0006  0.0007  0.0025
2003.5301    -0.0470    -0.0570     0.0143  0.0006  0.0008  0.0030
2003.5356    -0.0454    -0.0567     0.0218  0.0006  0.0008  0.0030
2003.5384    -0.0449    -0.0579     0.0162  0.0008  0.0010  0.0036
2003.5411    -0.0478    -0.0580     0.0276  0.0006  0.0007  0.0026
2003.5438    -0.0440    -0.0554     0.0175  0.0007  0.0009  0.0035
2003.5466    -0.0462    -0.0575     0.0140  0.0005  0.0006  0.0023
2003.5493    -0.0459    -0.0603     0.0249  0.0008  0.0010  0.0037
2003.5521    -0.0451    -0.0566     0.0249  0.0007  0.0008  0.0030
2003.5548    -0.0468    -0.0534     0.0177  0.0005  0.0007  0.0023
2003.5575    -0.0455    -0.0538     0.0256  0.0006  0.0008  0.0030
2003.5603    -0.0449    -0.0543     0.0162  0.0006  0.0008  0.0029
2003.5630    -0.0435    -0.0625     0.0324  0.0011  0.0013  0.0048
2003.7575    -0.0417    -0.0533     0.0129  0.0006  0.0007  0.0027
2003.7603    -0.0442    -0.0520     0.0031  0.0005  0.0006  0.0024
2004.5697    -0.0343    -0.0467     0.0070  0.0011  0.0014  0.0056
2004.5751    -0.0350    -0.0403     0.0040  0.0008  0.0010  0.0041
2004.5861    -0.0387    -0.0410     0.0025  0.0011  0.0014  0.0051
2004.5943    -0.0351    -0.0432     0.0223  0.0006  0.0007  0.0028
2004.5970    -0.0321    -0.0396     0.0080  0.0006  0.0007  0.0028
2004.5997    -0.0353    -0.0405     0.0127  0.0006  0.0007  0.0027
2004.6025    -0.0326    -0.0411     0.0115  0.0006  0.0008  0.0029
2004.6052    -0.0341    -0.0433     0.0087  0.0006  0.0008  0.0029
2004.6079    -0.0362    -0.0414     0.0151  0.0006  0.0008  0.0030
2004.6107    -0.0345    -0.0426     0.0190  0.0005  0.0007  0.0026
2004.6134    -0.0370    -0.0397     0.0359  0.0007  0.0008  0.0031
2004.6161    -0.0327    -0.0417     0.0180  0.0006  0.0007  0.0026
2004.6188    -0.0345    -0.0408     0.0152  0.0006  0.0007  0.0029
2004.6216    -0.0326    -0.0399     0.0058  0.0008  0.0009  0.0039
2004.6298    -0.0324    -0.0411     0.0165  0.0007  0.0008  0.0031
2004.6352    -0.0326    -0.0399     0.0095  0.0008  0.0011  0.0040
2004.6380    -0.0393    -0.0405     0.0366  0.0009  0.0012  0.0047
2004.6407    -0.0302    -0.0437     0.0161  0.0006  0.0008  0.0030
2004.6434    -0.0311    -0.0420     0.0136  0.0006  0.0007  0.0027
2004.6462    -0.0321    -0.0412     0.0099  0.0006  0.0008  0.0030
2004.6489    -0.0311    -0.0421     0.0236  0.0008  0.0010  0.0040
2004.6516    -0.0333    -0.0414     0.0198  0.0007  0.0008  0.0034
2004.6544    -0.0352    -0.0435     0.0100  0.0008  0.0009  0.0038
2004.6571    -0.0309    -0.0406    -0.0025  0.0006  0.0008  0.0030
2004.6598    -0.0295    -0.0415     0.0243  0.0008  0.0009  0.0037
2004.6626    -0.0322    -0.0395     0.0232  0.0007  0.0009  0.0035
2004.6653    -0.0334    -0.0407     0.0154  0.0007  0.0009  0.0032
2004.6680    -0.0373    -0.0438     0.0177  0.0007  0.0008  0.0032
2004.6708    -0.0322    -0.0403     0.0290  0.0006  0.0008  0.0028
2004.6735    -0.0265    -0.0453     0.0131  0.0007  0.0009  0.0033
2004.6762    -0.0320    -0.0439     0.0051  0.0007  0.0009  0.0032
2004.6790    -0.0313    -0.0456     0.0182  0.0007  0.0009  0.0035
2004.6817    -0.0308    -0.0402     0.0205  0.0008  0.0010  0.0037
2004.6844    -0.0290    -0.0437     0.0071  0.0005  0.0007  0.0027
2004.6872    -0.0298    -0.0505     0.0072  0.0008  0.0011  0.0038
2004.6899    -0.0323    -0.0414     0.0064  0.0005  0.0006  0.0024
2004.6926    -0.0322    -0.0423    -0.0009  0.0005  0.0006  0.0024
2004.6954    -0.0338    -0.0372     0.0209  0.0005  0.0006  0.0023
2004.6981    -0.0319    -0.0427     0.0157  0.0005  0.0007  0.0025
2004.7008    -0.0307    -0.0427     0.0268  0.0006  0.0007  0.0028
2004.7035    -0.0344    -0.0400     0.0079  0.0007  0.0009  0.0032
2004.7063    -0.0354    -0.0409     0.0150  0.0007  0.0009  0.0033
2004.7090    -0.0355    -0.0436     0.0186  0.0006  0.0008  0.0030
2004.7117    -0.0303    -0.0434     0.0041  0.0006  0.0008  0.0029
2004.7254    -0.0299    -0.0440     0.0201  0.0006  0.0008  0.0029
2004.7281    -0.0315    -0.0392     0.0218  0.0005  0.0006  0.0024
2004.7418    -0.0338    -0.0456     0.0310  0.0012  0.0016  0.0056
2004.7473    -0.0324    -0.0409     0.0278  0.0008  0.0011  0.0039
2004.7500    -0.0292    -0.0444     0.0255  0.0008  0.0012  0.0036
2004.7527    -0.0320    -0.0384     0.0245  0.0007  0.0009  0.0031
2004.7555    -0.0313    -0.0402     0.0114  0.0006  0.0007  0.0027
2004.7582    -0.0315    -0.0415     0.0044  0.0005  0.0006  0.0024
2004.7609    -0.0268    -0.0433     0.0055  0.0007  0.0009  0.0034
2004.7637    -0.0321    -0.0445     0.0081  0.0006  0.0008  0.0029
2004.7664    -0.0339    -0.0464     0.0100  0.0011  0.0017  0.0050
2004.7691    -0.0298    -0.0429     0.0189  0.0007  0.0009  0.0031
2004.7746    -0.0333    -0.0425     0.0328  0.0009  0.0013  0.0043
2004.7773    -0.0337    -0.0369     0.0340  0.0014  0.0018  0.0063
2004.7801    -0.0319    -0.0417     0.0136  0.0006  0.0008  0.0029
2004.7828    -0.0312    -0.0419     0.0364  0.0007  0.0009  0.0035
2004.7855    -0.0312    -0.0439     0.0074  0.0006  0.0007  0.0027
2004.7882    -0.0341    -0.0452     0.0077  0.0007  0.0009  0.0032
2004.7910    -0.0330    -0.0436     0.0193  0.0007  0.0008  0.0033
2004.7937    -0.0294    -0.0361     0.0207  0.0008  0.0011  0.0039
2004.7964    -0.0303    -0.0453     0.0141  0.0008  0.0010  0.0034
2004.7992    -0.0268    -0.0376     0.0343  0.0011  0.0016  0.0051
2004.8019    -0.0312    -0.0444     0.0099  0.0008  0.0010  0.0038
2004.8046    -0.0292    -0.0396     0.0057  0.0006  0.0008  0.0032
2004.8074    -0.0318    -0.0417     0.0141  0.0007  0.0009  0.0032
2004.8156    -0.0310    -0.0334     0.0161  0.0009  0.0011  0.0040
2004.8183    -0.0297    -0.0383     0.0084  0.0007  0.0008  0.0030
2004.8210    -0.0345    -0.0347     0.0067  0.0012  0.0017  0.0052
2004.8238    -0.0285    -0.0411     0.0161  0.0008  0.0010  0.0036
2004.8265    -0.0309    -0.0392     0.0087  0.0007  0.0009  0.0032
2004.8292    -0.0322    -0.0439     0.0179  0.0007  0.0009  0.0030
2004.8320    -0.0301    -0.0449     0.0125  0.0007  0.0009  0.0033
2004.8347    -0.0321    -0.0409     0.0180  0.0008  0.0009  0.0035
2004.8374    -0.0304    -0.0408    -0.0005  0.0007  0.0009  0.0034
2004.8402    -0.0313    -0.0391     0.0281  0.0008  0.0010  0.0036
2004.8484    -0.0321    -0.0348     0.0019  0.0010  0.0012  0.0043
2004.8511    -0.0326    -0.0368     0.0029  0.0009  0.0010  0.0039
2004.8538    -0.0306    -0.0332     0.0230  0.0009  0.0011  0.0040
2004.8566    -0.0323    -0.0371     0.0136  0.0007  0.0009  0.0032
2004.8593    -0.0256    -0.0375     0.0057  0.0007  0.0009  0.0033
2004.8620    -0.0305    -0.0388     0.0068  0.0006  0.0008  0.0028
2004.8647    -0.0286    -0.0364     0.0041  0.0018  0.0025  0.0062
2004.8675    -0.0326    -0.0385     0.0114  0.0006  0.0008  0.0028
2004.8702    -0.0364    -0.0416     0.0061  0.0008  0.0009  0.0035
2004.8757    -0.0295    -0.0329     0.0304  0.0010  0.0013  0.0044
2004.8839    -0.0297    -0.0411     0.0129  0.0005  0.0006  0.0022
2004.8866    -0.0309    -0.0378     0.0071  0.0005  0.0006  0.0024
2004.9658    -0.0287    -0.0363     0.0140  0.0004  0.0005  0.0018
2004.9686    -0.0281    -0.0374     0.0125  0.0005  0.0005  0.0020
2004.9713    -0.0282    -0.0417     0.0267  0.0008  0.0009  0.0035
2004.9740    -0.0300    -0.0379     0.0189  0.0005  0.0006  0.0021
2004.9768    -0.0301    -0.0361     0.0142  0.0005  0.0006  0.0020
2004.9795    -0.0305    -0.0391     0.0123  0.0004  0.0005  0.0019
2004.9822    -0.0297    -0.0374     0.0138  0.0004  0.0005  0.0019
2004.9850    -0.0276    -0.0373     0.0143  0.0006  0.0008  0.0027
2004.9877    -0.0309    -0.0389     0.0151  0.0005  0.0006  0.0022
2004.9904    -0.0259    -0.0374     0.0138  0.0006  0.0007  0.0025
2004.9932    -0.0267    -0.0328     0.0058  0.0006  0.0008  0.0026
2004.9986    -0.0276    -0.0347     0.0124  0.0005  0.0006  0.0022
2005.0041    -0.0287    -0.0360     0.0025  0.0008  0.0010  0.0039
2005.0068    -0.0304    -0.0344    -0.0030  0.0010  0.0015  0.0058
2005.0096    -0.0294    -0.0353     0.0109  0.0004  0.0005  0.0019
2005.0123    -0.0286    -0.0372     0.0156  0.0005  0.0006  0.0020
2005.0151    -0.0296    -0.0385     0.0209  0.0005  0.0006  0.0022
2005.0178    -0.0279    -0.0347     0.0112  0.0005  0.0006  0.0025
2005.0205    -0.0294    -0.0327     0.0073  0.0012  0.0014  0.0080
2005.0233    -0.0255    -0.0338     0.0223  0.0004  0.0005  0.0019
2005.0260    -0.0258    -0.0364     0.0153  0.0005  0.0006  0.0022
2005.0288    -0.0286    -0.0364     0.0106  0.0004  0.0005  0.0020
2005.0315    -0.0286    -0.0387     0.0190  0.0005  0.0007  0.0023
2005.0342    -0.0284    -0.0370     0.0236  0.0005  0.0006  0.0021
2005.0370    -0.0284    -0.0377     0.0160  0.0005  0.0006  0.0021
2005.0397    -0.0285    -0.0385     0.0108  0.0005  0.0006  0.0023
2005.0425    -0.0285    -0.0361     0.0123  0.0004  0.0005  0.0020
2005.0452    -0.0263    -0.0373     0.0115  0.0005  0.0006  0.0021
2005.0479    -0.0281    -0.0368     0.0054  0.0005  0.0006  0.0023
2005.0507    -0.0258    -0.0362     0.0112  0.0004  0.0005  0.0021
2005.0534    -0.0278    -0.0376     0.0072  0.0005  0.0006  0.0021
2005.0589    -0.0263    -0.0350     0.0117  0.0004  0.0005  0.0020
2005.0616    -0.0273    -0.0370     0.0136  0.0005  0.0006  0.0021
2005.0671    -0.0261    -0.0378     0.0085  0.0004  0.0005  0.0019
2005.0699    -0.0271    -0.0387     0.0149  0.0005  0.0006  0.0023
2005.0726    -0.0263    -0.0370     0.0145  0.0005  0.0006  0.0022
2005.0753    -0.0255    -0.0376     0.0082  0.0004  0.0005  0.0019
2005.0781    -0.0264    -0.0384     0.0176  0.0004  0.0005  0.0017
2005.0808    -0.0274    -0.0363     0.0217  0.0004  0.0005  0.0019
2005.0836    -0.0272    -0.0356     0.0199  0.0004  0.0005  0.0018
2005.0863    -0.0292    -0.0381     0.0087  0.0005  0.0005  0.0020
2005.0890    -0.0308    -0.0357     0.0209  0.0008  0.0009  0.0035
2005.0918    -0.0314    -0.0346     0.0076  0.0007  0.0009  0.0031
2005.0945    -0.0272    -0.0353     0.0156  0.0004  0.0005  0.0019
2005.0973    -0.0252    -0.0374     0.0098  0.0004  0.0005  0.0017
2005.1000    -0.0252    -0.0369     0.0102  0.0004  0.0005  0.0018
2005.1027    -0.0266    -0.0348     0.0143  0.0004  0.0005  0.0018
2005.1055    -0.0275    -0.0379     0.0112  0.0004  0.0005  0.0019
2005.1082    -0.0264    -0.0364     0.0163  0.0004  0.0005  0.0019
2005.1110    -0.0279    -0.0372     0.0137  0.0004  0.0005  0.0018
2005.1137    -0.0262    -0.0359     0.0058  0.0004  0.0005  0.0018
2005.1164    -0.0284    -0.0389     0.0123  0.0005  0.0006  0.0021
2005.1192    -0.0274    -0.0378     0.0197  0.0004  0.0005  0.0020
2005.1219    -0.0278    -0.0354     0.0088  0.0005  0.0005  0.0020
2005.1247    -0.0260    -0.0344     0.0126  0.0005  0.0005  0.0021
2005.1274    -0.0291    -0.0378     0.0109  0.0005  0.0005  0.0020
2005.1301    -0.0266    -0.0354     0.0181  0.0005  0.0006  0.0022
2005.1329    -0.0242    -0.0326     0.0194  0.0008  0.0010  0.0040
2005.1356    -0.0258    -0.0345     0.0102  0.0005  0.0006  0.0022
2005.1384    -0.0237    -0.0362     0.0134  0.0005  0.0005  0.0020
2005.1411    -0.0256    -0.0334     0.0047  0.0005  0.0006  0.0021
2005.1438    -0.0292    -0.0325     0.0236  0.0012  0.0012  0.0049
2005.1466    -0.0265    -0.0349     0.0153  0.0004  0.0005  0.0017
2005.1493    -0.0265    -0.0335     0.0191  0.0005  0.0006  0.0022
2005.1521    -0.0276    -0.0352     0.0238  0.0004  0.0006  0.0019
2005.1548    -0.0272    -0.0369     0.0167  0.0005  0.0006  0.0024
2005.1575    -0.0277    -0.0339     0.0140  0.0005  0.0006  0.0021
2005.1603    -0.0263    -0.0342     0.0199  0.0005  0.0005  0.0020
2005.1630    -0.0259    -0.0358     0.0090  0.0005  0.0005  0.0019
2005.1657    -0.0270    -0.0353     0.0176  0.0005  0.0006  0.0020
2005.1685    -0.0254    -0.0343     0.0088  0.0004  0.0005  0.0019
2005.1712    -0.0251    -0.0348     0.0165  0.0005  0.0006  0.0023
2005.1740    -0.0231    -0.0365     0.0042  0.0011  0.0011  0.0049
2005.1767    -0.0267    -0.0335     0.0189  0.0005  0.0007  0.0025
2005.1794    -0.0268    -0.0386     0.0284  0.0006  0.0007  0.0026
2005.1849    -0.0263    -0.0341     0.0214  0.0005  0.0006  0.0021
2005.1877    -0.0292    -0.0366     0.0193  0.0005  0.0006  0.0021
2005.1931    -0.0257    -0.0353     0.0233  0.0005  0.0007  0.0024
2005.1959    -0.0269    -0.0351     0.0273  0.0005  0.0006  0.0025
2005.1986    -0.0256    -0.0352     0.0291  0.0005  0.0006  0.0023
2005.2014    -0.0255    -0.0354     0.0231  0.0005  0.0006  0.0024
2005.2041    -0.0281    -0.0330     0.0134  0.0006  0.0007  0.0026
2005.2068    -0.0285    -0.0332     0.0227  0.0005  0.0006  0.0021
2005.2096    -0.0267    -0.0341     0.0265  0.0005  0.0006  0.0022
2005.2123    -0.0278    -0.0359     0.0165  0.0005  0.0006  0.0024
2005.2151    -0.0274    -0.0347     0.0194  0.0005  0.0006  0.0023
2005.2178    -0.0246    -0.0357     0.0235  0.0005  0.0006  0.0023
2005.2205    -0.0254    -0.0340     0.0233  0.0005  0.0005  0.0021
2005.2233    -0.0263    -0.0339     0.0250  0.0005  0.0006  0.0023
2005.2260    -0.0271    -0.0370     0.0304  0.0006  0.0007  0.0027
2005.2288    -0.0290    -0.0361     0.0280  0.0006  0.0007  0.0027
2005.2315    -0.0272    -0.0344     0.0188  0.0007  0.0008  0.0030
2005.2342    -0.0319    -0.0312     0.0165  0.0007  0.0008  0.0033
2005.2370    -0.0276    -0.0347     0.0272  0.0006  0.0008  0.0029
2005.2397    -0.0256    -0.0376     0.0274  0.0006  0.0008  0.0029
2005.2425    -0.0286    -0.0356     0.0130  0.0006  0.0006  0.0025
2005.2452    -0.0275    -0.0350     0.0388  0.0009  0.0011  0.0038
2005.2479    -0.0238    -0.0344     0.0347  0.0006  0.0007  0.0027
2005.2507    -0.0224    -0.0369     0.0088  0.0012  0.0015  0.0050
2005.2534    -0.0273    -0.0342     0.0179  0.0006  0.0008  0.0028
2005.2562    -0.0288    -0.0336     0.0178  0.0005  0.0006  0.0021
2005.2616    -0.0276    -0.0353     0.0142  0.0005  0.0006  0.0023
2005.2671    -0.0255    -0.0330     0.0277  0.0005  0.0006  0.0024
2005.2699    -0.0272    -0.0338     0.0292  0.0005  0.0006  0.0022
2005.2726    -0.0260    -0.0348     0.0323  0.0005  0.0006  0.0021
2005.2753    -0.0251    -0.0316     0.0313  0.0006  0.0008  0.0027
2005.2781    -0.0265    -0.0344     0.0174  0.0006  0.0007  0.0025
2005.2808    -0.0244    -0.0334     0.0216  0.0005  0.0007  0.0024
2005.2836    -0.0242    -0.0338     0.0138  0.0005  0.0007  0.0022
2005.2863    -0.0225    -0.0323     0.0247  0.0005  0.0007  0.0024
2005.2890    -0.0251    -0.0369     0.0250  0.0006  0.0007  0.0028
2005.2945    -0.0249    -0.0351     0.0256  0.0006  0.0007  0.0026
2005.3082    -0.0263    -0.0320     0.0272  0.0005  0.0007  0.0025
2005.3110    -0.0278    -0.0305     0.0274  0.0005  0.0007  0.0025
2005.3137    -0.0288    -0.0306     0.0141  0.0005  0.0007  0.0024
2005.3164    -0.0271    -0.0259     0.0353  0.0006  0.0007  0.0027
2005.3192    -0.0254    -0.0331     0.0246  0.0005  0.0006  0.0023
2005.3247    -0.0226    -0.0340     0.0293  0.0007  0.0008  0.0031
2005.3274    -0.0249    -0.0398     0.0301  0.0008  0.0009  0.0035
2005.3301    -0.0239    -0.0351     0.0204  0.0005  0.0006  0.0025
2005.3329    -0.0269    -0.0331     0.0245  0.0006  0.0007  0.0027
2005.3356    -0.0264    -0.0339     0.0199  0.0010  0.0011  0.0042
2005.3384    -0.0242    -0.0333     0.0308  0.0005  0.0006  0.0023
2005.3411    -0.0257    -0.0341     0.0192  0.0007  0.0009  0.0033
2005.3438    -0.0256    -0.0307     0.0201  0.0006  0.0007  0.0027
2005.3466    -0.0247    -0.0349     0.0123  0.0006  0.0007  0.0026
2005.3493    -0.0273    -0.0309     0.0266  0.0005  0.0006  0.0023
2005.3521    -0.0303    -0.0357     0.0176  0.0006  0.0007  0.0028
2005.3548    -0.0268    -0.0320     0.0186  0.0005  0.0006  0.0023
2005.3575    -0.0269    -0.0332     0.0158  0.0005  0.0006  0.0022
2005.3630    -0.0265    -0.0352     0.0134  0.0005  0.0006  0.0025
2005.3657    -0.0306    -0.0389     0.0133  0.0010  0.0012  0.0050
2005.3685    -0.0261    -0.0343     0.0159  0.0005  0.0006  0.0024
2005.3712    -0.0263    -0.0314     0.0217  0.0006  0.0007  0.0027
2005.3767    -0.0272    -0.0327     0.0210  0.0005  0.0005  0.0023
2005.3794    -0.0273    -0.0335     0.0243  0.0005  0.0006  0.0026
2005.3822    -0.0251    -0.0340     0.0243  0.0005  0.0006  0.0022
2005.3849    -0.0282    -0.0320     0.0160  0.0005  0.0006  0.0025
2005.3877    -0.0251    -0.0363     0.0194  0.0012  0.0021  0.0078
2005.3904    -0.0310    -0.0362    -0.0009  0.0007  0.0008  0.0033
2005.3931    -0.0279    -0.0323     0.0232  0.0006  0.0007  0.0027
2005.3959    -0.0264    -0.0323     0.0124  0.0005  0.0006  0.0023
2005.3986    -0.0253    -0.0309     0.0240  0.0005  0.0006  0.0023
2005.4041    -0.0273    -0.0347     0.0288  0.0012  0.0013  0.0059
2005.4068    -0.0283    -0.0351     0.0240  0.0006  0.0006  0.0025
2005.4096    -0.0274    -0.0311     0.0128  0.0006  0.0007  0.0026
2005.4123    -0.0259    -0.0305     0.0181  0.0007  0.0008  0.0030
2005.4151    -0.0246    -0.0325     0.0242  0.0005  0.0006  0.0023
2005.4178    -0.0248    -0.0347     0.0172  0.0005  0.0006  0.0022
2005.4205    -0.0278    -0.0343     0.0192  0.0005  0.0006  0.0023
2005.4233    -0.0270    -0.0372     0.0129  0.0006  0.0008  0.0028
2005.4260    -0.0235    -0.0337     0.0260  0.0006  0.0008  0.0028
2005.4288    -0.0231    -0.0325     0.0159  0.0004  0.0005  0.0019
2005.4315    -0.0264    -0.0325     0.0212  0.0005  0.0006  0.0021
2005.4342    -0.0249    -0.0335     0.0232  0.0006  0.0006  0.0027
2005.4370    -0.0270    -0.0324     0.0187  0.0005  0.0005  0.0021
2005.4397    -0.0246    -0.0311     0.0166  0.0005  0.0006  0.0022
2005.4425    -0.0247    -0.0317     0.0129  0.0006  0.0006  0.0025
2005.4452    -0.0273    -0.0302     0.0096  0.0005  0.0005  0.0020
2005.4479    -0.0280    -0.0368     0.0157  0.0005  0.0007  0.0023
2005.4507    -0.0252    -0.0318     0.0218  0.0006  0.0007  0.0027
2005.4534    -0.0280    -0.0342     0.0132  0.0006  0.0008  0.0029
2005.4562    -0.0294    -0.0339     0.0151  0.0005  0.0006  0.0024
2005.4589    -0.0266    -0.0312     0.0265  0.0006  0.0007  0.0026
2005.4616    -0.0257    -0.0320     0.0283  0.0008  0.0010  0.0037
2005.4671    -0.0265    -0.0320     0.0199  0.0005  0.0006  0.0023
2005.4699    -0.0238    -0.0318     0.0211  0.0006  0.0007  0.0025
2005.4726    -0.0275    -0.0330     0.0227  0.0005  0.0006  0.0021
2005.4753    -0.0280    -0.0335     0.0232  0.0005  0.0007  0.0024
2005.4781    -0.0252    -0.0324     0.0108  0.0006  0.0007  0.0028
2005.4863    -0.0275    -0.0315     0.0211  0.0005  0.0006  0.0021
2005.4890    -0.0298    -0.0338     0.0215  0.0007  0.0008  0.0029
2005.5082    -0.0317    -0.0324     0.0114  0.0009  0.0011  0.0041
2005.5110    -0.0272    -0.0305     0.0091  0.0005  0.0006  0.0023
2005.5137    -0.0284    -0.0295     0.0106  0.0005  0.0005  0.0020
2005.5164    -0.0285    -0.0303     0.0177  0.0006  0.0007  0.0025
2005.5247    -0.0265    -0.0328     0.0222  0.0007  0.0009  0.0033
2005.5274    -0.0248    -0.0266     0.0163  0.0009  0.0012  0.0045
2005.5301    -0.0288    -0.0273    -0.0061  0.0008  0.0009  0.0035
2005.5329    -0.0265    -0.0314    -0.0043  0.0007  0.0008  0.0030
2005.5356    -0.0238    -0.0319     0.0278  0.0015  0.0025  0.0067
2005.5384    -0.0244    -0.0269     0.0022  0.0009  0.0010  0.0038
2005.5411    -0.0299    -0.0312     0.0071  0.0007  0.0008  0.0030
2005.5438    -0.0269    -0.0329     0.0168  0.0006  0.0007  0.0026
2005.5466    -0.0246    -0.0306     0.0092  0.0005  0.0006  0.0022
2005.5493    -0.0255    -0.0298     0.0171  0.0006  0.0008  0.0026
2005.5521    -0.0263    -0.0326     0.0177  0.0005  0.0007  0.0023
2005.5548    -0.0240    -0.0295     0.0125  0.0005  0.0006  0.0022
2005.5575    -0.0274    -0.0303     0.0089  0.0006  0.0007  0.0024
2005.5603    -0.0259    -0.0299     0.0184  0.0006  0.0007  0.0027
2005.5630    -0.0257    -0.0301     0.0037  0.0006  0.0007  0.0026
2005.5657    -0.0255    -0.0310     0.0097  0.0005  0.0006  0.0021
2005.5685    -0.0266    -0.0293     0.0136  0.0005  0.0006  0.0022
2005.5712    -0.0238    -0.0296     0.0163  0.0006  0.0007  0.0025
2005.5740    -0.0243    -0.0301     0.0159  0.0005  0.0007  0.0024
2005.5767    -0.0255    -0.0309     0.0077  0.0005  0.0007  0.0024
2005.5794    -0.0264    -0.0299     0.0154  0.0005  0.0006  0.0023
2005.5822    -0.0252    -0.0309     0.0120  0.0005  0.0006  0.0022
2005.5849    -0.0241    -0.0318     0.0180  0.0005  0.0006  0.0024
2005.5904    -0.0297    -0.0310     0.0302  0.0012  0.0016  0.0057
2005.5959    -0.0248    -0.0279     0.0120  0.0005  0.0006  0.0023
2005.5986    -0.0224    -0.0270     0.0086  0.0005  0.0005  0.0020
2005.6151    -0.0258    -0.0317     0.0095  0.0006  0.0007  0.0026
2005.6178    -0.0230    -0.0299     0.0099  0.0005  0.0006  0.0023
2005.6315    -0.0233    -0.0296     0.0010  0.0005  0.0006  0.0022
2005.6342    -0.0266    -0.0290     0.0030  0.0004  0.0005  0.0019
2005.6397    -0.0259    -0.0268     0.0090  0.0005  0.0006  0.0021
2005.6452    -0.0200    -0.0275     0.0064  0.0005  0.0007  0.0023
2005.6507    -0.0216    -0.0323     0.0134  0.0005  0.0006  0.0020
2005.6534    -0.0230    -0.0311     0.0092  0.0005  0.0006  0.0020
2005.6562    -0.0199    -0.0325     0.0175  0.0006  0.0007  0.0025
2005.6616    -0.0232    -0.0315     0.0228  0.0007  0.0008  0.0031
2005.6644    -0.0218    -0.0316     0.0073  0.0006  0.0007  0.0026
2005.6671    -0.0210    -0.0304     0.0063  0.0006  0.0007  0.0028
2005.6699    -0.0218    -0.0256     0.0090  0.0006  0.0007  0.0027
2005.6808    -0.0216    -0.0293     0.0194  0.0006  0.0008  0.0028
2005.6836    -0.0221    -0.0299     0.0079  0.0006  0.0008  0.0028
2005.9247    -0.0190    -0.0270     0.0146  0.0005  0.0006  0.0023
2005.9274    -0.0175    -0.0286     0.0100  0.0007  0.0008  0.0030
2005.9301    -0.0205    -0.0255    -0.0031  0.0007  0.0009  0.0032
2005.9329    -0.0204    -0.0258    -0.0077  0.0005  0.0006  0.0022
2005.9356    -0.0187    -0.0237     0.0129  0.0005  0.0007  0.0024
2005.9493    -0.0192    -0.0233     0.0083  0.0005  0.0006  0.0021
2005.9548    -0.0189    -0.0240    -0.0001  0.0006  0.0008  0.0026
2006.0342    -0.0222    -0.0156     0.0046  0.0010  0.0012  0.0039
2006.0370    -0.0175    -0.0224     0.0120  0.0005  0.0006  0.0021
2006.0397    -0.0197    -0.0229     0.0109  0.0005  0.0006  0.0021
2006.0425    -0.0182    -0.0251     0.0166  0.0005  0.0006  0.0022
2006.0452    -0.0182    -0.0228     0.0106  0.0005  0.0007  0.0024
2006.0479    -0.0178    -0.0225     0.0025  0.0004  0.0006  0.0020
2006.0507    -0.0181    -0.0236     0.0071  0.0004  0.0006  0.0019
2006.0534    -0.0169    -0.0225     0.0079  0.0005  0.0007  0.0022
2006.0562    -0.0163    -0.0231     0.0153  0.0004  0.0006  0.0019
2006.0589    -0.0155    -0.0224    -0.0016  0.0005  0.0006  0.0022
2006.0616    -0.0169    -0.0213     0.0119  0.0005  0.0006  0.0023
2006.0644    -0.0209    -0.0229     0.0120  0.0004  0.0005  0.0018
2006.0671    -0.0222    -0.0244     0.0132  0.0009  0.0011  0.0038
2006.0699    -0.0214    -0.0214     0.0105  0.0010  0.0012  0.0043
2006.0726    -0.0189    -0.0225     0.0093  0.0004  0.0006  0.0019
2006.0753    -0.0233    -0.0240     0.0135  0.0009  0.0011  0.0042
2006.0781    -0.0181    -0.0233     0.0146  0.0004  0.0005  0.0018
2006.0808    -0.0156    -0.0245     0.0105  0.0004  0.0005  0.0018
2006.0836    -0.0182    -0.0239     0.0136  0.0004  0.0005  0.0019
2006.0863    -0.0168    -0.0241     0.0088  0.0005  0.0006  0.0020
2006.0890    -0.0190    -0.0238     0.0131  0.0005  0.0006  0.0020
2006.0918    -0.0187    -0.0233     0.0132  0.0004  0.0005  0.0018
2006.0945    -0.0175    -0.0222     0.0064  0.0005  0.0006  0.0020
2006.0973    -0.0191    -0.0231     0.0023  0.0006  0.0007  0.0024
2006.1000    -0.0140    -0.0205     0.0118  0.0006  0.0007  0.0024
2006.1027    -0.0170    -0.0210     0.0138  0.0005  0.0006  0.0019
2006.1055    -0.0213    -0.0200     0.0260  0.0014  0.0015  0.0054
2006.1082    -0.0166    -0.0229     0.0074  0.0005  0.0006  0.0020
2006.1110    -0.0167    -0.0230     0.0060  0.0005  0.0006  0.0022
2006.1137    -0.0206    -0.0217     0.0163  0.0005  0.0006  0.0022
2006.1192    -0.0187    -0.0235     0.0109  0.0004  0.0005  0.0019
2006.1247    -0.0176    -0.0224     0.0090  0.0004  0.0006  0.0020
2006.1274    -0.0186    -0.0222     0.0139  0.0004  0.0005  0.0017
2006.1301    -0.0173    -0.0197     0.0121  0.0004  0.0005  0.0018
2006.1329    -0.0158    -0.0213     0.0088  0.0004  0.0005  0.0020
2006.1356    -0.0156    -0.0239     0.0131  0.0005  0.0006  0.0021
2006.1411    -0.0171    -0.0208     0.0121  0.0005  0.0006  0.0022
2006.1438    -0.0177    -0.0267     0.0143  0.0005  0.0006  0.0023
2006.1466    -0.0171    -0.0232     0.0149  0.0004  0.0005  0.0018
2006.1493    -0.0163    -0.0232     0.0090  0.0004  0.0005  0.0019
2006.1521    -0.0156    -0.0232     0.0112  0.0004  0.0005  0.0018
2006.1548    -0.0175    -0.0239     0.0158  0.0004  0.0005  0.0019
2006.1575    -0.0179    -0.0230     0.0106  0.0004  0.0005  0.0018
2006.1603    -0.0153    -0.0246     0.0109  0.0004  0.0005  0.0017
2006.1630    -0.0186    -0.0233     0.0148  0.0004  0.0005  0.0016
2006.1657    -0.0165    -0.0234     0.0174  0.0004  0.0005  0.0017
2006.1685    -0.0174    -0.0257     0.0160  0.0004  0.0006  0.0020
2006.1712    -0.0159    -0.0244     0.0144  0.0004  0.0006  0.0020
2006.1740    -0.0144    -0.0242     0.0150  0.0005  0.0006  0.0022
2006.1767    -0.0181    -0.0210     0.0176  0.0010  0.0013  0.0045
2006.1794    -0.0168    -0.0249     0.0109  0.0004  0.0005  0.0018
2006.1904    -0.0151    -0.0237     0.0313  0.0009  0.0009  0.0036
2006.1931    -0.0189    -0.0225     0.0081  0.0005  0.0006  0.0022
2006.1959    -0.0185    -0.0274     0.0131  0.0005  0.0006  0.0020
2006.1986    -0.0191    -0.0225     0.0040  0.0005  0.0006  0.0022
2006.2014    -0.0167    -0.0221     0.0130  0.0005  0.0006  0.0022
2006.2041    -0.0176    -0.0221     0.0217  0.0005  0.0006  0.0022
2006.2068    -0.0172    -0.0237     0.0163  0.0005  0.0006  0.0020
2006.2096    -0.0168    -0.0242     0.0171  0.0005  0.0006  0.0022
2006.2123    -0.0163    -0.0261     0.0228  0.0005  0.0006  0.0022
2006.2151    -0.0169    -0.0245     0.0114  0.0005  0.0006  0.0020
2006.2178    -0.0180    -0.0235     0.0155  0.0005  0.0006  0.0021
2006.2205    -0.0168    -0.0218     0.0145  0.0005  0.0006  0.0021
2006.2233    -0.0173    -0.0239     0.0205  0.0006  0.0007  0.0024
2006.2260    -0.0185    -0.0224     0.0065  0.0005  0.0006  0.0022
2006.2288    -0.0183    -0.0223     0.0099  0.0005  0.0007  0.0022
2006.2315    -0.0159    -0.0219     0.0253  0.0005  0.0007  0.0023
2006.2342    -0.0183    -0.0228     0.0075  0.0005  0.0007  0.0022
2006.2370    -0.0200    -0.0214     0.0104  0.0004  0.0006  0.0019
2006.2397    -0.0232    -0.0267     0.0066  0.0010  0.0014  0.0037
2006.4151    -0.0142    -0.0198     0.0121  0.0005  0.0006  0.0021
2006.4178    -0.0151    -0.0221     0.0172  0.0006  0.0008  0.0026
2006.4205    -0.0158    -0.0184     0.0032  0.0005  0.0007  0.0023
2006.4233    -0.0195    -0.0212     0.0195  0.0008  0.0010  0.0034
2006.4260    -0.0201    -0.0179     0.0144  0.0010  0.0011  0.0039
2006.4288    -0.0171    -0.0143     0.0044  0.0012  0.0016  0.0051
2006.4315    -0.0174    -0.0174     0.0139  0.0006  0.0007  0.0024
2006.4342    -0.0172    -0.0118     0.0024  0.0019  0.0027  0.0086
2006.4370    -0.0149    -0.0149     0.0302  0.0012  0.0016  0.0052
2006.4397    -0.0169    -0.0184     0.0198  0.0006  0.0008  0.0025
2006.4425    -0.0149    -0.0184     0.0185  0.0005  0.0007  0.0024
2006.4452    -0.0149    -0.0196     0.0103  0.0006  0.0007  0.0025
2006.4479    -0.0172    -0.0186     0.0145  0.0006  0.0008  0.0027
2006.4507    -0.0171    -0.0200     0.0061  0.0005  0.0006  0.0021
2006.4534    -0.0175    -0.0114     0.0138  0.0006  0.0009  0.0027
2006.4562    -0.0174    -0.0210     0.0204  0.0006  0.0017  0.0028
2006.4589    -0.0168    -0.0198     0.0121  0.0006  0.0008  0.0029
2006.4616    -0.0212    -0.0165     0.0031  0.0007  0.0008  0.0028
2006.4644    -0.0202    -0.0187     0.0059  0.0006  0.0008  0.0026
2006.4671    -0.0186    -0.0210     0.0064  0.0008  0.0010  0.0033
2006.4699    -0.0192    -0.0167     0.0103  0.0006  0.0007  0.0025
2006.4726    -0.0171    -0.0202    -0.0008  0.0005  0.0006  0.0022
2006.4781    -0.0185    -0.0194     0.0008  0.0006  0.0007  0.0025
2006.4808    -0.0170    -0.0172     0.0031  0.0007  0.0009  0.0031
2006.4836    -0.0162    -0.0149     0.0114  0.0005  0.0006  0.0022
2006.4863    -0.0171    -0.0199     0.0044  0.0006  0.0007  0.0024
2006.5110    -0.0131    -0.0167     0.0179  0.0009  0.0012  0.0041
2006.5137    -0.0177    -0.0191     0.0083  0.0005  0.0006  0.0020
2006.5164    -0.0163    -0.0195     0.0109  0.0006  0.0008  0.0027
2006.5192    -0.0174    -0.0200    -0.0042  0.0005  0.0006  0.0022
2006.5219    -0.0179    -0.0197     0.0016  0.0005  0.0006  0.0021
2006.5247    -0.0154    -0.0155     0.0065  0.0006  0.0007  0.0026
2006.5274    -0.0156    -0.0199    -0.0010  0.0005  0.0006  0.0021
2006.5301    -0.0164    -0.0172     0.0056  0.0004  0.0005  0.0019
2006.5329    -0.0178    -0.0181     0.0037  0.0005  0.0006  0.0020
2006.5356    -0.0166    -0.0173     0.0079  0.0005  0.0006  0.0021
2006.5384    -0.0174    -0.0191    -0.0003  0.0005  0.0006  0.0021
2006.5411    -0.0164    -0.0172     0.0005  0.0005  0.0006  0.0022
2006.5438    -0.0135    -0.0180     0.0030  0.0006  0.0007  0.0027
2006.5822    -0.0168    -0.0187     0.0026  0.0004  0.0006  0.0019
2006.5849    -0.0181    -0.0183     0.0079  0.0005  0.0006  0.0021
2006.5904    -0.0147    -0.0164    -0.0040  0.0006  0.0007  0.0025
2006.5931    -0.0147    -0.0201     0.0088  0.0005  0.0006  0.0022
2006.5959    -0.0137    -0.0172     0.0069  0.0005  0.0007  0.0024
2006.5986    -0.0131    -0.0196     0.0087  0.0006  0.0008  0.0027
2006.6014    -0.0147    -0.0195     0.0047  0.0005  0.0006  0.0021
2006.6041    -0.0148    -0.0186     0.0083  0.0006  0.0007  0.0024
2006.6068    -0.0149    -0.0169     0.0101  0.0005  0.0006  0.0020
2006.6096    -0.0174    -0.0155     0.0121  0.0005  0.0006  0.0021
2006.6123    -0.0149    -0.0193    -0.0007  0.0005  0.0006  0.0022
2006.6151    -0.0158    -0.0191     0.0064  0.0005  0.0006  0.0022
2006.6178    -0.0136    -0.0176     0.0166  0.0006  0.0008  0.0027
2006.7329    -0.0079    -0.0184     0.0144  0.0010  0.0012  0.0042
2006.7356    -0.0161    -0.0175     0.0087  0.0005  0.0007  0.0023
2006.7384    -0.0133    -0.0207     0.0067  0.0005  0.0007  0.0024
2006.7411    -0.0155    -0.0206     0.0136  0.0006  0.0008  0.0028
2006.7438    -0.0118    -0.0144     0.0017  0.0005  0.0006  0.0024
2006.7466    -0.0102    -0.0170     0.0041  0.0006  0.0007  0.0025
2006.7493    -0.0144    -0.0176     0.0168  0.0007  0.0008  0.0028
2006.7712    -0.0147    -0.0122     0.0364  0.0010  0.0014  0.0051
2006.7740    -0.0134    -0.0166     0.0185  0.0009  0.0010  0.0041
2006.7767    -0.0133    -0.0078     0.0175  0.0014  0.0015  0.0067
2006.7822    -0.0137    -0.0180     0.0285  0.0008  0.0009  0.0037
2006.7849    -0.0038    -0.0195     0.0206  0.0009  0.0009  0.0041
2006.7877    -0.0072    -0.0173     0.0178  0.0008  0.0009  0.0037
2006.7904    -0.0097    -0.0132     0.0031  0.0006  0.0006  0.0028
2006.7931    -0.0104    -0.0137     0.0024  0.0006  0.0006  0.0026
2006.7959    -0.0114    -0.0150     0.0015  0.0005  0.0006  0.0025
2006.7986    -0.0114    -0.0156     0.0013  0.0005  0.0006  0.0026
2006.8014    -0.0131    -0.0145     0.0095  0.0007  0.0007  0.0030
2006.8041    -0.0148    -0.0144     0.0097  0.0006  0.0007  0.0029
2006.8068    -0.0096    -0.0146     0.0114  0.0005  0.0005  0.0021
2006.8096    -0.0122    -0.0140     0.0107  0.0006  0.0006  0.0026
2006.8123    -0.0128    -0.0138     0.0065  0.0006  0.0007  0.0028
2006.8151    -0.0105    -0.0132     0.0054  0.0007  0.0008  0.0032
2006.8178    -0.0077    -0.0111     0.0097  0.0007  0.0009  0.0030
2006.8205    -0.0109    -0.0151    -0.0145  0.0009  0.0009  0.0037
2006.8233    -0.0087    -0.0124     0.0107  0.0007  0.0008  0.0029
2006.8260    -0.0107    -0.0143     0.0097  0.0007  0.0007  0.0032
2006.8288    -0.0108    -0.0165     0.0080  0.0005  0.0005  0.0023
2006.8315    -0.0052    -0.0121     0.0251  0.0009  0.0010  0.0042
2006.8342    -0.0097    -0.0170    -0.0036  0.0014  0.0015  0.0049
2006.8397    -0.0085    -0.0111     0.0123  0.0007  0.0007  0.0030
2006.8425    -0.0097    -0.0154     0.0047  0.0006  0.0007  0.0029
2006.8452    -0.0091    -0.0136     0.0114  0.0005  0.0006  0.0024
2006.8479    -0.0113    -0.0134     0.0097  0.0006  0.0007  0.0028
2006.8507    -0.0086    -0.0151     0.0101  0.0009  0.0009  0.0037
2006.8534    -0.0034    -0.0128     0.0135  0.0007  0.0008  0.0032
2006.8589    -0.0114    -0.0128     0.0071  0.0005  0.0006  0.0024
2006.8616    -0.0059    -0.0137     0.0004  0.0006  0.0007  0.0028
2006.8644    -0.0104    -0.0158     0.0081  0.0006  0.0007  0.0027
2006.8671    -0.0137    -0.0180    -0.0042  0.0006  0.0006  0.0024
2006.8699    -0.0156    -0.0172     0.0113  0.0006  0.0007  0.0027
2006.8863    -0.0126    -0.0172    -0.0007  0.0009  0.0010  0.0038
2006.8890    -0.0126    -0.0126     0.0128  0.0007  0.0008  0.0030
2006.8918    -0.0091    -0.0146     0.0028  0.0005  0.0006  0.0022
2006.8945    -0.0102    -0.0191     0.0171  0.0006  0.0007  0.0025
2006.8973    -0.0082    -0.0155     0.0092  0.0006  0.0007  0.0024
2006.9000    -0.0094    -0.0168     0.0137  0.0006  0.0006  0.0024
2006.9027    -0.0117    -0.0125     0.0063  0.0005  0.0006  0.0022
2006.9055    -0.0106    -0.0140     0.0029  0.0006  0.0008  0.0028
2006.9082    -0.0061    -0.0110     0.0202  0.0007  0.0008  0.0030
2006.9110    -0.0119    -0.0196     0.0047  0.0010  0.0013  0.0045
2006.9137    -0.0092    -0.0154     0.0063  0.0005  0.0006  0.0023
2006.9164    -0.0089    -0.0159     0.0140  0.0004  0.0005  0.0019
2006.9192    -0.0081    -0.0164     0.0202  0.0005  0.0005  0.0020
2006.9219    -0.0079    -0.0130     0.0057  0.0005  0.0006  0.0021
2006.9247    -0.0094    -0.0141     0.0052  0.0005  0.0005  0.0019
2006.9274    -0.0097    -0.0151     0.0060  0.0005  0.0006  0.0024
2006.9301    -0.0080    -0.0163     0.0120  0.0005  0.0005  0.0021
2006.9329    -0.0109    -0.0163     0.0106  0.0005  0.0006  0.0021
2006.9356    -0.0090    -0.0163     0.0031  0.0006  0.0007  0.0026
2006.9384    -0.0069    -0.0155     0.0062  0.0005  0.0006  0.0024
2006.9411    -0.0106    -0.0160    -0.0027  0.0008  0.0009  0.0035
2006.9438    -0.0090    -0.0131     0.0097  0.0005  0.0006  0.0024
2006.9466    -0.0094    -0.0166     0.0085  0.0006  0.0007  0.0028
2006.9493    -0.0090    -0.0191     0.0068  0.0007  0.0007  0.0026
2006.9521    -0.0085    -0.0228     0.0282  0.0008  0.0009  0.0036
2006.9548    -0.0078    -0.0122     0.0118  0.0005  0.0006  0.0023
2006.9575    -0.0086    -0.0144     0.0088  0.0005  0.0006  0.0023
2006.9603    -0.0068    -0.0131     0.0089  0.0006  0.0007  0.0026
2006.9630    -0.0073    -0.0127     0.0084  0.0005  0.0006  0.0024
2006.9657    -0.0085    -0.0122     0.0133  0.0005  0.0005  0.0021
2006.9685    -0.0066    -0.0146     0.0070  0.0005  0.0005  0.0021
2006.9712    -0.0087    -0.0139     0.0056  0.0005  0.0006  0.0024
2006.9740    -0.0076    -0.0120     0.0128  0.0005  0.0005  0.0022
2006.9767    -0.0072    -0.0128     0.0110  0.0005  0.0005  0.0020
2006.9794    -0.0069    -0.0158     0.0015  0.0006  0.0006  0.0025
2006.9822    -0.0075    -0.0132     0.0121  0.0005  0.0006  0.0022
2006.9849    -0.0084    -0.0144     0.0061  0.0006  0.0006  0.0026
2006.9877    -0.0083    -0.0128     0.0065  0.0005  0.0006  0.0023
2006.9904    -0.0106    -0.0138     0.0148  0.0005  0.0006  0.0023
2006.9931    -0.0064    -0.0151     0.0077  0.0010  0.0012  0.0052
2007.0041    -0.0097    -0.0142     0.0101  0.0010  0.0011  0.0043
2007.0068    -0.0092    -0.0137     0.0085  0.0005  0.0005  0.0019
2007.0096    -0.0087    -0.0136     0.0102  0.0004  0.0005  0.0018
2007.0123    -0.0073    -0.0148     0.0083  0.0004  0.0005  0.0019
2007.0151    -0.0062    -0.0149     0.0075  0.0005  0.0005  0.0019
2007.0178    -0.0059    -0.0122     0.0043  0.0005  0.0005  0.0021
2007.0205    -0.0061    -0.0150     0.0103  0.0004  0.0005  0.0019
2007.0233    -0.0072    -0.0118     0.0023  0.0005  0.0005  0.0021
2007.0260    -0.0088    -0.0145     0.0126  0.0005  0.0005  0.0021
2007.0288    -0.0094    -0.0134     0.0015  0.0004  0.0005  0.0020
2007.0315    -0.0090    -0.0123     0.0054  0.0005  0.0006  0.0022
2007.0342    -0.0087    -0.0152     0.0045  0.0004  0.0005  0.0019
2007.0370    -0.0081    -0.0140     0.0109  0.0004  0.0005  0.0019
2007.0397    -0.0075    -0.0135     0.0069  0.0005  0.0006  0.0019
2007.0425    -0.0058    -0.0113     0.0108  0.0004  0.0005  0.0019
2007.0452    -0.0078    -0.0137     0.0094  0.0004  0.0005  0.0019
2007.0479    -0.0057    -0.0131     0.0069  0.0004  0.0005  0.0018
2007.0507    -0.0073    -0.0120     0.0149  0.0004  0.0005  0.0019
2007.0534    -0.0047    -0.0132     0.0092  0.0005  0.0005  0.0019
2007.0562    -0.0078    -0.0126     0.0056  0.0004  0.0005  0.0018
2007.0589    -0.0081    -0.0120     0.0134  0.0004  0.0005  0.0018
2007.0616    -0.0061    -0.0118     0.0148  0.0004  0.0005  0.0017
2007.0644    -0.0048    -0.0125     0.0085  0.0004  0.0005  0.0018
2007.0671    -0.0045    -0.0110     0.0084  0.0005  0.0005  0.0020
2007.0699    -0.0067    -0.0123     0.0088  0.0004  0.0005  0.0018
2007.0726    -0.0066    -0.0088     0.0190  0.0005  0.0005  0.0020
2007.0753    -0.0056    -0.0115     0.0159  0.0004  0.0005  0.0018
2007.0781    -0.0062    -0.0095     0.0048  0.0005  0.0006  0.0020
2007.0808    -0.0076    -0.0116     0.0156  0.0004  0.0005  0.0020
2007.0836    -0.0065    -0.0103     0.0158  0.0004  0.0005  0.0019
2007.0863    -0.0071    -0.0103     0.0065  0.0004  0.0005  0.0019
2007.0890    -0.0062    -0.0088     0.0190  0.0004  0.0005  0.0017
2007.0918    -0.0063    -0.0093     0.0139  0.0004  0.0005  0.0018
2007.0945    -0.0076    -0.0105     0.0144  0.0004  0.0005  0.0018
2007.0973    -0.0079    -0.0107     0.0161  0.0004  0.0005  0.0017
2007.1000    -0.0064    -0.0135     0.0141  0.0011  0.0014  0.0048
2007.1082    -0.0002    -0.0022     0.0376  0.0012  0.0057  0.0055
2007.1110    -0.0061    -0.0093     0.0091  0.0004  0.0005  0.0019
2007.1137    -0.0044    -0.0103     0.0145  0.0004  0.0005  0.0018
2007.1164    -0.0060    -0.0122     0.0137  0.0004  0.0005  0.0019
2007.1192    -0.0055    -0.0104     0.0207  0.0004  0.0005  0.0019
2007.1219    -0.0042    -0.0116     0.0163  0.0004  0.0005  0.0019
2007.1247    -0.0054    -0.0149     0.0089  0.0005  0.0007  0.0024
2007.1274    -0.0037    -0.0123     0.0306  0.0006  0.0007  0.0026
2007.1301    -0.0051    -0.0115     0.0153  0.0005  0.0006  0.0023
2007.1329    -0.0075    -0.0158     0.0127  0.0007  0.0009  0.0031
2007.1356    -0.0068    -0.0108     0.0182  0.0004  0.0005  0.0018
2007.1384    -0.0045    -0.0107     0.0083  0.0005  0.0005  0.0021
2007.1411    -0.0063    -0.0124     0.0156  0.0004  0.0006  0.0019
2007.1438    -0.0051    -0.0108     0.0088  0.0004  0.0005  0.0019
2007.1466    -0.0059    -0.0074     0.0121  0.0005  0.0005  0.0020
2007.1493    -0.0067    -0.0099     0.0100  0.0005  0.0006  0.0021
2007.1575    -0.0051    -0.0102     0.0166  0.0005  0.0006  0.0022
2007.1603    -0.0036    -0.0121     0.0165  0.0005  0.0006  0.0022
2007.1630    -0.0056    -0.0120     0.0189  0.0005  0.0005  0.0019
2007.1657    -0.0064    -0.0118     0.0154  0.0005  0.0006  0.0021
2007.1685    -0.0083    -0.0112     0.0182  0.0004  0.0005  0.0019
2007.1712    -0.0074    -0.0127     0.0103  0.0005  0.0006  0.0021
2007.1740    -0.0054    -0.0112     0.0147  0.0005  0.0006  0.0021
2007.1767    -0.0061    -0.0081     0.0092  0.0005  0.0006  0.0022
2007.1794    -0.0056    -0.0082     0.0062  0.0005  0.0006  0.0022
2007.1822    -0.0058    -0.0099     0.0129  0.0005  0.0006  0.0022
2007.1849    -0.0058    -0.0124     0.0208  0.0005  0.0006  0.0023
2007.1877    -0.0030    -0.0112     0.0149  0.0004  0.0005  0.0021
2007.1904    -0.0042    -0.0127     0.0110  0.0005  0.0006  0.0023
2007.1931    -0.0060    -0.0135     0.0146  0.0006  0.0006  0.0026
2007.1959    -0.0076    -0.0119     0.0203  0.0005  0.0006  0.0024
2007.1986    -0.0076    -0.0089     0.0107  0.0004  0.0005  0.0019
2007.2014    -0.0070    -0.0135     0.0150  0.0004  0.0005  0.0019
2007.2041    -0.0060    -0.0096     0.0186  0.0004  0.0005  0.0019
2007.2068    -0.0057    -0.0100     0.0102  0.0004  0.0005  0.0019
2007.2096    -0.0052    -0.0120     0.0123  0.0005  0.0006  0.0021
2007.2123    -0.0089    -0.0112     0.0042  0.0004  0.0005  0.0019
2007.2151    -0.0064    -0.0084     0.0177  0.0005  0.0006  0.0021
2007.2178    -0.0059    -0.0087     0.0127  0.0005  0.0006  0.0022
2007.2205    -0.0071    -0.0089     0.0062  0.0005  0.0006  0.0022
2007.2233    -0.0044    -0.0085     0.0110  0.0004  0.0005  0.0019
2007.2260    -0.0070    -0.0078     0.0057  0.0006  0.0006  0.0024
2007.2342    -0.0066    -0.0104     0.0228  0.0006  0.0008  0.0028
2007.2370    -0.0076    -0.0087     0.0151  0.0005  0.0006  0.0022
2007.2397    -0.0074    -0.0102     0.0107  0.0005  0.0006  0.0021
2007.2425    -0.0065    -0.0134     0.0149  0.0005  0.0006  0.0022
2007.2452    -0.0072    -0.0097     0.0104  0.0005  0.0006  0.0022
2007.2479    -0.0068    -0.0088     0.0164  0.0004  0.0005  0.0019
2007.2507    -0.0057    -0.0085     0.0131  0.0005  0.0006  0.0024
2007.2534    -0.0075    -0.0091     0.0198  0.0006  0.0007  0.0024
2007.2562    -0.0081    -0.0105     0.0233  0.0004  0.0005  0.0019
2007.2589    -0.0061    -0.0123     0.0071  0.0006  0.0008  0.0027
2007.2616    -0.0070    -0.0110     0.0136  0.0004  0.0005  0.0020
2007.2644    -0.0096    -0.0096     0.0169  0.0004  0.0005  0.0019
2007.2671    -0.0060    -0.0121     0.0144  0.0005  0.0006  0.0023
2007.2699    -0.0054    -0.0094     0.0126  0.0005  0.0006  0.0021
2007.2726    -0.0086    -0.0100     0.0171  0.0006  0.0007  0.0025
2007.2753    -0.0068    -0.0135     0.0267  0.0006  0.0007  0.0026
2007.2781    -0.0100    -0.0097     0.0154  0.0005  0.0006  0.0023
2007.2808    -0.0055    -0.0117     0.0241  0.0005  0.0006  0.0023
2007.2836    -0.0096    -0.0108     0.0210  0.0007  0.0008  0.0032
2007.2863    -0.0048    -0.0074     0.0204  0.0007  0.0009  0.0031
2007.2890    -0.0098    -0.0106     0.0179  0.0005  0.0006  0.0022
2007.2918    -0.0070    -0.0071     0.0168  0.0006  0.0009  0.0029
2007.2945    -0.0080    -0.0099     0.0171  0.0005  0.0006  0.0023
2007.2973    -0.0042    -0.0098     0.0130  0.0005  0.0006  0.0024
2007.3000    -0.0068    -0.0105     0.0243  0.0007  0.0009  0.0032
2007.3027    -0.0025    -0.0086     0.0307  0.0009  0.0011  0.0041
2007.3055    -0.0054    -0.0102     0.0070  0.0006  0.0008  0.0027
2007.3082    -0.0066    -0.0113     0.0109  0.0005  0.0006  0.0022
2007.3110    -0.0054    -0.0114     0.0245  0.0006  0.0007  0.0024
2007.3137    -0.0073    -0.0072     0.0098  0.0005  0.0007  0.0024
2007.3164    -0.0057    -0.0110     0.0094  0.0005  0.0006  0.0022
2007.3192    -0.0077    -0.0076     0.0113  0.0007  0.0008  0.0031
2007.3219    -0.0054    -0.0094     0.0109  0.0004  0.0005  0.0019
2007.3247    -0.0041    -0.0098     0.0157  0.0005  0.0006  0.0020
2007.3274    -0.0086    -0.0117     0.0233  0.0007  0.0008  0.0029
2007.3301    -0.0063    -0.0084     0.0120  0.0005  0.0006  0.0020
2007.3329    -0.0034    -0.0079     0.0170  0.0005  0.0006  0.0022
2007.3356    -0.0057    -0.0077     0.0107  0.0005  0.0005  0.0019
2007.3384    -0.0065    -0.0074     0.0181  0.0005  0.0006  0.0020
2007.3411    -0.0061    -0.0089     0.0089  0.0005  0.0007  0.0024
2007.3438    -0.0058    -0.0093     0.0138  0.0004  0.0005  0.0018
2007.3466    -0.0066    -0.0094     0.0155  0.0005  0.0006  0.0020
2007.3493    -0.0044    -0.0108     0.0157  0.0005  0.0006  0.0019
2007.3521    -0.0050    -0.0111     0.0150  0.0005  0.0006  0.0020
2007.3548    -0.0067    -0.0089     0.0120  0.0004  0.0005  0.0019
2007.3575    -0.0072    -0.0088     0.0092  0.0006  0.0007  0.0024
2007.3603    -0.0097    -0.0087     0.0189  0.0005  0.0007  0.0023
2007.3630    -0.0065    -0.0119     0.0121  0.0005  0.0007  0.0023
2007.3657    -0.0060    -0.0083     0.0071  0.0005  0.0006  0.0020
2007.3685    -0.0071    -0.0076     0.0139  0.0005  0.0006  0.0021
2007.3712    -0.0082    -0.0118     0.0117  0.0005  0.0007  0.0023
2007.3740    -0.0042    -0.0083     0.0201  0.0006  0.0008  0.0028
2007.3767    -0.0034    -0.0130     0.0031  0.0006  0.0007  0.0026
2007.3794    -0.0052    -0.0103     0.0078  0.0005  0.0007  0.0023
2007.3822    -0.0052    -0.0114     0.0070  0.0005  0.0006  0.0021
2007.3849    -0.0072    -0.0086     0.0246  0.0005  0.0006  0.0022
2007.3877    -0.0065    -0.0073     0.0167  0.0007  0.0009  0.0032
2007.3904    -0.0033    -0.0109     0.0023  0.0008  0.0009  0.0032
2007.3931    -0.0035    -0.0086     0.0234  0.0005  0.0007  0.0024
2007.3959    -0.0031    -0.0077     0.0085  0.0005  0.0006  0.0022
2007.3986    -0.0051    -0.0062     0.0170  0.0007  0.0009  0.0032
2007.4014    -0.0039    -0.0068     0.0094  0.0005  0.0005  0.0020
2007.4041    -0.0067    -0.0088     0.0070  0.0006  0.0007  0.0025
2007.4068    -0.0056    -0.0053     0.0121  0.0006  0.0007  0.0027
2007.4096    -0.0058    -0.0061     0.0106  0.0004  0.0005  0.0018
2007.4123    -0.0059    -0.0077     0.0002  0.0005  0.0006  0.0023
2007.4151    -0.0057    -0.0057     0.0085  0.0005  0.0007  0.0023
2007.4178    -0.0030    -0.0080     0.0117  0.0006  0.0007  0.0026
2007.4205    -0.0077    -0.0050     0.0101  0.0006  0.0007  0.0027
2007.4233    -0.0088    -0.0072     0.0100  0.0006  0.0007  0.0024
2007.4260    -0.0055    -0.0065     0.0134  0.0006  0.0007  0.0025
2007.4288    -0.0062    -0.0053    -0.0013  0.0006  0.0008  0.0027
2007.4315    -0.0104    -0.0101     0.0066  0.0007  0.0009  0.0031
2007.4342    -0.0067    -0.0065     0.0017  0.0005  0.0006  0.0022
2007.4370    -0.0056    -0.0047     0.0006  0.0006  0.0007  0.0025
2007.4397    -0.0056    -0.0078     0.0111  0.0005  0.0006  0.0023
2007.4425    -0.0061    -0.0076     0.0126  0.0005  0.0006  0.0022
2007.4452    -0.0071    -0.0102     0.0146  0.0006  0.0007  0.0025
2007.4479    -0.0065    -0.0059     0.0223  0.0006  0.0007  0.0027
2007.4507    -0.0057    -0.0086     0.0038  0.0005  0.0006  0.0023
2007.4534    -0.0077    -0.0069     0.0151  0.0008  0.0009  0.0034
2007.4562    -0.0048    -0.0078     0.0065  0.0006  0.0007  0.0027
2007.4589    -0.0064    -0.0106     0.0113  0.0008  0.0009  0.0035
2007.4616    -0.0066    -0.0068     0.0129  0.0006  0.0008  0.0027
2007.4644    -0.0096    -0.0066    -0.0007  0.0007  0.0008  0.0031
2007.4671    -0.0061    -0.0075     0.0171  0.0006  0.0007  0.0025
2007.4699    -0.0071    -0.0069     0.0015  0.0006  0.0008  0.0029
2007.4726    -0.0063    -0.0089     0.0073  0.0005  0.0006  0.0023
2007.4753    -0.0085    -0.0069     0.0152  0.0009  0.0010  0.0038
2007.4781    -0.0043    -0.0059     0.0041  0.0005  0.0006  0.0021
2007.4808    -0.0047    -0.0053    -0.0012  0.0005  0.0006  0.0024
2007.4836    -0.0063    -0.0068     0.0056  0.0005  0.0006  0.0023
2007.4863    -0.0052    -0.0075     0.0091  0.0006  0.0007  0.0026
2007.4890    -0.0050    -0.0061     0.0040  0.0004  0.0005  0.0018
2007.4918    -0.0079    -0.0076     0.0119  0.0005  0.0006  0.0020
2007.4945    -0.0046    -0.0036     0.0094  0.0006  0.0007  0.0025
2007.4973    -0.0032    -0.0045     0.0111  0.0005  0.0006  0.0020
2007.5000    -0.0021    -0.0045     0.0121  0.0005  0.0006  0.0022
2007.5027    -0.0066    -0.0070     0.0077  0.0005  0.0006  0.0020
2007.5055    -0.0073    -0.0074     0.0148  0.0005  0.0006  0.0020
2007.5082    -0.0043    -0.0049     0.0074  0.0005  0.0006  0.0023
2007.5110    -0.0059    -0.0055     0.0088  0.0005  0.0006  0.0021
2007.5137    -0.0042    -0.0099     0.0103  0.0006  0.0007  0.0025
2007.5164    -0.0048    -0.0060     0.0052  0.0005  0.0006  0.0021
2007.5192    -0.0053    -0.0051    -0.0048  0.0005  0.0006  0.0020
2007.5219    -0.0042    -0.0045    -0.0030  0.0005  0.0006  0.0020
2007.5247    -0.0035    -0.0072     0.0120  0.0006  0.0007  0.0024
2007.5274    -0.0036    -0.0071     0.0018  0.0004  0.0006  0.0020
2007.5301    -0.0057    -0.0046     0.0215  0.0007  0.0009  0.0031
2007.5329    -0.0048    -0.0063     0.0057  0.0005  0.0007  0.0023
2007.5356    -0.0048    -0.0058     0.0129  0.0006  0.0007  0.0026
2007.5384    -0.0048    -0.0061     0.0157  0.0005  0.0006  0.0022
2007.5411    -0.0089    -0.0032     0.0045  0.0007  0.0009  0.0032
2007.5438    -0.0048    -0.0054     0.0123  0.0006  0.0008  0.0028
2007.5466    -0.0063    -0.0066     0.0063  0.0007  0.0009  0.0032
2007.5493    -0.0049    -0.0038     0.0042  0.0006  0.0007  0.0026
2007.5521    -0.0031    -0.0052    -0.0027  0.0005  0.0007  0.0023
2007.5548    -0.0064    -0.0057     0.0045  0.0006  0.0007  0.0025
2007.5575    -0.0053    -0.0067    -0.0025  0.0005  0.0006  0.0021
2007.5603    -0.0089    -0.0074     0.0014  0.0007  0.0008  0.0031
2007.5630    -0.0049    -0.0057     0.0088  0.0005  0.0007  0.0023
2007.5657    -0.0065    -0.0032     0.0126  0.0007  0.0008  0.0031
2007.5685    -0.0045    -0.0078     0.0192  0.0006  0.0008  0.0028
2007.5712    -0.0055    -0.0033     0.0008  0.0005  0.0007  0.0024
2007.5740    -0.0042    -0.0047     0.0054  0.0005  0.0006  0.0023
2007.5767    -0.0059    -0.0072     0.0080  0.0005  0.0006  0.0022
2007.5794    -0.0046    -0.0052     0.0041  0.0005  0.0006  0.0023
2007.5822    -0.0032    -0.0078    -0.0019  0.0008  0.0010  0.0037
2007.5849    -0.0066    -0.0050     0.0075  0.0006  0.0007  0.0025
2007.5877    -0.0050    -0.0094     0.0170  0.0006  0.0008  0.0028
2007.5904    -0.0048    -0.0073    -0.0014  0.0005  0.0006  0.0021
2007.5931    -0.0027    -0.0034     0.0099  0.0006  0.0007  0.0027
2007.5959    -0.0015    -0.0042     0.0008  0.0005  0.0007  0.0024
2007.5986    -0.0025    -0.0075     0.0017  0.0006  0.0007  0.0025
2007.6014    -0.0016    -0.0052     0.0088  0.0006  0.0008  0.0028
2007.6041    -0.0037    -0.0080     0.0080  0.0005  0.0006  0.0024
2007.6068    -0.0034    -0.0069     0.0058  0.0005  0.0006  0.0023
2007.6096    -0.0034    -0.0029     0.0014  0.0006  0.0007  0.0026
2007.6123    -0.0027    -0.0063     0.0019  0.0004  0.0006  0.0020
2007.6151    -0.0023    -0.0105     0.0138  0.0006  0.0008  0.0026
2007.6178    -0.0028    -0.0097     0.0077  0.0005  0.0007  0.0022
2007.6205    -0.0017    -0.0094     0.0122  0.0008  0.0010  0.0035
2007.6233    -0.0049    -0.0080    -0.0002  0.0009  0.0012  0.0041
2007.6342    -0.0030    -0.0044     0.0074  0.0004  0.0005  0.0018
2007.6397    -0.0039    -0.0064     0.0131  0.0005  0.0006  0.0021
2007.6425    -0.0014    -0.0046     0.0024  0.0005  0.0007  0.0023
2007.6452     0.0019    -0.0071     0.0120  0.0008  0.0010  0.0034
2007.6479    -0.0018    -0.0111     0.0336  0.0009  0.0011  0.0039
2007.6507    -0.0026    -0.0067    -0.0017  0.0006  0.0007  0.0026
2007.6534    -0.0010    -0.0046     0.0021  0.0004  0.0005  0.0020
2007.6562    -0.0020    -0.0042     0.0103  0.0005  0.0006  0.0023
2007.6589    -0.0026    -0.0058    -0.0059  0.0006  0.0007  0.0026
2007.6616    -0.0034    -0.0083     0.0214  0.0008  0.0010  0.0037
2007.6644    -0.0042    -0.0036     0.0119  0.0005  0.0006  0.0025
2007.6671    -0.0021    -0.0021     0.0023  0.0005  0.0006  0.0025
2007.6699     0.0003    -0.0062    -0.0024  0.0006  0.0007  0.0026
2007.6726     0.0005    -0.0036     0.0022  0.0005  0.0006  0.0022
2007.6753    -0.0012    -0.0036     0.0019  0.0005  0.0005  0.0021
2007.6781    -0.0005    -0.0039     0.0039  0.0005  0.0006  0.0024
2007.6836    -0.0002    -0.0053     0.0112  0.0006  0.0007  0.0028
2007.6863     0.0065    -0.0015     0.0161  0.0007  0.0009  0.0034
2007.6890    -0.0007    -0.0032     0.0021  0.0005  0.0006  0.0023
2007.6918    -0.0015    -0.0045     0.0042  0.0005  0.0006  0.0022
2007.6945    -0.0021    -0.0047     0.0052  0.0006  0.0007  0.0029
2007.6973     0.0020    -0.0032     0.0084  0.0006  0.0007  0.0026
2007.7027    -0.0016    -0.0056     0.0044  0.0006  0.0007  0.0028
2007.7055    -0.0007    -0.0022     0.0083  0.0005  0.0006  0.0024
2007.7082     0.0028    -0.0002     0.0027  0.0006  0.0008  0.0028
2007.7110    -0.0028    -0.0052     0.0077  0.0005  0.0005  0.0020
2007.7137    -0.0025    -0.0059     0.0107  0.0005  0.0006  0.0023
2007.7164    -0.0029    -0.0037     0.0044  0.0005  0.0006  0.0022
2007.7192    -0.0034    -0.0030     0.0094  0.0005  0.0006  0.0021
2007.7219    -0.0014    -0.0031     0.0119  0.0006  0.0008  0.0027
2007.7247    -0.0006    -0.0021     0.0049  0.0005  0.0006  0.0022
2007.7274     0.0028    -0.0012     0.0240  0.0007  0.0009  0.0032
2007.7301    -0.0022    -0.0038    -0.0161  0.0008  0.0010  0.0039
2007.7329    -0.0038    -0.0019     0.0092  0.0005  0.0006  0.0023
2007.7356    -0.0022    -0.0058     0.0078  0.0005  0.0006  0.0025
2007.7384    -0.0028     0.0010    -0.0023  0.0005  0.0006  0.0024
2007.7411    -0.0019    -0.0011     0.0129  0.0006  0.0007  0.0027
2007.7438    -0.0025    -0.0029     0.0041  0.0006  0.0008  0.0029
2007.7466    -0.0004     0.0019     0.0103  0.0006  0.0007  0.0028
2007.7493    -0.0011    -0.0015     0.0020  0.0005  0.0006  0.0022
2007.7521     0.0001    -0.0019     0.0028  0.0004  0.0005  0.0018
2007.7548    -0.0019     0.0004     0.0086  0.0006  0.0007  0.0025
2007.7575     0.0007    -0.0030     0.0022  0.0005  0.0006  0.0021
2007.7603     0.0007    -0.0004     0.0089  0.0008  0.0009  0.0032
2007.7630     0.0014    -0.0015     0.0017  0.0005  0.0006  0.0023
2007.7657     0.0012    -0.0018     0.0088  0.0005  0.0006  0.0022
2007.7685    -0.0015    -0.0017     0.0042  0.0005  0.0006  0.0021
2007.7712     0.0008    -0.0025     0.0060  0.0006  0.0007  0.0025
2007.7740     0.0000    -0.0030    -0.0011  0.0005  0.0005  0.0020
2007.7767     0.0003    -0.0011     0.0093  0.0005  0.0006  0.0020
2007.7794     0.0054     0.0005     0.0059  0.0008  0.0010  0.0036
2007.7822     0.0003    -0.0022     0.0013  0.0007  0.0008  0.0030
2007.7849    -0.0021    -0.0024     0.0026  0.0005  0.0006  0.0024
2007.7877    -0.0018    -0.0000     0.0088  0.0005  0.0007  0.0025
2007.7904    -0.0007     0.0002    -0.0072  0.0005  0.0006  0.0023
2007.7931     0.0001    -0.0005     0.0155  0.0004  0.0005  0.0020
2007.7959     0.0000     0.0009     0.0004  0.0005  0.0006  0.0023
2007.7986     0.0001     0.0010     0.0032  0.0006  0.0008  0.0029
2007.8014    -0.0002    -0.0049    -0.0002  0.0005  0.0006  0.0023
2007.8041     0.0002     0.0005    -0.0047  0.0006  0.0007  0.0025
2007.8068    -0.0002    -0.0003     0.0040  0.0006  0.0007  0.0024
2007.8096     0.0006    -0.0013     0.0073  0.0005  0.0006  0.0023
2007.8123    -0.0004     0.0027    -0.0039  0.0006  0.0007  0.0027
2007.8151    -0.0022    -0.0015     0.0133  0.0010  0.0011  0.0044
2007.8178    -0.0028     0.0000    -0.0020  0.0006  0.0007  0.0025
2007.8205     0.0032    -0.0005     0.0052  0.0008  0.0010  0.0036
2007.8233     0.0035    -0.0014     0.0087  0.0007  0.0009  0.0031
2007.8260    -0.0026     0.0026    -0.0073  0.0008  0.0010  0.0034
2007.8288     0.0002     0.0000    -0.0030  0.0006  0.0007  0.0026
2007.8315     0.0011    -0.0013    -0.0001  0.0006  0.0007  0.0026
2007.8342     0.0058    -0.0045     0.0075  0.0008  0.0010  0.0035
2007.8370     0.0010    -0.0046     0.0024  0.0006  0.0007  0.0026
2007.8397     0.0008    -0.0045     0.0021  0.0005  0.0006  0.0022
2007.8425     0.0011    -0.0058    -0.0081  0.0006  0.0008  0.0027
2007.8452    -0.0009     0.0041     0.0186  0.0008  0.0010  0.0036
2007.8479     0.0021     0.0002    -0.0173  0.0006  0.0008  0.0029
2007.8507     0.0024    -0.0011     0.0020  0.0006  0.0008  0.0031
2007.8534     0.0006    -0.0037    -0.0101  0.0007  0.0008  0.0032
2007.8699    -0.0003     0.0006     0.0060  0.0006  0.0007  0.0025
2007.8726     0.0009     0.0010    -0.0010  0.0006  0.0007  0.0025
2007.8753    -0.0003    -0.0018    -0.0034  0.0005  0.0006  0.0023
2007.8781     0.0001    -0.0005    -0.0109  0.0005  0.0006  0.0023
2007.8808    -0.0014    -0.0032     0.0028  0.0005  0.0006  0.0021
2007.8836     0.0015    -0.0039     0.0002  0.0005  0.0006  0.0021
2007.8863    -0.0010    -0.0022    -0.0057  0.0004  0.0005  0.0018
2007.8890     0.0006    -0.0042     0.0034  0.0006  0.0007  0.0025
2007.8918    -0.0004    -0.0022    -0.0057  0.0006  0.0007  0.0026
2007.8945     0.0008    -0.0036     0.0029  0.0005  0.0007  0.0024
2007.8973     0.0010    -0.0037    -0.0034  0.0006  0.0007  0.0025
2007.9000     0.0006    -0.0034    -0.0013  0.0004  0.0005  0.0020
2007.9027     0.0014    -0.0036     0.0069  0.0005  0.0006  0.0023
2007.9055     0.0038    -0.0042     0.0012  0.0005  0.0006  0.0022
2007.9082     0.0013    -0.0030    -0.0117  0.0005  0.0006  0.0021
2007.9110     0.0028    -0.0044    -0.0007  0.0005  0.0007  0.0023
2007.9137     0.0009    -0.0052     0.0038  0.0005  0.0006  0.0021
2007.9164     0.0023    -0.0050    -0.0035  0.0005  0.0006  0.0022
2007.9192     0.0017    -0.0039     0.0013  0.0005  0.0006  0.0020
2007.9219    -0.0001    -0.0037    -0.0084  0.0005  0.0006  0.0021
2007.9247     0.0013    -0.0034    -0.0055  0.0005  0.0006  0.0022
2007.9301     0.0032    -0.0024    -0.0095  0.0005  0.0006  0.0022
2007.9329     0.0032    -0.0020    -0.0070  0.0005  0.0006  0.0021
2007.9356     0.0031    -0.0035    -0.0028  0.0007  0.0008  0.0029
2007.9384     0.0030    -0.0065     0.0030  0.0005  0.0006  0.0021
2007.9493     0.0022    -0.0041     0.0086  0.0004  0.0005  0.0018
2007.9521     0.0046    -0.0021     0.0013  0.0004  0.0005  0.0019
2007.9575     0.0031    -0.0039     0.0107  0.0005  0.0006  0.0022
2007.9603     0.0024    -0.0035     0.0102  0.0008  0.0009  0.0033
2007.9630     0.0017     0.0007    -0.0057  0.0006  0.0007  0.0026
2007.9657     0.0012    -0.0027    -0.0016  0.0005  0.0006  0.0021
2007.9712     0.0013    -0.0030    -0.0007  0.0004  0.0005  0.0019
2007.9740     0.0004     0.0006    -0.0001  0.0004  0.0005  0.0018
2007.9767     0.0018     0.0001     0.0022  0.0004  0.0005  0.0018
2007.9794     0.0028    -0.0012     0.0038  0.0004  0.0005  0.0019
2007.9822    -0.0012    -0.0004     0.0009  0.0004  0.0005  0.0019
2007.9849     0.0035    -0.0022     0.0010  0.0005  0.0007  0.0024
2007.9877     0.0025    -0.0023     0.0161  0.0005  0.0006  0.0022
2007.9904     0.0022    -0.0022     0.0063  0.0005  0.0006  0.0022
2007.9931     0.0028    -0.0010     0.0031  0.0004  0.0005  0.0017
2007.9959     0.0008    -0.0014     0.0055  0.0004  0.0005  0.0018
2007.9986     0.0000    -0.0007     0.0048  0.0006  0.0008  0.0026
2008.0014     0.0030     0.0000    -0.0055  0.0004  0.0006  0.0019
2008.0041     0.0013    -0.0003    -0.0183  0.0006  0.0008  0.0027
2008.0068     0.0025     0.0006     0.0010  0.0005  0.0006  0.0021
2008.0096     0.0023     0.0023     0.0035  0.0004  0.0005  0.0017
2008.0123     0.0013     0.0010     0.0052  0.0004  0.0005  0.0017
2008.0150     0.0040    -0.0015    -0.0001  0.0004  0.0005  0.0018
2008.0178     0.0035     0.0006    -0.0025  0.0004  0.0005  0.0018
2008.0205     0.0037     0.0004     0.0032  0.0004  0.0005  0.0018
2008.0232     0.0038    -0.0002     0.0060  0.0004  0.0005  0.0018
2008.0260     0.0033     0.0016    -0.0020  0.0004  0.0005  0.0019
2008.0287     0.0030     0.0020     0.0063  0.0004  0.0005  0.0019
2008.0314     0.0019    -0.0008     0.0060  0.0005  0.0006  0.0023
2008.0341     0.0034    -0.0001    -0.0027  0.0005  0.0006  0.0022
2008.0369     0.0030    -0.0013     0.0038  0.0004  0.0005  0.0019
2008.0396     0.0041    -0.0021     0.0085  0.0005  0.0007  0.0024
2008.0423     0.0032     0.0019     0.0129  0.0006  0.0008  0.0027
2008.0451     0.0048    -0.0030    -0.0038  0.0005  0.0007  0.0022
2008.0478     0.0043     0.0021    -0.0007  0.0005  0.0006  0.0023
2008.0505     0.0027     0.0008    -0.0001  0.0005  0.0005  0.0020
2008.0533     0.0023     0.0013    -0.0015  0.0005  0.0006  0.0021
2008.0560     0.0047     0.0012    -0.0030  0.0005  0.0006  0.0022
2008.0587     0.0034     0.0014     0.0055  0.0004  0.0006  0.0019
2008.0615     0.0018     0.0011     0.0034  0.0004  0.0006  0.0020
2008.0642     0.0031     0.0026    -0.0020  0.0004  0.0005  0.0018
2008.1872     0.0039    -0.0036     0.0032  0.0006  0.0007  0.0025
2008.1899     0.0060    -0.0001     0.0099  0.0004  0.0006  0.0020
2008.1926     0.0053     0.0006     0.0162  0.0005  0.0006  0.0021
2008.1954     0.0051     0.0018     0.0157  0.0005  0.0007  0.0021
2008.1981     0.0040     0.0004     0.0033  0.0004  0.0006  0.0019
2008.2008     0.0065    -0.0038     0.0095  0.0006  0.0008  0.0026
2008.2664     0.0073     0.0017     0.0022  0.0011  0.0013  0.0046
2008.2773     0.0057     0.0026     0.0077  0.0005  0.0006  0.0022
2008.2801     0.0083    -0.0028     0.0127  0.0005  0.0007  0.0024
2008.2828     0.0042     0.0031     0.0117  0.0005  0.0006  0.0022
2008.2855     0.0054     0.0044     0.0041  0.0005  0.0006  0.0022
2008.2882     0.0040     0.0034     0.0139  0.0005  0.0006  0.0020
2008.2910     0.0057     0.0046     0.0091  0.0005  0.0006  0.0020
2008.2937     0.0025    -0.0003     0.0158  0.0008  0.0010  0.0035
2008.2964     0.0031     0.0069     0.0014  0.0005  0.0006  0.0020
2008.2992     0.0047     0.0036     0.0104  0.0005  0.0006  0.0021
2008.3019     0.0053     0.0021     0.0087  0.0005  0.0006  0.0021
2008.3046     0.0053     0.0025     0.0104  0.0005  0.0006  0.0021
2008.3074     0.0067     0.0030     0.0170  0.0004  0.0006  0.0019
2008.3101     0.0068     0.0031     0.0154  0.0004  0.0005  0.0019
2008.3128     0.0081     0.0015     0.0133  0.0005  0.0006  0.0023
2008.3156     0.0081     0.0030     0.0126  0.0005  0.0006  0.0022
2008.3183     0.0088     0.0035     0.0061  0.0004  0.0006  0.0019
2008.3210     0.0077     0.0016     0.0189  0.0005  0.0006  0.0022
2008.3238     0.0035     0.0039    -0.0026  0.0006  0.0007  0.0025
2008.3265     0.0066     0.0044     0.0146  0.0005  0.0006  0.0022
2008.3292     0.0066    -0.0003     0.0163  0.0007  0.0009  0.0030
2008.3320     0.0070     0.0007     0.0349  0.0009  0.0013  0.0040
2008.3347     0.0043     0.0027     0.0056  0.0007  0.0010  0.0032
2008.3374     0.0043     0.0030     0.0141  0.0006  0.0008  0.0027
2008.3402     0.0057     0.0035    -0.0035  0.0008  0.0010  0.0036
2008.3429     0.0081     0.0048     0.0047  0.0008  0.0011  0.0038
2008.3456     0.0060    -0.0001     0.0166  0.0008  0.0009  0.0034
2008.3484     0.0061     0.0015     0.0088  0.0005  0.0006  0.0021
2008.3511     0.0055     0.0025     0.0080  0.0004  0.0005  0.0018
2008.3538     0.0059     0.0036     0.0055  0.0005  0.0006  0.0021
2008.3566     0.0043     0.0051     0.0128  0.0005  0.0006  0.0021
2008.3593     0.0012     0.0051     0.0066  0.0005  0.0007  0.0023
2008.3620     0.0040     0.0045     0.0104  0.0005  0.0007  0.0023
2008.3647     0.0044     0.0038    -0.0048  0.0006  0.0008  0.0025
2008.3675     0.0069     0.0038     0.0119  0.0006  0.0007  0.0025
2008.3702     0.0051     0.0064     0.0053  0.0005  0.0006  0.0022
2008.3729     0.0065     0.0014     0.0213  0.0006  0.0007  0.0024
2008.3757     0.0048     0.0003     0.0074  0.0006  0.0007  0.0025
2008.3784     0.0069     0.0041     0.0123  0.0005  0.0007  0.0024
2008.3811     0.0056    -0.0009     0.0124  0.0005  0.0007  0.0023
2008.3839     0.0067     0.0038     0.0102  0.0005  0.0006  0.0020
2008.3866     0.0061    -0.0002     0.0064  0.0005  0.0006  0.0023
2008.3893     0.0051     0.0028     0.0084  0.0005  0.0006  0.0021
2008.3921     0.0073     0.0018    -0.0043  0.0005  0.0006  0.0020
2008.3948     0.0053     0.0049    -0.0075  0.0005  0.0006  0.0022
2008.3975     0.0042     0.0029     0.0070  0.0007  0.0009  0.0030
2008.4003     0.0050     0.0010    -0.0012  0.0006  0.0008  0.0027
2008.4030     0.0053     0.0030     0.0037  0.0005  0.0006  0.0020
2008.4057     0.0061     0.0043    -0.0013  0.0004  0.0006  0.0019
2008.4085     0.0021     0.0069     0.0119  0.0006  0.0006  0.0024
2008.4112     0.0049     0.0044    -0.0022  0.0005  0.0007  0.0024
2008.4139     0.0029     0.0049     0.0006  0.0006  0.0007  0.0024
2008.4167     0.0049     0.0064    -0.0037  0.0006  0.0007  0.0025
2008.4194     0.0043     0.0024     0.0117  0.0006  0.0007  0.0025
2008.4221     0.0056     0.0031    -0.0016  0.0005  0.0006  0.0023
2008.4249     0.0051     0.0004     0.0055  0.0006  0.0008  0.0029
2008.4276     0.0050     0.0029     0.0007  0.0006  0.0007  0.0026
2008.4303     0.0053     0.0043     0.0075  0.0007  0.0008  0.0030
2008.4331     0.0041     0.0069     0.0041  0.0005  0.0007  0.0024
2008.4358     0.0013     0.0028    -0.0124  0.0005  0.0006  0.0023
2008.4385     0.0016     0.0043    -0.0026  0.0005  0.0006  0.0022
2008.4413     0.0031     0.0087     0.0003  0.0006  0.0007  0.0026
2008.4440     0.0032     0.0021    -0.0047  0.0006  0.0007  0.0025
2008.4467     0.0047     0.0015     0.0008  0.0006  0.0008  0.0027
2008.4549     0.0027     0.0035     0.0116  0.0005  0.0007  0.0024
2008.4576     0.0045     0.0056    -0.0046  0.0004  0.0005  0.0018
2008.4604     0.0059     0.0033     0.0026  0.0006  0.0007  0.0026
2008.4631     0.0046     0.0023     0.0036  0.0006  0.0007  0.0025
2008.4658     0.0001     0.0037     0.0127  0.0006  0.0007  0.0027
2008.4686     0.0068     0.0056     0.0004  0.0006  0.0007  0.0026
2008.4713     0.0046     0.0057    -0.0005  0.0005  0.0006  0.0020
2008.4740     0.0085     0.0077    -0.0024  0.0006  0.0008  0.0028
2008.4768     0.0052     0.0063    -0.0062  0.0004  0.0005  0.0018
2008.4795     0.0043     0.0059     0.0006  0.0005  0.0006  0.0022
2008.4822     0.0032     0.0062     0.0078  0.0004  0.0005  0.0019
2008.4850     0.0050     0.0052     0.0014  0.0004  0.0005  0.0018
2008.4877     0.0058     0.0089    -0.0039  0.0005  0.0006  0.0021
2008.4904     0.0032     0.0089    -0.0036  0.0004  0.0005  0.0018
2008.4932     0.0046     0.0082    -0.0014  0.0004  0.0005  0.0019
2008.4959     0.0052     0.0080     0.0055  0.0005  0.0007  0.0024
2008.4986     0.0057     0.0054    -0.0033  0.0005  0.0006  0.0023
2008.5014     0.0062     0.0052    -0.0086  0.0005  0.0006  0.0020
2008.5041     0.0053     0.0028     0.0022  0.0005  0.0006  0.0022
2008.5068     0.0027     0.0033    -0.0036  0.0005  0.0006  0.0022
2008.5096     0.0042     0.0050    -0.0088  0.0006  0.0008  0.0027
2008.5123     0.0037     0.0050    -0.0018  0.0006  0.0007  0.0025
2008.5150     0.0026     0.0033    -0.0028  0.0005  0.0007  0.0024
2008.5178     0.0053     0.0039    -0.0043  0.0006  0.0008  0.0026
2008.5232     0.0038     0.0081    -0.0001  0.0007  0.0008  0.0031
2008.5260     0.0068     0.0068    -0.0042  0.0004  0.0006  0.0020
2008.5287     0.0061     0.0041    -0.0055  0.0007  0.0012  0.0034
2008.5314     0.0036     0.0110    -0.0041  0.0005  0.0006  0.0022
2008.5341    -0.0002     0.0084     0.0085  0.0007  0.0009  0.0031
2008.5369     0.0028     0.0091     0.0132  0.0006  0.0008  0.0027
2008.5396     0.0050     0.0054     0.0025  0.0004  0.0006  0.0020
2008.5423     0.0045     0.0042    -0.0043  0.0004  0.0006  0.0020
2008.5451     0.0049     0.0087    -0.0089  0.0004  0.0005  0.0018
2008.5478     0.0054     0.0058    -0.0042  0.0004  0.0006  0.0020
2008.5505     0.0050     0.0098    -0.0024  0.0004  0.0006  0.0020
2008.5533     0.0051     0.0062    -0.0023  0.0005  0.0006  0.0022
2008.5560     0.0060     0.0052     0.0024  0.0005  0.0007  0.0024
2008.5587     0.0049     0.0064     0.0046  0.0004  0.0005  0.0019
2008.5615     0.0054     0.0075    -0.0004  0.0005  0.0006  0.0020
2008.5642     0.0032     0.0089    -0.0068  0.0004  0.0006  0.0020
2008.5669     0.0022     0.0078    -0.0074  0.0005  0.0006  0.0022
2008.5697     0.0073     0.0060     0.0047  0.0006  0.0008  0.0027
2008.5724     0.0056     0.0053    -0.0014  0.0005  0.0006  0.0021
2008.5751     0.0061     0.0076     0.0021  0.0005  0.0006  0.0022
2008.5779     0.0059     0.0063    -0.0041  0.0005  0.0007  0.0024
2008.5806     0.0094     0.0080     0.0001  0.0006  0.0008  0.0027
2008.5833     0.0055     0.0046    -0.0061  0.0004  0.0006  0.0020
2008.5861     0.0039     0.0057    -0.0031  0.0004  0.0006  0.0019
2008.5888     0.0055     0.0051     0.0047  0.0005  0.0006  0.0021
2008.5915     0.0048     0.0057     0.0117  0.0006  0.0007  0.0026
2008.5943     0.0058     0.0082     0.0229  0.0007  0.0009  0.0031
2008.5970     0.0036     0.0068    -0.0043  0.0005  0.0007  0.0024
2008.5997     0.0071     0.0078     0.0072  0.0005  0.0006  0.0021
2008.6025     0.0075     0.0065    -0.0059  0.0006  0.0007  0.0024
2008.6052     0.0086     0.0079    -0.0006  0.0006  0.0008  0.0027
2008.6079     0.0081     0.0054    -0.0004  0.0006  0.0007  0.0024
2008.6107     0.0091     0.0037     0.0123  0.0006  0.0008  0.0027
2008.6134     0.0065     0.0060    -0.0028  0.0004  0.0005  0.0018
2008.6161     0.0054     0.0031     0.0177  0.0006  0.0008  0.0028
2008.6188     0.0099     0.0034     0.0029  0.0005  0.0006  0.0021
2008.6216     0.0079     0.0042     0.0031  0.0004  0.0005  0.0018
2008.6243     0.0088     0.0042    -0.0022  0.0005  0.0007  0.0024
2008.6298     0.0085     0.0037     0.0039  0.0008  0.0010  0.0036
2008.6325     0.0076     0.0088     0.0044  0.0006  0.0007  0.0026
2013.0397     0.0603     0.0608    -0.0054  0.0003  0.0004  0.0014
2013.0425     0.0603     0.0612    -0.0012  0.0003  0.0004  0.0013
2013.0452     0.0598     0.0620    -0.0000  0.0003  0.0004  0.0014
2013.0479     0.0608     0.0618    -0.0074  0.0004  0.0005  0.0016
2013.0507     0.0611     0.0608    -0.0069  0.0003  0.0004  0.0012
2013.0534     0.0606     0.0587    -0.0032  0.0003  0.0004  0.0013
2013.0562     0.0607     0.0611    -0.0044  0.0003  0.0004  0.0013
2013.0589     0.0618     0.0633    -0.0058  0.0004  0.0005  0.0015
2013.0616     0.0593     0.0615    -0.0060  0.0003  0.0004  0.0013
2013.0644     0.0614     0.0588    -0.0024  0.0003  0.0004  0.0013
2013.0671     0.0613     0.0615    -0.0078  0.0003  0.0004  0.0013
2013.0699     0.0594     0.0599     0.0003  0.0003  0.0004  0.0012
2013.0726     0.0599     0.0602    -0.0024  0.0003  0.0004  0.0013
2013.0753     0.0614     0.0602    -0.0031  0.0003  0.0003  0.0012
2013.0781     0.0598     0.0598    -0.0043  0.0003  0.0004  0.0011
2013.0808     0.0592     0.0622    -0.0075  0.0003  0.0004  0.0012
2013.0836     0.0598     0.0613    -0.0044  0.0003  0.0003  0.0012
2013.0863     0.0610     0.0597    -0.0080  0.0004  0.0005  0.0015
2013.0890     0.0597     0.0621    -0.0067  0.0003  0.0004  0.0013
2013.0918     0.0603     0.0620    -0.0041  0.0003  0.0004  0.0013
2013.0945     0.0606     0.0610    -0.0073  0.0003  0.0004  0.0012
2013.0973     0.0596     0.0605    -0.0112  0.0004  0.0005  0.0016
2013.1000     0.0619     0.0596    -0.0049  0.0004  0.0005  0.0015
2013.1027     0.0615     0.0636    -0.0083  0.0003  0.0004  0.0014
2013.1055     0.0595     0.0626    -0.0054  0.0003  0.0004  0.0012
2013.1082     0.0598     0.0619    -0.0072  0.0003  0.0004  0.0012
2013.1110     0.0595     0.0619    -0.0047  0.0003  0.0004  0.0014
2013.1137     0.0599     0.0614    -0.0072  0.0003  0.0004  0.0013
2013.1164     0.0608     0.0614    -0.0076  0.0003  0.0004  0.0013
2013.1192     0.0623     0.0606     0.0008  0.0004  0.0005  0.0017
2013.1219     0.0611     0.0626    -0.0168  0.0004  0.0004  0.0015
2013.1247     0.0621     0.0631    -0.0143  0.0003  0.0004  0.0014
2013.1274     0.0607     0.0625    -0.0111  0.0004  0.0005  0.0016
2013.1301     0.0620     0.0616    -0.0099  0.0004  0.0004  0.0015
2013.1329     0.0612     0.0641    -0.0152  0.0004  0.0005  0.0017
2013.1356     0.0606     0.0635    -0.0090  0.0003  0.0004  0.0013
2013.1384     0.0612     0.0609    -0.0033  0.0003  0.0004  0.0014
2013.1411     0.0596     0.0627    -0.0103  0.0003  0.0004  0.0014
2013.1438     0.0614     0.0641    -0.0045  0.0003  0.0004  0.0013
2013.1466     0.0622     0.0625    -0.0066  0.0003  0.0004  0.0014
2013.1493     0.0616     0.0621    -0.0085  0.0003  0.0004  0.0014
2013.1521     0.0619     0.0643    -0.0025  0.0004  0.0004  0.0014
2013.1548     0.0626     0.0621    -0.0085  0.0004  0.0005  0.0016
2013.1575     0.0624     0.0613    -0.0054  0.0004  0.0005  0.0016
2013.1603     0.0623     0.0606     0.0008  0.0004  0.0005  0.0017
2013.1630     0.0628     0.0586    -0.0013  0.0004  0.0005  0.0017
2013.1657     0.0611     0.0620    -0.0119  0.0004  0.0005  0.0015
2013.1685     0.0624     0.0659    -0.0092  0.0005  0.0006  0.0020
2013.1712     0.0628     0.0616    -0.0046  0.0003  0.0004  0.0014
2013.1740     0.0600     0.0634    -0.0099  0.0004  0.0005  0.0015
2013.1767     0.0616     0.0624    -0.0113  0.0004  0.0006  0.0018
2013.1794     0.0607     0.0633    -0.0121  0.0003  0.0004  0.0013
2013.1822     0.0613     0.0666    -0.0160  0.0004  0.0005  0.0016
2013.1849     0.0589     0.0627    -0.0114  0.0003  0.0004  0.0014
2013.1877     0.0590     0.0628    -0.0090  0.0003  0.0004  0.0013
2013.1904     0.0575     0.0632    -0.0052  0.0003  0.0004  0.0013
2013.1931     0.0619     0.0652    -0.0022  0.0005  0.0006  0.0019
2013.1959     0.0604     0.0652    -0.0153  0.0004  0.0005  0.0017
2013.1986     0.0617     0.0621    -0.0129  0.0004  0.0004  0.0015
2013.2014     0.0587     0.0613    -0.0127  0.0004  0.0004  0.0015
2013.2041     0.0601     0.0615    -0.0101  0.0003  0.0004  0.0013
2013.2068     0.0592     0.0630    -0.0128  0.0003  0.0004  0.0012
2013.2096     0.0585     0.0614    -0.0175  0.0003  0.0004  0.0014
2013.2123     0.0606     0.0629    -0.0094  0.0004  0.0004  0.0015
2013.2151     0.0571     0.0625    -0.0114  0.0004  0.0005  0.0016
2013.2178     0.0576     0.0622    -0.0045  0.0004  0.0005  0.0015
2013.2205     0.0581     0.0653    -0.0121  0.0003  0.0004  0.0014
2013.2233     0.0585     0.0652    -0.0119  0.0003  0.0004  0.0013
2013.2260     0.0607     0.0625    -0.0085  0.0004  0.0005  0.0016
2013.2288     0.0612     0.0646    -0.0131  0.0004  0.0005  0.0015
2013.2315     0.0603     0.0660    -0.0154  0.0004  0.0005  0.0017
2013.2342     0.0593     0.0676    -0.0109  0.0004  0.0005  0.0016
2013.2370     0.0596     0.0664    -0.0221  0.0005  0.0006  0.0019
2013.2397     0.0608     0.0631    -0.0206  0.0004  0.0005  0.0016
2013.2452     0.0602     0.0638    -0.0059  0.0003  0.0004  0.0013
2013.2479     0.0572     0.0633    -0.0144  0.0003  0.0004  0.0013
2013.2507     0.0603     0.0613    -0.0028  0.0004  0.0005  0.0017
2013.2534     0.0602     0.0658    -0.0129  0.0004  0.0005  0.0016
2013.2562     0.0587     0.0661    -0.0112  0.0004  0.0005  0.0017
2013.2589     0.0574     0.0662     0.0065  0.0004  0.0005  0.0019
2013.2616     0.0581     0.0638    -0.0112  0.0003  0.0004  0.0014
2013.2644     0.0589     0.0640    -0.0062  0.0004  0.0005  0.0017
2013.2671     0.0579     0.0657    -0.0128  0.0005  0.0006  0.0019
2013.2699     0.0607     0.0649    -0.0025  0.0004  0.0005  0.0016
2013.2726     0.0614     0.0609    -0.0075  0.0004  0.0005  0.0016
2013.2753     0.0572     0.0636    -0.0108  0.0004  0.0005  0.0018
2013.2781     0.0559     0.0637    -0.0073  0.0005  0.0006  0.0018
2013.2808     0.0597     0.0656    -0.0056  0.0003  0.0004  0.0014
2013.2836     0.0608     0.0631    -0.0003  0.0003  0.0004  0.0015
2013.2863     0.0568     0.0638    -0.0037  0.0005  0.0006  0.0020
2013.2890     0.0601     0.0637    -0.0092  0.0004  0.0005  0.0018
2013.2918     0.0583     0.0642    -0.0042  0.0004  0.0004  0.0015
2013.2945     0.0579     0.0652    -0.0096  0.0003  0.0004  0.0014
2013.2973     0.0554     0.0653    -0.0031  0.0004  0.0005  0.0018
2013.3000     0.0585     0.0631    -0.0052  0.0004  0.0005  0.0016
2013.3027     0.0613     0.0604    -0.0062  0.0005  0.0006  0.0021
2013.3055     0.0581     0.0666    -0.0108  0.0003  0.0004  0.0014
2013.3082     0.0594     0.0654    -0.0087  0.0004  0.0004  0.0015
2013.3110     0.0595     0.0648    -0.0101  0.0004  0.0005  0.0016
2013.3137     0.0581     0.0666    -0.0139  0.0004  0.0004  0.0015
2013.3164     0.0589     0.0657    -0.0067  0.0003  0.0004  0.0014
2013.3192     0.0600     0.0663    -0.0081  0.0004  0.0004  0.0015
2013.3219     0.0591     0.0653    -0.0124  0.0003  0.0004  0.0013
2013.3247     0.0590     0.0678    -0.0117  0.0003  0.0004  0.0013
2013.3274     0.0596     0.0669    -0.0045  0.0004  0.0004  0.0015
2013.3301     0.0611     0.0673    -0.0101  0.0003  0.0004  0.0014
2013.3329     0.0583     0.0659    -0.0107  0.0004  0.0007  0.0017
2013.3356     0.0586     0.0673    -0.0097  0.0004  0.0004  0.0016
2013.3384     0.0596     0.0656    -0.0131  0.0004  0.0005  0.0016
2013.3411     0.0598     0.0672    -0.0116  0.0004  0.0005  0.0018
2013.3438     0.0609     0.0685    -0.0002  0.0004  0.0005  0.0018
2013.3466     0.0603     0.0690    -0.0139  0.0004  0.0005  0.0016
2013.3493     0.0590     0.0666    -0.0079  0.0004  0.0004  0.0016
2013.3521     0.0606     0.0668    -0.0148  0.0004  0.0005  0.0017
2013.3548     0.0601     0.0660    -0.0137  0.0005  0.0005  0.0019
2013.3575     0.0597     0.0616    -0.0034  0.0006  0.0007  0.0025
2013.3603     0.0615     0.0719    -0.0127  0.0011  0.0012  0.0045
2013.3630     0.0623     0.0652    -0.0146  0.0009  0.0012  0.0046
2013.3657     0.0590     0.0722    -0.0156  0.0006  0.0008  0.0028
2013.3685     0.0567     0.0610    -0.0056  0.0005  0.0006  0.0020
2013.3712     0.0566     0.0653    -0.0118  0.0005  0.0005  0.0019
2013.3740     0.0593     0.0631    -0.0030  0.0005  0.0006  0.0021
2013.3767     0.0569     0.0656    -0.0212  0.0004  0.0005  0.0019
2013.3794     0.0578     0.0652    -0.0143  0.0005  0.0006  0.0021
2013.3822     0.0581     0.0684    -0.0020  0.0004  0.0005  0.0018
2013.3849     0.0602     0.0662    -0.0155  0.0004  0.0005  0.0017
2013.3877     0.0580     0.0698    -0.0097  0.0004  0.0005  0.0017
2013.3904     0.0566     0.0692    -0.0186  0.0004  0.0005  0.0017
2013.3931     0.0589     0.0684    -0.0121  0.0004  0.0004  0.0015
2013.3959     0.0599     0.0651    -0.0079  0.0004  0.0005  0.0018
2013.4068     0.0592     0.0698    -0.0090  0.0005  0.0006  0.0021
2013.4096     0.0599     0.0633    -0.0102  0.0004  0.0004  0.0016
2013.4123     0.0604     0.0636    -0.0188  0.0005  0.0005  0.0019
2013.4151     0.0588     0.0659    -0.0135  0.0003  0.0004  0.0015
2013.4178     0.0567     0.0678    -0.0163  0.0003  0.0004  0.0013
2013.4205     0.0573     0.0685    -0.0144  0.0003  0.0004  0.0014
2013.4233     0.0580     0.0666    -0.0040  0.0005  0.0006  0.0020
2013.4260     0.0588     0.0676    -0.0179  0.0004  0.0005  0.0018
2013.4288     0.0580     0.0693    -0.0101  0.0005  0.0006  0.0020
2013.4315     0.0584     0.0693    -0.0109  0.0004  0.0005  0.0017
2013.4342     0.0580     0.0667    -0.0190  0.0004  0.0004  0.0015
2013.4370     0.0564     0.0654    -0.0115  0.0004  0.0005  0.0017
2013.4397     0.0567     0.0664    -0.0068  0.0004  0.0005  0.0019
2013.4425     0.0586     0.0690    -0.0065  0.0005  0.0006  0.0021
2013.4452     0.0618     0.0661    -0.0153  0.0004  0.0005  0.0018
2013.4479     0.0581     0.0630    -0.0050  0.0006  0.0007  0.0024
2013.4507     0.0586     0.0666    -0.0086  0.0004  0.0005  0.0018
2013.4534     0.0594     0.0691    -0.0077  0.0005  0.0006  0.0022
2013.4562     0.0570     0.0676    -0.0154  0.0004  0.0004  0.0016
2013.4589     0.0589     0.0654    -0.0080  0.0005  0.0005  0.0019
2013.4616     0.0597     0.0648    -0.0121  0.0004  0.0005  0.0017
2013.4644     0.0563     0.0630    -0.0013  0.0004  0.0005  0.0019
2013.4671     0.0584     0.0632    -0.0149  0.0004  0.0005  0.0017
2013.4699     0.0581     0.0670    -0.0193  0.0005  0.0005  0.0019
2013.4726     0.0577     0.0673    -0.0106  0.0004  0.0004  0.0016
2013.4753     0.0583     0.0669    -0.0125  0.0004  0.0004  0.0015
2013.4781     0.0564     0.0657    -0.0121  0.0004  0.0005  0.0018
2013.4808     0.0587     0.0681    -0.0005  0.0005  0.0006  0.0020
2013.4836     0.0603     0.0683    -0.0131  0.0004  0.0005  0.0017
2013.4863     0.0594     0.0708    -0.0118  0.0004  0.0004  0.0016
2013.4890     0.0581     0.0663    -0.0184  0.0003  0.0004  0.0015
2013.4918     0.0570     0.0657    -0.0152  0.0004  0.0005  0.0018
2013.4973     0.0582     0.0676    -0.0099  0.0004  0.0005  0.0019
2013.5000     0.0586     0.0655    -0.0143  0.0005  0.0006  0.0020
2013.5027     0.0581     0.0669    -0.0128  0.0004  0.0005  0.0017
2013.5055     0.0577     0.0681    -0.0095  0.0004  0.0005  0.0018
2013.5110     0.0551     0.0657    -0.0104  0.0005  0.0006  0.0022
2013.5192     0.0594     0.0701    -0.0309  0.0009  0.0011  0.0036
2013.5219     0.0614     0.0680    -0.0189  0.0005  0.0006  0.0021
2013.5247     0.0587     0.0686    -0.0054  0.0004  0.0005  0.0018
2013.5274     0.0573     0.0663    -0.0173  0.0005  0.0005  0.0019
2013.5301     0.0583     0.0680    -0.0205  0.0006  0.0007  0.0024
2013.5329     0.0598     0.0657    -0.0031  0.0005  0.0006  0.0020
2013.5356     0.0590     0.0655    -0.0131  0.0004  0.0005  0.0019
2013.5384     0.0583     0.0667    -0.0012  0.0005  0.0005  0.0019
2013.5411     0.0591     0.0685    -0.0066  0.0005  0.0006  0.0023
2013.5438     0.0606     0.0673    -0.0089  0.0005  0.0006  0.0020
2013.5466     0.0589     0.0650    -0.0069  0.0006  0.0007  0.0026
2013.5493     0.0558     0.0693    -0.0070  0.0006  0.0007  0.0025
2013.5521     0.0588     0.0688    -0.0114  0.0004  0.0005  0.0016
2013.5548     0.0610     0.0717    -0.0078  0.0006  0.0008  0.0026
2013.5575     0.0595     0.0671    -0.0143  0.0004  0.0005  0.0016
2013.5603     0.0592     0.0690    -0.0054  0.0004  0.0005  0.0016
2013.5630     0.0580     0.0686    -0.0109  0.0004  0.0005  0.0017
2013.5657     0.0606     0.0675    -0.0025  0.0004  0.0005  0.0018
2013.5685     0.0598     0.0683    -0.0160  0.0004  0.0005  0.0016
2013.5740     0.0609     0.0700    -0.0113  0.0004  0.0005  0.0017
2013.5767     0.0612     0.0699    -0.0047  0.0005  0.0006  0.0020
2013.5794     0.0580     0.0689    -0.0067  0.0005  0.0006  0.0020
2013.5822     0.0602     0.0691    -0.0095  0.0005  0.0006  0.0022
2013.5877     0.0625     0.0678    -0.0089  0.0005  0.0006  0.0020
2013.5904     0.0619     0.0684    -0.0088  0.0004  0.0005  0.0016
2013.5931     0.0606     0.0679    -0.0078  0.0004  0.0005  0.0017
2013.5959     0.0634     0.0623    -0.0181  0.0009  0.0010  0.0037
2013.6014     0.0609     0.0652    -0.0116  0.0004  0.0005  0.0018
2013.6068     0.0621     0.0668     0.0008  0.0004  0.0005  0.0018
2013.6096     0.0637     0.0666    -0.0116  0.0004  0.0005  0.0016
2013.6151     0.0612     0.0648    -0.0131  0.0007  0.0008  0.0029
2013.6178     0.0629     0.0691    -0.0098  0.0004  0.0005  0.0016
2013.6233     0.0625     0.0705    -0.0011  0.0005  0.0006  0.0020
2013.6260     0.0626     0.0692    -0.0034  0.0006  0.0007  0.0027
2013.6342     0.0648     0.0691    -0.0125  0.0004  0.0005  0.0019
2013.6370     0.0616     0.0679    -0.0110  0.0005  0.0006  0.0020
2013.6397     0.0614     0.0682    -0.0105  0.0004  0.0004  0.0015
2013.6425     0.0620     0.0671    -0.0034  0.0005  0.0006  0.0022
2013.6452     0.0613     0.0683    -0.0076  0.0005  0.0007  0.0023
2013.6479     0.0618     0.0658     0.0135  0.0015  0.0019  0.0066
2013.6507     0.0598     0.0658    -0.0113  0.0006  0.0007  0.0025
2013.6534     0.0633     0.0676    -0.0069  0.0005  0.0006  0.0020
2013.6562     0.0644     0.0689    -0.0072  0.0004  0.0005  0.0017
2013.6589     0.0646     0.0681    -0.0085  0.0005  0.0006  0.0020
2013.6616     0.0624     0.0653    -0.0048  0.0009  0.0011  0.0037
2013.6644     0.0640     0.0666    -0.0125  0.0004  0.0004  0.0016
2013.6671     0.0622     0.0672    -0.0195  0.0004  0.0005  0.0016
2013.6699     0.0637     0.0681    -0.0017  0.0006  0.0007  0.0027
2013.6753     0.0653     0.0695     0.0103  0.0006  0.0008  0.0028
2013.6781     0.0645     0.0671    -0.0072  0.0004  0.0005  0.0018
2013.7192     0.0637     0.0680    -0.0211  0.0005  0.0006  0.0020
2013.7219     0.0678     0.0649    -0.0046  0.0013  0.0013  0.0051
2013.7274     0.0587     0.0763    -0.0382  0.0012  0.0014  0.0052
2013.7301     0.0636     0.0671    -0.0082  0.0004  0.0004  0.0015
2013.7521     0.0666     0.0689    -0.0018  0.0006  0.0007  0.0023
2013.7548     0.0647     0.0669    -0.0205  0.0004  0.0005  0.0017
2013.7575     0.0652     0.0699    -0.0131  0.0006  0.0007  0.0024
2013.7603     0.0653     0.0678    -0.0046  0.0003  0.0004  0.0013
2013.7630     0.0648     0.0674    -0.0078  0.0003  0.0004  0.0014
2013.7657     0.0660     0.0715    -0.0145  0.0005  0.0006  0.0020
2013.7685     0.0626     0.0687    -0.0154  0.0004  0.0005  0.0017
2013.7712     0.0652     0.0674    -0.0109  0.0004  0.0005  0.0018
2013.7740     0.0643     0.0651    -0.0061  0.0005  0.0006  0.0020
2013.7767     0.0648     0.0663    -0.0199  0.0006  0.0007  0.0025
2013.7794     0.0665     0.0694    -0.0103  0.0004  0.0004  0.0015
2013.7822     0.0659     0.0679    -0.0050  0.0004  0.0005  0.0016
2013.7849     0.0668     0.0678    -0.0000  0.0004  0.0005  0.0016
2013.7877     0.0657     0.0675    -0.0065  0.0004  0.0005  0.0017
2013.7904     0.0643     0.0670    -0.0080  0.0004  0.0005  0.0018
2013.7931     0.0648     0.0687    -0.0143  0.0004  0.0004  0.0015
2013.7959     0.0646     0.0690    -0.0049  0.0004  0.0005  0.0017
2013.7986     0.0639     0.0696    -0.0101  0.0004  0.0005  0.0016
2013.8014     0.0666     0.0696    -0.0142  0.0005  0.0006  0.0021
2013.8068     0.0630     0.0674    -0.0101  0.0005  0.0007  0.0021
2013.8096     0.0636     0.0737    -0.0034  0.0004  0.0005  0.0018
2013.8123     0.0676     0.0712    -0.0239  0.0012  0.0014  0.0053
2013.8151     0.0660     0.0660    -0.0121  0.0016  0.0020  0.0068
2013.8178     0.0635     0.0726    -0.0067  0.0004  0.0005  0.0017
2013.8205     0.0669     0.0724     0.0040  0.0006  0.0007  0.0025
2013.8233     0.0635     0.0731    -0.0021  0.0005  0.0007  0.0022
2013.8315     0.0697     0.0722    -0.0105  0.0005  0.0006  0.0022
2013.8644     0.0681     0.0730    -0.0071  0.0005  0.0007  0.0022
2013.8808     0.0654     0.0703    -0.0172  0.0008  0.0012  0.0036
2013.8836     0.0720     0.0683    -0.0407  0.0017  0.0020  0.0068
2013.8863     0.0658     0.0699    -0.0052  0.0005  0.0006  0.0020
2013.8945     0.0661     0.0699    -0.0060  0.0004  0.0004  0.0016
2013.8973     0.0666     0.0719    -0.0205  0.0005  0.0006  0.0021
2013.9000     0.0660     0.0689    -0.0157  0.0004  0.0005  0.0017
2013.9027     0.0662     0.0704    -0.0042  0.0005  0.0006  0.0022
2013.9055     0.0682     0.0666    -0.0116  0.0004  0.0005  0.0016
2013.9082     0.0655     0.0684     0.0010  0.0006  0.0007  0.0023
2013.9110     0.0677     0.0697    -0.0088  0.0004  0.0005  0.0016
2013.9137     0.0664     0.0713    -0.0164  0.0003  0.0004  0.0013
2013.9164     0.0657     0.0742    -0.0146  0.0003  0.0004  0.0014
2013.9192     0.0640     0.0739    -0.0104  0.0004  0.0004  0.0015
2013.9219     0.0687     0.0700    -0.0122  0.0004  0.0005  0.0018
2013.9247     0.0660     0.0687    -0.0039  0.0004  0.0005  0.0015
2013.9274     0.0662     0.0698    -0.0091  0.0004  0.0005  0.0016
2013.9329     0.0646     0.0708    -0.0058  0.0004  0.0004  0.0015
2013.9356     0.0638     0.0740     0.0010  0.0004  0.0005  0.0017
2013.9384     0.0649     0.0722    -0.0042  0.0005  0.0007  0.0023
2013.9411     0.0674     0.0704    -0.0107  0.0004  0.0004  0.0016
2013.9438     0.0686     0.0699    -0.0037  0.0003  0.0004  0.0014
2013.9466     0.0669     0.0694    -0.0120  0.0004  0.0004  0.0015
2013.9493     0.0675     0.0712    -0.0127  0.0004  0.0004  0.0015
2013.9521     0.0679     0.0704    -0.0080  0.0003  0.0004  0.0014
2013.9548     0.0706     0.0710    -0.0110  0.0004  0.0005  0.0017
2013.9575     0.0652     0.0680    -0.0101  0.0004  0.0005  0.0017
2013.9603     0.0657     0.0703    -0.0163  0.0009  0.0010  0.0037
2013.9630     0.0665     0.0685    -0.0117  0.0005  0.0007  0.0022
2013.9657     0.0675     0.0713    -0.0033  0.0003  0.0004  0.0015
2013.9685     0.0655     0.0692     0.0001  0.0004  0.0005  0.0016
2013.9712     0.0692     0.0708    -0.0099  0.0004  0.0005  0.0016
2013.9740     0.0640     0.0686    -0.0056  0.0006  0.0007  0.0024
2013.9767     0.0676     0.0712    -0.0099  0.0003  0.0004  0.0014
2013.9794     0.0670     0.0715    -0.0056  0.0004  0.0004  0.0015
2013.9822     0.0719     0.0709    -0.0065  0.0003  0.0004  0.0014
2013.9849     0.0694     0.0738    -0.0118  0.0004  0.0005  0.0017
2013.9877     0.0684     0.0733    -0.0068  0.0004  0.0004  0.0015
2013.9904     0.0687     0.0701    -0.0130  0.0004  0.0005  0.0017
2013.9931     0.0697     0.0709    -0.0037  0.0003  0.0004  0.0013
2013.9959     0.0680     0.0699    -0.0090  0.0003  0.0004  0.0014
2017.3493     0.1061     0.1118    -0.0246  0.0006  0.0006  0.0024
2017.3548     0.0998     0.1151    -0.0246  0.0006  0.0007  0.0024
2017.3575     0.1067     0.1178    -0.0132  0.0007  0.0008  0.0029
2017.3630     0.1021     0.1135    -0.0149  0.0003  0.0004  0.0014
2017.3657     0.1018     0.1119    -0.0136  0.0004  0.0005  0.0017
2017.3685     0.1025     0.1144    -0.0195  0.0004  0.0005  0.0017
2017.3740     0.1000     0.1122    -0.0191  0.0004  0.0004  0.0016
2017.3767     0.0989     0.1124    -0.0076  0.0005  0.0006  0.0023
2017.3794     0.1034     0.1145    -0.0183  0.0004  0.0005  0.0018
2017.3822     0.1034     0.1161    -0.0135  0.0004  0.0004  0.0016
2017.3849     0.1013     0.1163    -0.0181  0.0004  0.0005  0.0017
2017.3877     0.0993     0.1184    -0.0172  0.0005  0.0005  0.0020
2017.3931     0.1002     0.1169    -0.0193  0.0003  0.0004  0.0015
2017.3959     0.1026     0.1160    -0.0064  0.0006  0.0007  0.0027
2017.3986     0.0969     0.1231    -0.0195  0.0007  0.0008  0.0031
2017.4014     0.0987     0.1158    -0.0203  0.0005  0.0006  0.0021
2017.4041     0.1033     0.1148    -0.0141  0.0004  0.0004  0.0015
2017.4068     0.1024     0.1162    -0.0241  0.0004  0.0004  0.0016
2017.4096     0.1001     0.1154    -0.0243  0.0003  0.0004  0.0014
2017.4123     0.1016     0.1160    -0.0193  0.0004  0.0004  0.0016
2017.4151     0.1011     0.1153    -0.0201  0.0004  0.0004  0.0015
2017.4260     0.1000     0.1141    -0.0220  0.0006  0.0008  0.0029
2017.4288     0.1012     0.1152    -0.0158  0.0003  0.0004  0.0014
2017.4315     0.1041     0.1154    -0.0161  0.0006  0.0006  0.0023
2017.4342     0.1013     0.1146    -0.0060  0.0006  0.0007  0.0025
2017.4370     0.0983     0.1150    -0.0118  0.0003  0.0004  0.0014
2017.4452     0.0996     0.1208    -0.0031  0.0011  0.0014  0.0050
2017.4479     0.1021     0.1147    -0.0102  0.0004  0.0005  0.0018
2017.4507     0.1018     0.1149    -0.0195  0.0004  0.0004  0.0015
2017.4562     0.1025     0.1155    -0.0213  0.0004  0.0004  0.0017
2017.4726     0.1047     0.1140    -0.0225  0.0004  0.0004  0.0017
2017.4753     0.1043     0.1154    -0.0194  0.0005  0.0006  0.0020
2017.7247     0.1050     0.1182    -0.0212  0.0005  0.0006  0.0021
2017.7329     0.1079     0.1205    -0.0254  0.0004  0.0004  0.0015
2017.7356     0.1078     0.1197    -0.0174  0.0004  0.0005  0.0018
2017.7384     0.1064     0.1180    -0.0210  0.0005  0.0005  0.0019
2017.7411     0.1077     0.1169    -0.0341  0.0004  0.0005  0.0019
2017.8397     0.1072     0.1169    -0.0259  0.0004  0.0004  0.0016
2017.8425     0.1073     0.1188    -0.0165  0.0005  0.0006  0.0023
2018.1685     0.1125     0.1242    -0.0174  0.0003  0.0004  0.0015
2018.1712     0.1120     0.1221    -0.0202  0.0003  0.0004  0.0013
2018.1740     0.1116     0.1232    -0.0176  0.0003  0.0004  0.0014
2018.1767     0.1121     0.1217    -0.0178  0.0003  0.0004  0.0014
2018.1822     0.1119     0.1253    -0.0240  0.0003  0.0004  0.0014
2018.1849     0.1107     0.1233    -0.0165  0.0003  0.0004  0.0014
2018.1877     0.1103     0.1235    -0.0149  0.0004  0.0004  0.0016
2018.1904     0.1105     0.1223    -0.0159  0.0003  0.0004  0.0014
2018.1931     0.1100     0.1239    -0.0200  0.0003  0.0004  0.0014
2018.1959     0.1111     0.1222    -0.0222  0.0003  0.0004  0.0014
2018.1986     0.1114     0.1229    -0.0192  0.0004  0.0004  0.0016
2018.2014     0.1114     0.1216    -0.0238  0.0003  0.0004  0.0015
2018.2068     0.1121     0.1226    -0.0107  0.0003  0.0003  0.0013
2018.2096     0.1093     0.1247    -0.0205  0.0004  0.0004  0.0016
2018.2123     0.1131     0.1254    -0.0248  0.0004  0.0005  0.0017
2018.2151     0.1110     0.1254    -0.0123  0.0004  0.0005  0.0018
2018.2178     0.1132     0.1245    -0.0188  0.0004  0.0004  0.0016
2018.2205     0.1140     0.1264    -0.0172  0.0003  0.0004  0.0014
2018.2233     0.1120     0.1268    -0.0129  0.0004  0.0005  0.0018
2018.2260     0.1116     0.1262    -0.0162  0.0004  0.0004  0.0015
2018.2288     0.1132     0.1271    -0.0178  0.0003  0.0004  0.0013
2018.2315     0.1125     0.1237    -0.0163  0.0003  0.0004  0.0015
2018.2342     0.1135     0.1242    -0.0176  0.0003  0.0004  0.0014
2018.2370     0.1144     0.1236    -0.0192  0.0004  0.0004  0.0015
2018.2397     0.1111     0.1252    -0.0216  0.0004  0.0004  0.0017
2018.2425     0.1108     0.1272    -0.0135  0.0004  0.0004  0.0016
2018.2452     0.1108     0.1267    -0.0222  0.0003  0.0004  0.0015
2018.2479     0.1137     0.1276    -0.0198  0.0004  0.0004  0.0015
2018.2507     0.1127     0.1282    -0.0173  0.0003  0.0004  0.0014
2018.2534     0.1133     0.1268    -0.0109  0.0003  0.0004  0.0014
2018.2562     0.1141     0.1258    -0.0192  0.0004  0.0004  0.0015
2018.2589     0.1141     0.1244    -0.0115  0.0005  0.0006  0.0021
2018.2616     0.1181     0.1237    -0.0089  0.0005  0.0006  0.0021
2018.2644     0.1141     0.1241    -0.0139  0.0004  0.0005  0.0018
2018.2671     0.1139     0.1257    -0.0263  0.0004  0.0004  0.0016
2018.2699     0.1136     0.1245    -0.0128  0.0004  0.0004  0.0017
2018.2726     0.1141     0.1274    -0.0190  0.0005  0.0006  0.0021
2018.2753     0.1110     0.1245    -0.0093  0.0005  0.0005  0.0019
2018.2781     0.1113     0.1247    -0.0146  0.0005  0.0006  0.0021
2018.2808     0.1146     0.1260    -0.0240  0.0004  0.0005  0.0017
2018.2836     0.1157     0.1273    -0.0188  0.0006  0.0007  0.0025
2018.2863     0.1134     0.1258    -0.0233  0.0003  0.0004  0.0015
2018.2890     0.1137     0.1257    -0.0202  0.0004  0.0004  0.0016
2018.2918     0.1122     0.1254    -0.0164  0.0003  0.0004  0.0013
2018.2945     0.1118     0.1267    -0.0185  0.0003  0.0004  0.0014
2018.2973     0.1127     0.1246    -0.0189  0.0003  0.0004  0.0014
2018.3000     0.1135     0.1261    -0.0127  0.0003  0.0004  0.0014
2018.3027     0.1128     0.1258    -0.0159  0.0004  0.0004  0.0016
2018.3055     0.1144     0.1262    -0.0139  0.0004  0.0005  0.0017
2018.3082     0.1139     0.1300    -0.0208  0.0004  0.0004  0.0015
2018.3110     0.1139     0.1265    -0.0134  0.0004  0.0004  0.0015
2018.3137     0.1142     0.1256    -0.0135  0.0003  0.0004  0.0015
2018.3164     0.1144     0.1264    -0.0158  0.0003  0.0004  0.0015
2018.3192     0.1144     0.1256    -0.0118  0.0004  0.0004  0.0015
2018.3219     0.1157     0.1251    -0.0219  0.0003  0.0004  0.0014
2018.3247     0.1125     0.1246    -0.0098  0.0003  0.0004  0.0013
2018.3274     0.1142     0.1247    -0.0054  0.0005  0.0005  0.0019
2018.3301     0.1136     0.1259    -0.0214  0.0005  0.0006  0.0022
2018.3329     0.1135     0.1284    -0.0175  0.0005  0.0006  0.0022
2018.3438     0.1121     0.1292    -0.0095  0.0004  0.0005  0.0017
2018.3466     0.1127     0.1303    -0.0157  0.0004  0.0004  0.0016
2018.3493     0.1124     0.1272    -0.0109  0.0005  0.0005  0.0020
2018.3521     0.1114     0.1273    -0.0182  0.0005  0.0005  0.0019
2018.3548     0.1117     0.1264    -0.0182  0.0004  0.0004  0.0015
2018.3575     0.1108     0.1273    -0.0167  0.0004  0.0004  0.0016
2018.3603     0.1093     0.1265    -0.0136  0.0005  0.0006  0.0022
2018.3630     0.1107     0.1234    -0.0088  0.0005  0.0005  0.0019
2018.3657     0.1122     0.1245    -0.0208  0.0004  0.0005  0.0017
2018.3685     0.1119     0.1273    -0.0220  0.0003  0.0003  0.0013
2018.3712     0.1123     0.1293    -0.0257  0.0004  0.0004  0.0015
2018.3740     0.1131     0.1311    -0.0183  0.0004  0.0005  0.0017
2018.3767     0.1144     0.1288    -0.0208  0.0004  0.0004  0.0016
2018.3794     0.1122     0.1284    -0.0230  0.0004  0.0005  0.0017
2018.3822     0.1118     0.1278    -0.0183  0.0003  0.0003  0.0013
2018.3849     0.1133     0.1300    -0.0249  0.0003  0.0004  0.0014
2018.3877     0.1133     0.1294    -0.0164  0.0003  0.0004  0.0013
2018.3904     0.1139     0.1293    -0.0214  0.0003  0.0004  0.0014
2018.3931     0.1133     0.1263    -0.0302  0.0007  0.0008  0.0028
2018.3959     0.1107     0.1285    -0.0162  0.0004  0.0005  0.0018
2018.3986     0.1125     0.1288    -0.0176  0.0004  0.0005  0.0016
2018.4014     0.1155     0.1268    -0.0182  0.0005  0.0006  0.0023
2018.4041     0.1121     0.1273    -0.0142  0.0004  0.0005  0.0018
2018.4068     0.1138     0.1290    -0.0225  0.0004  0.0004  0.0016
2018.4096     0.1108     0.1277    -0.0148  0.0005  0.0006  0.0022
2018.4123     0.1104     0.1279    -0.0220  0.0005  0.0005  0.0020
2018.4151     0.1141     0.1285    -0.0198  0.0004  0.0005  0.0018
2018.4178     0.1139     0.1271    -0.0207  0.0005  0.0006  0.0021
2018.4205     0.1127     0.1285    -0.0187  0.0003  0.0004  0.0014
2018.4233     0.1128     0.1290    -0.0131  0.0004  0.0005  0.0017
2018.4260     0.1145     0.1292    -0.0244  0.0006  0.0007  0.0024
2018.4288     0.1122     0.1279    -0.0145  0.0004  0.0005  0.0016
2018.4315     0.1111     0.1286    -0.0254  0.0005  0.0005  0.0020
2018.4342     0.1131     0.1273    -0.0154  0.0003  0.0004  0.0014
2018.4370     0.1116     0.1264    -0.0191  0.0003  0.0004  0.0014
2018.4397     0.1120     0.1208    -0.0198  0.0005  0.0006  0.0023
2018.4425     0.1116     0.1283    -0.0221  0.0004  0.0005  0.0019
2018.4452     0.1130     0.1280    -0.0172  0.0003  0.0004  0.0015
2018.4479     0.1120     0.1280    -0.0252  0.0004  0.0004  0.0015
2018.4507     0.1155     0.1298    -0.0174  0.0005  0.0006  0.0020
2018.4973     0.1151     0.1277    -0.0285  0.0004  0.0005  0.0019
2018.5000     0.1137     0.1316    -0.0218  0.0005  0.0006  0.0021
2018.5027     0.1137     0.1296    -0.0217  0.0004  0.0005  0.0018
2018.5055     0.1149     0.1312    -0.0273  0.0003  0.0004  0.0015
2018.5082     0.1160     0.1304    -0.0219  0.0006  0.0007  0.0023
2018.5110     0.1157     0.1285    -0.0221  0.0004  0.0004  0.0016
2018.5137     0.1150     0.1304    -0.0229  0.0003  0.0004  0.0014
2018.5466     0.1150     0.1299    -0.0312  0.0003  0.0004  0.0013
2018.5493     0.1159     0.1308    -0.0146  0.0004  0.0004  0.0015
2018.5548     0.1140     0.1296    -0.0233  0.0003  0.0004  0.0015
2018.5575     0.1139     0.1287    -0.0173  0.0004  0.0005  0.0018
2018.5603     0.1152     0.1286    -0.0284  0.0004  0.0005  0.0018
2018.5630     0.1146     0.1325    -0.0225  0.0004  0.0004  0.0016
2018.5657     0.1168     0.1312    -0.0135  0.0005  0.0006  0.0020
2018.5685     0.1159     0.1305    -0.0159  0.0004  0.0005  0.0017
2018.5712     0.1145     0.1276    -0.0217  0.0004  0.0005  0.0017
2018.5740     0.1179     0.1268    -0.0165  0.0004  0.0005  0.0018
2018.5767     0.1124     0.1272    -0.0158  0.0005  0.0006  0.0021
2018.5794     0.1156     0.1283    -0.0200  0.0004  0.0005  0.0018
2018.5822     0.1158     0.1291    -0.0220  0.0003  0.0004  0.0014
2018.5849     0.1163     0.1292    -0.0213  0.0003  0.0004  0.0014
2018.5877     0.1162     0.1308    -0.0234  0.0004  0.0004  0.0016
2018.5904     0.1138     0.1302    -0.0248  0.0004  0.0005  0.0018
2018.5931     0.1149     0.1301    -0.0249  0.0005  0.0006  0.0021
2018.5959     0.1158     0.1299    -0.0210  0.0003  0.0004  0.0013
2018.5986     0.1161     0.1296    -0.0253  0.0004  0.0004  0.0015
2018.6014     0.1159     0.1301    -0.0200  0.0003  0.0004  0.0014
2018.6041     0.1187     0.1310    -0.0151  0.0004  0.0004  0.0016
2018.6068     0.1169     0.1298    -0.0185  0.0004  0.0004  0.0015
2018.6096     0.1151     0.1302    -0.0256  0.0003  0.0004  0.0014
2018.6123     0.1162     0.1332    -0.0225  0.0004  0.0005  0.0017
2018.6151     0.1170     0.1298    -0.0135  0.0004  0.0004  0.0016
2018.6178     0.1172     0.1328    -0.0237  0.0005  0.0006  0.0021
2018.6205     0.1129     0.1292    -0.0091  0.0006  0.0007  0.0025
2018.6233     0.1180     0.1284    -0.0168  0.0004  0.0005  0.0017
2018.6260     0.1154     0.1295    -0.0255  0.0004  0.0004  0.0015
2018.6288     0.1147     0.1301    -0.0208  0.0004  0.0005  0.0017
2018.6315     0.1169     0.1325    -0.0197  0.0004  0.0005  0.0018
2018.6342     0.1164     0.1312    -0.0255  0.0004  0.0004  0.0015
2018.6370     0.1122     0.1318    -0.0256  0.0004  0.0005  0.0019
2018.6397     0.1138     0.1321    -0.0219  0.0004  0.0005  0.0017
2018.6425     0.1148     0.1310    -0.0247  0.0004  0.0005  0.0019
2018.6452     0.1150     0.1317    -0.0241  0.0004  0.0005  0.0018
2018.6479     0.1141     0.1314    -0.0279  0.0004  0.0005  0.0017
2018.6507     0.1146     0.1308    -0.0283  0.0004  0.0004  0.0015
2018.6534     0.1153     0.1294    -0.0236  0.0004  0.0005  0.0018
2018.6562     0.1162     0.1328    -0.0262  0.0004  0.0005  0.0018
2018.6589     0.1158     0.1308    -0.0169  0.0004  0.0005  0.0017
2018.6616     0.1174     0.1273    -0.0262  0.0004  0.0004  0.0015
2018.6644     0.1131     0.1321    -0.0298  0.0004  0.0005  0.0016
2018.6671     0.1178     0.1282    -0.0168  0.0004  0.0005  0.0017
2018.6699     0.1145     0.1282    -0.0218  0.0005  0.0006  0.0023
2018.6726     0.1143     0.1321    -0.0147  0.0004  0.0005  0.0017
2018.6753     0.1175     0.1324    -0.0152  0.0004  0.0005  0.0019
2018.6781     0.1178     0.1307    -0.0300  0.0004  0.0004  0.0015
2018.6808     0.1168     0.1315    -0.0298  0.0004  0.0005  0.0016
2018.6836     0.1170     0.1298    -0.0224  0.0004  0.0005  0.0017
2018.6863     0.1148     0.1317    -0.0244  0.0004  0.0004  0.0016
2018.6890     0.1139     0.1342    -0.0246  0.0004  0.0004  0.0016
2018.6918     0.1166     0.1315    -0.0254  0.0005  0.0005  0.0019
2018.6945     0.1195     0.1294    -0.0217  0.0005  0.0006  0.0022
2018.6973     0.1170     0.1284    -0.0197  0.0004  0.0005  0.0019
2018.7000     0.1175     0.1289    -0.0253  0.0005  0.0006  0.0020
2018.7027     0.1156     0.1279    -0.0170  0.0005  0.0006  0.0023
2018.7055     0.1187     0.1291    -0.0206  0.0005  0.0005  0.0019
2018.7082     0.1204     0.1296    -0.0294  0.0005  0.0006  0.0021
2018.7110     0.1187     0.1315    -0.0227  0.0004  0.0004  0.0016
2018.7137     0.1159     0.1288    -0.0269  0.0004  0.0004  0.0016
2018.7164     0.1176     0.1295    -0.0220  0.0004  0.0005  0.0018
2018.7192     0.1176     0.1308    -0.0234  0.0004  0.0004  0.0016
2018.7219     0.1162     0.1322    -0.0200  0.0004  0.0005  0.0017
2018.7247     0.1156     0.1286    -0.0105  0.0005  0.0006  0.0020
2018.7274     0.1184     0.1319    -0.0219  0.0004  0.0005  0.0018
2018.7301     0.1202     0.1316    -0.0262  0.0004  0.0004  0.0016
2018.7329     0.1171     0.1310    -0.0250  0.0004  0.0004  0.0016
2018.7356     0.1169     0.1346    -0.0284  0.0003  0.0004  0.0014
2018.7384     0.1183     0.1330    -0.0173  0.0003  0.0004  0.0014
2018.7411     0.1164     0.1324    -0.0256  0.0004  0.0004  0.0016
2018.7438     0.1176     0.1320    -0.0278  0.0003  0.0004  0.0015
2018.7466     0.1180     0.1330    -0.0207  0.0003  0.0004  0.0013
2018.7493     0.1177     0.1332    -0.0274  0.0004  0.0005  0.0018
2018.7521     0.1189     0.1313    -0.0200  0.0004  0.0004  0.0015
2018.7548     0.1189     0.1321    -0.0262  0.0005  0.0006  0.0020
2018.7575     0.1189     0.1320    -0.0267  0.0004  0.0004  0.0015
2018.7603     0.1192     0.1342    -0.0170  0.0004  0.0005  0.0017
2018.7630     0.1204     0.1341    -0.0290  0.0005  0.0006  0.0022
2018.7657     0.1183     0.1310    -0.0239  0.0004  0.0005  0.0016
2018.7685     0.1172     0.1294    -0.0201  0.0003  0.0004  0.0015
2018.7712     0.1187     0.1329    -0.0137  0.0005  0.0006  0.0020
2018.7740     0.1204     0.1312    -0.0263  0.0004  0.0004  0.0016
2018.7767     0.1171     0.1290    -0.0096  0.0005  0.0006  0.0023
2018.7794     0.1158     0.1291    -0.0219  0.0004  0.0005  0.0018
2018.7822     0.1160     0.1291    -0.0179  0.0004  0.0005  0.0019
2018.7849     0.1172     0.1332    -0.0253  0.0004  0.0005  0.0017
2018.7877     0.1177     0.1312    -0.0205  0.0003  0.0004  0.0013
2018.7904     0.1176     0.1282    -0.0224  0.0003  0.0008  0.0014
2018.7931     0.1201     0.1312    -0.0196  0.0004  0.0005  0.0019
2018.7959     0.1217     0.1335    -0.0256  0.0005  0.0005  0.0019
2018.7986     0.1172     0.1304    -0.0194  0.0005  0.0006  0.0022
2018.8041     0.1181     0.1320    -0.0194  0.0005  0.0006  0.0023
2018.8068     0.1179     0.1401    -0.0248  0.0007  0.0008  0.0029
2018.8096     0.1157     0.1336    -0.0178  0.0004  0.0005  0.0017
2018.8123     0.1181     0.1307    -0.0210  0.0004  0.0005  0.0016
2018.8151     0.1138     0.1311    -0.0252  0.0005  0.0006  0.0020
2018.8178     0.1192     0.1303    -0.0246  0.0005  0.0005  0.0020
2018.8205     0.1159     0.1322    -0.0340  0.0006  0.0007  0.0024
2018.8233     0.1201     0.1324    -0.0299  0.0006  0.0007  0.0024
2018.8260     0.1174     0.1326    -0.0112  0.0006  0.0007  0.0027
2018.8288     0.1217     0.1331    -0.0246  0.0004  0.0004  0.0015
2018.8315     0.1180     0.1337    -0.0230  0.0004  0.0004  0.0015
2018.8342     0.1182     0.1346    -0.0188  0.0004  0.0005  0.0017
2018.8370     0.1185     0.1343    -0.0219  0.0004  0.0004  0.0016
2018.8397     0.1185     0.1334    -0.0122  0.0003  0.0004  0.0013
2018.8425     0.1193     0.1340    -0.0248  0.0004  0.0005  0.0018
2018.8452     0.1161     0.1355    -0.0397  0.0004  0.0004  0.0016
2018.8479     0.1191     0.1336    -0.0105  0.0007  0.0008  0.0028
2018.8507     0.1214     0.1353    -0.0185  0.0003  0.0004  0.0014
2018.8534     0.1187     0.1333    -0.0196  0.0004  0.0004  0.0016
2018.8562     0.1177     0.1354    -0.0280  0.0003  0.0004  0.0015
2018.8589     0.1208     0.1347    -0.0178  0.0003  0.0004  0.0014
2018.8616     0.1199     0.1326    -0.0155  0.0004  0.0004  0.0015
2018.8644     0.1200     0.1343    -0.0153  0.0003  0.0004  0.0014
2018.8671     0.1210     0.1325    -0.0201  0.0005  0.0006  0.0022
2018.8699     0.1207     0.1348    -0.0155  0.0005  0.0006  0.0022
2018.8726     0.1184     0.1362    -0.0069  0.0004  0.0004  0.0016
2018.8753     0.1197     0.1365    -0.0249  0.0004  0.0004  0.0015
2018.8781     0.1203     0.1356    -0.0201  0.0003  0.0004  0.0013
2018.8808     0.1217     0.1359    -0.0206  0.0003  0.0004  0.0014
2018.8836     0.1240     0.1371    -0.0149  0.0004  0.0005  0.0019
2018.8863     0.1220     0.1366    -0.0136  0.0006  0.0006  0.0024
2018.8890     0.1188     0.1360    -0.0274  0.0003  0.0004  0.0014
2018.8918     0.1182     0.1326    -0.0222  0.0004  0.0004  0.0016
2018.8945     0.1192     0.1356    -0.0242  0.0004  0.0004  0.0015
2018.8973     0.1186     0.1334    -0.0198  0.0003  0.0004  0.0014
2018.9000     0.1230     0.1340    -0.0165  0.0004  0.0004  0.0015
2018.9027     0.1188     0.1371    -0.0196  0.0003  0.0004  0.0015
2018.9055     0.1177     0.1347    -0.0148  0.0005  0.0005  0.0019
2018.9082     0.1146     0.1289    -0.0291  0.0007  0.0009  0.0031
2018.9110     0.1196     0.1352    -0.0192  0.0004  0.0004  0.0015
2018.9137     0.1205     0.1350    -0.0268  0.0004  0.0004  0.0015
2019.0123     0.1209     0.1356    -0.0145  0.0003  0.0003  0.0011
2019.0151     0.1223     0.1340    -0.0195  0.0004  0.0005  0.0018
2019.0178     0.1212     0.1334    -0.0187  0.0003  0.0004  0.0013
2019.0205     0.1231     0.1347    -0.0209  0.0003  0.0004  0.0013
2019.0233     0.1225     0.1331    -0.0231  0.0003  0.0004  0.0014
2019.0260     0.1237     0.1332    -0.0189  0.0003  0.0004  0.0014
2019.0288     0.1234     0.1357    -0.0267  0.0003  0.0004  0.0014
2019.0315     0.1213     0.1351    -0.0275  0.0004  0.0005  0.0017
2019.0342     0.1227     0.1354    -0.0161  0.0003  0.0004  0.0014
2019.0507     0.1212     0.1355    -0.0207  0.0003  0.0004  0.0013
2019.0534     0.1221     0.1355    -0.0163  0.0003  0.0003  0.0012
2019.0589     0.1224     0.1367    -0.0302  0.0004  0.0004  0.0016
2019.0616     0.1221     0.1360    -0.0200  0.0003  0.0003  0.0012
2019.0644     0.1225     0.1396    -0.0261  0.0003  0.0008  0.0014
2019.0671     0.1219     0.1340    -0.0198  0.0003  0.0004  0.0014
2019.0699     0.1210     0.1378    -0.0209  0.0003  0.0007  0.0013
2019.0726     0.1223     0.1370    -0.0238  0.0003  0.0004  0.0013
2019.0753     0.1219     0.1338    -0.0243  0.0003  0.0004  0.0013
2019.0781     0.1209     0.1366    -0.0202  0.0004  0.0004  0.0016
2019.0808     0.1235     0.1319    -0.0197  0.0004  0.0005  0.0018
2019.0836     0.1242     0.1365    -0.0136  0.0003  0.0004  0.0014
2019.0863     0.1222     0.1339    -0.0126  0.0003  0.0003  0.0013
2019.0890     0.1216     0.1367    -0.0180  0.0003  0.0003  0.0012
2019.0918     0.1232     0.1361    -0.0102  0.0003  0.0004  0.0013
2019.0945     0.1223     0.1355    -0.0174  0.0003  0.0004  0.0013
2019.0973     0.1224     0.1356    -0.0192  0.0003  0.0004  0.0014
2019.1000     0.1226     0.1343    -0.0181  0.0003  0.0004  0.0013
2019.1027     0.1227     0.1342    -0.0153  0.0003  0.0004  0.0014
2019.1055     0.1245     0.1359    -0.0164  0.0003  0.0004  0.0014
2019.1082     0.1239     0.1334    -0.0176  0.0003  0.0004  0.0014
2019.1110     0.1227     0.1353    -0.0174  0.0003  0.0003  0.0013
2019.1137     0.1250     0.1356    -0.0127  0.0003  0.0003  0.0013
2019.1164     0.1232     0.1373    -0.0211  0.0003  0.0004  0.0015
2019.1192     0.1213     0.1355    -0.0179  0.0003  0.0003  0.0013
2019.1219     0.1205     0.1363    -0.0195  0.0003  0.0003  0.0013
2019.1247     0.1222     0.1341    -0.0202  0.0003  0.0003  0.0013
2019.1274     0.1227     0.1351    -0.0205  0.0003  0.0004  0.0014
2019.1301     0.1227     0.1332    -0.0245  0.0003  0.0004  0.0015
2019.1329     0.1212     0.1355    -0.0198  0.0004  0.0004  0.0015
2019.1356     0.1219     0.1355    -0.0194  0.0004  0.0004  0.0016
2019.1384     0.1225     0.1324    -0.0075  0.0004  0.0005  0.0017
2019.1411     0.1232     0.1364    -0.0189  0.0003  0.0003  0.0012
2019.1438     0.1222     0.1353    -0.0183  0.0003  0.0003  0.0012
2019.1466     0.1251     0.1370    -0.0192  0.0003  0.0004  0.0014
2019.1493     0.1223     0.1329    -0.0180  0.0004  0.0004  0.0016
2019.1521     0.1237     0.1356    -0.0218  0.0003  0.0004  0.0014
2019.1548     0.1226     0.1337    -0.0141  0.0004  0.0005  0.0017
2019.1575     0.1220     0.1370    -0.0204  0.0003  0.0004  0.0013
2019.1603     0.1224     0.1359    -0.0170  0.0003  0.0004  0.0013
2019.1630     0.1233     0.1364    -0.0228  0.0003  0.0004  0.0014
2019.1657     0.1240     0.1361    -0.0173  0.0003  0.0004  0.0013
2019.1685     0.1234     0.1361    -0.0170  0.0003  0.0004  0.0013
2019.1712     0.1223     0.1359    -0.0223  0.0003  0.0004  0.0013
2019.1740     0.1227     0.1344    -0.0164  0.0003  0.0004  0.0013
2019.1767     0.1243     0.1352    -0.0223  0.0004  0.0004  0.0015
2019.1794     0.1232     0.1346    -0.0236  0.0003  0.0004  0.0014
2019.1822     0.1246     0.1357    -0.0166  0.0003  0.0004  0.0013
2019.1849     0.1248     0.1350    -0.0178  0.0003  0.0004  0.0014
2019.1877     0.1226     0.1360    -0.0218  0.0003  0.0004  0.0013
2019.1904     0.1227     0.1344    -0.0153  0.0003  0.0004  0.0015
2019.1931     0.1242     0.1372    -0.0117  0.0003  0.0004  0.0013
2019.1959     0.1233     0.1349    -0.0143  0.0004  0.0004  0.0015
2019.1986     0.1233     0.1371    -0.0153  0.0004  0.0004  0.0015
2019.2014     0.1218     0.1361    -0.0174  0.0003  0.0004  0.0014
2019.2041     0.1235     0.1366    -0.0182  0.0003  0.0004  0.0014
2019.2068     0.1241     0.1367    -0.0111  0.0004  0.0004  0.0016
2019.2096     0.1226     0.1367    -0.0209  0.0003  0.0004  0.0013
2019.2123     0.1238     0.1371    -0.0164  0.0004  0.0004  0.0015
2019.2151     0.1227     0.1386    -0.0188  0.0003  0.0004  0.0014
2019.2178     0.1222     0.1373    -0.0226  0.0003  0.0004  0.0014
2019.2205     0.1225     0.1392    -0.0194  0.0003  0.0004  0.0013
2019.2233     0.1227     0.1370    -0.0210  0.0003  0.0004  0.0013
2019.2260     0.1227     0.1372    -0.0160  0.0003  0.0003  0.0012
2019.2288     0.1233     0.1373    -0.0179  0.0003  0.0003  0.0012
2019.2315     0.1223     0.1373    -0.0212  0.0004  0.0005  0.0017
2019.2342     0.1252     0.1380    -0.0236  0.0003  0.0004  0.0013
2019.2370     0.1239     0.1370    -0.0228  0.0003  0.0004  0.0014
2019.2397     0.1247     0.1371    -0.0216  0.0003  0.0004  0.0013
2019.2425     0.1225     0.1373    -0.0244  0.0003  0.0003  0.0013
2019.2452     0.1240     0.1378    -0.0156  0.0003  0.0004  0.0014
2019.2479     0.1211     0.1384    -0.0256  0.0004  0.0005  0.0018
2019.2507     0.1210     0.1373    -0.0271  0.0004  0.0005  0.0018
2019.2534     0.1260     0.1383    -0.0193  0.0004  0.0005  0.0017
2019.2562     0.1239     0.1360    -0.0184  0.0003  0.0004  0.0014
2019.2589     0.1253     0.1391    -0.0203  0.0003  0.0004  0.0014
2019.2616     0.1258     0.1382    -0.0151  0.0004  0.0005  0.0016
2019.2644     0.1237     0.1360    -0.0159  0.0003  0.0004  0.0013
2019.2671     0.1231     0.1383    -0.0171  0.0004  0.0005  0.0017
2019.2699     0.1265     0.1340    -0.0211  0.0004  0.0004  0.0016
2019.2726     0.1253     0.1386    -0.0263  0.0004  0.0005  0.0017
2019.2753     0.1240     0.1360    -0.0157  0.0003  0.0004  0.0014
2019.2781     0.1245     0.1361    -0.0204  0.0003  0.0004  0.0015
2019.2808     0.1250     0.1361    -0.0078  0.0004  0.0004  0.0016
2019.2836     0.1255     0.1359    -0.0060  0.0005  0.0005  0.0019
2019.2863     0.1243     0.1370    -0.0210  0.0004  0.0005  0.0017
2019.2890     0.1262     0.1359    -0.0180  0.0005  0.0006  0.0021
2019.2918     0.1210     0.1373    -0.0189  0.0004  0.0005  0.0016
2019.2945     0.1238     0.1380    -0.0159  0.0004  0.0004  0.0016
2019.2973     0.1219     0.1385    -0.0200  0.0003  0.0004  0.0014
2019.3000     0.1254     0.1398    -0.0290  0.0006  0.0007  0.0025
2019.3027     0.1240     0.1381    -0.0197  0.0005  0.0006  0.0020
2019.3055     0.1244     0.1395    -0.0208  0.0004  0.0004  0.0016
2019.3082     0.1228     0.1408    -0.0255  0.0004  0.0005  0.0017
2019.3110     0.1234     0.1400    -0.0206  0.0004  0.0004  0.0016
2019.3137     0.1221     0.1430    -0.0251  0.0004  0.0005  0.0017
2019.3164     0.1257     0.1371    -0.0148  0.0005  0.0005  0.0020
2019.3192     0.1195     0.1418    -0.0213  0.0004  0.0005  0.0017
2019.3219     0.1229     0.1368    -0.0118  0.0004  0.0005  0.0018
2019.3247     0.1241     0.1403    -0.0187  0.0004  0.0004  0.0016
2019.3274     0.1219     0.1404    -0.0204  0.0004  0.0004  0.0015
2019.3301     0.1229     0.1394    -0.0147  0.0004  0.0004  0.0015
2019.3329     0.1222     0.1382    -0.0211  0.0003  0.0004  0.0014
2019.3356     0.1232     0.1408    -0.0152  0.0004  0.0004  0.0016
2019.3384     0.1199     0.1393    -0.0130  0.0004  0.0004  0.0015
2019.3411     0.1238     0.1396    -0.0149  0.0004  0.0004  0.0015
2019.3438     0.1231     0.1416    -0.0155  0.0003  0.0004  0.0014
2019.3466     0.1247     0.1403    -0.0170  0.0004  0.0004  0.0016
2019.3493     0.1244     0.1377    -0.0217  0.0005  0.0006  0.0021
2019.3521     0.1231     0.1382    -0.0131  0.0004  0.0005  0.0018
2019.3548     0.1237     0.1360    -0.0185  0.0003  0.0004  0.0015
2019.3575     0.1232     0.1388    -0.0170  0.0004  0.0004  0.0016
2019.3603     0.1239     0.1390    -0.0174  0.0003  0.0004  0.0013
2019.3630     0.1229     0.1406    -0.0187  0.0003  0.0004  0.0013
2019.3657     0.1238     0.1417    -0.0169  0.0005  0.0006  0.0022
2019.3685     0.1256     0.1373    -0.0270  0.0006  0.0007  0.0026
2019.3712     0.1239     0.1398    -0.0204  0.0004  0.0004  0.0016
2019.3740     0.1242     0.1394    -0.0207  0.0004  0.0005  0.0018
2019.3767     0.1254     0.1393    -0.0061  0.0005  0.0006  0.0023
2019.3794     0.1241     0.1381    -0.0091  0.0004  0.0005  0.0018
2019.3822     0.1231     0.1397    -0.0188  0.0004  0.0005  0.0017
2019.3849     0.1246     0.1431    -0.0117  0.0004  0.0004  0.0016
2019.3877     0.1231     0.1402    -0.0251  0.0003  0.0004  0.0014
2019.3904     0.1257     0.1407    -0.0184  0.0003  0.0004  0.0014
2019.3931     0.1247     0.1388    -0.0170  0.0004  0.0004  0.0015
2019.3959     0.1264     0.1395    -0.0237  0.0003  0.0004  0.0015
2019.3986     0.1251     0.1393    -0.0186  0.0005  0.0006  0.0021
2019.4014     0.1233     0.1411    -0.0251  0.0004  0.0004  0.0015
2019.4041     0.1232     0.1409    -0.0183  0.0005  0.0006  0.0021
2019.4068     0.1248     0.1415    -0.0248  0.0003  0.0003  0.0012
2019.4096     0.1234     0.1425    -0.0246  0.0003  0.0004  0.0013
2019.4123     0.1244     0.1419    -0.0251  0.0003  0.0004  0.0013
2019.4151     0.1265     0.1401    -0.0010  0.0005  0.0006  0.0021
2019.4178     0.1213     0.1408    -0.0338  0.0004  0.0005  0.0018
2019.4205     0.1245     0.1415    -0.0234  0.0003  0.0004  0.0014
2019.4260     0.1240     0.1401    -0.0311  0.0004  0.0005  0.0018
2019.4288     0.1241     0.1410    -0.0230  0.0005  0.0005  0.0020
2019.4315     0.1240     0.1407    -0.0273  0.0003  0.0004  0.0014
2019.4342     0.1230     0.1409    -0.0229  0.0003  0.0004  0.0013
2019.4370     0.1250     0.1414    -0.0283  0.0004  0.0004  0.0015
2019.4397     0.1245     0.1410    -0.0223  0.0003  0.0004  0.0015
2019.4425     0.1246     0.1411    -0.0339  0.0004  0.0005  0.0017
2019.4452     0.1242     0.1419    -0.0246  0.0004  0.0005  0.0017
2019.4479     0.1230     0.1421    -0.0306  0.0004  0.0005  0.0017
2019.4507     0.1237     0.1402    -0.0298  0.0003  0.0004  0.0015
2019.4534     0.1220     0.1420    -0.0287  0.0004  0.0005  0.0017
2019.4562     0.1240     0.1399    -0.0298  0.0005  0.0005  0.0019
2019.4589     0.1234     0.1402    -0.0328  0.0004  0.0004  0.0015
2019.4616     0.1229     0.1406    -0.0225  0.0003  0.0004  0.0015
2019.4644     0.1234     0.1418    -0.0273  0.0003  0.0004  0.0013
2019.4671     0.1246     0.1396    -0.0187  0.0003  0.0004  0.0014
2019.4699     0.1245     0.1408    -0.0242  0.0003  0.0004  0.0013
2019.4726     0.1276     0.1402    -0.0238  0.0004  0.0004  0.0015
2019.4753     0.1252     0.1413    -0.0303  0.0003  0.0004  0.0013
2019.4781     0.1260     0.1413    -0.0254  0.0004  0.0005  0.0017
2019.4808     0.1261     0.1417    -0.0216  0.0003  0.0004  0.0013
2019.4836     0.1269     0.1422    -0.0299  0.0004  0.0004  0.0015
2019.4863     0.1245     0.1409    -0.0298  0.0004  0.0004  0.0015
2019.4890     0.1265     0.1412    -0.0228  0.0003  0.0004  0.0013
2019.4918     0.1261     0.1411    -0.0262  0.0003  0.0004  0.0013
2019.4945     0.1248     0.1406    -0.0333  0.0004  0.0005  0.0019
2019.4973     0.1263     0.1434    -0.0232  0.0004  0.0005  0.0019
2019.5000     0.1264     0.1406    -0.0177  0.0004  0.0005  0.0016
2019.5027     0.1259     0.1402    -0.0277  0.0004  0.0005  0.0016
2019.5055     0.1262     0.1418    -0.0273  0.0004  0.0004  0.0015
2019.5082     0.1278     0.1424    -0.0300  0.0003  0.0004  0.0014
2019.5110     0.1258     0.1414    -0.0184  0.0003  0.0004  0.0015
2019.5137     0.1271     0.1422    -0.0149  0.0004  0.0005  0.0018
2019.5164     0.1247     0.1377    -0.0228  0.0004  0.0005  0.0018
2019.5192     0.1269     0.1437    -0.0233  0.0004  0.0005  0.0017
2019.5219     0.1266     0.1409    -0.0266  0.0004  0.0004  0.0016
2019.5247     0.1277     0.1403    -0.0203  0.0005  0.0005  0.0019
2019.5274     0.1262     0.1408    -0.0250  0.0004  0.0004  0.0015
2019.5301     0.1300     0.1406    -0.0243  0.0004  0.0005  0.0017
2019.5329     0.1261     0.1408    -0.0237  0.0004  0.0005  0.0017
2019.5356     0.1211     0.1367    -0.0106  0.0008  0.0009  0.0032
2019.5384     0.1260     0.1399    -0.0311  0.0004  0.0005  0.0016
2019.5411     0.1252     0.1439    -0.0211  0.0004  0.0004  0.0015
2019.5438     0.1259     0.1418    -0.0297  0.0003  0.0004  0.0014
2019.5466     0.1259     0.1407    -0.0253  0.0003  0.0004  0.0014
2019.5493     0.1264     0.1402    -0.0203  0.0004  0.0004  0.0015
2019.5521     0.1260     0.1409    -0.0258  0.0004  0.0004  0.0015
2019.5548     0.1270     0.1420    -0.0159  0.0004  0.0005  0.0018
2019.5575     0.1285     0.1422    -0.0251  0.0004  0.0005  0.0018
2019.5603     0.1276     0.1414    -0.0131  0.0005  0.0006  0.0021
2019.5630     0.1276     0.1424    -0.0209  0.0004  0.0004  0.0016
2019.5657     0.1281     0.1432    -0.0269  0.0005  0.0006  0.0022
2019.5685     0.1270     0.1440    -0.0263  0.0004  0.0004  0.0015
2019.5712     0.1247     0.1408    -0.0296  0.0004  0.0004  0.0015
2019.5740     0.1245     0.1407    -0.0249  0.0003  0.0004  0.0015
2019.5767     0.1254     0.1424    -0.0287  0.0004  0.0004  0.0016
2019.5794     0.1262     0.1427    -0.0215  0.0004  0.0004  0.0015
2019.5822     0.1257     0.1422    -0.0213  0.0004  0.0005  0.0018
2019.5849     0.1280     0.1394    -0.0281  0.0005  0.0005  0.0019
2019.5877     0.1261     0.1439    -0.0218  0.0004  0.0004  0.0016
2019.5904     0.1266     0.1448    -0.0241  0.0005  0.0005  0.0019
2019.5931     0.1258     0.1395    -0.0219  0.0004  0.0005  0.0017
2019.5959     0.1250     0.1414    -0.0267  0.0004  0.0004  0.0015
2019.5986     0.1265     0.1406    -0.0190  0.0005  0.0005  0.0019
2019.6014     0.1242     0.1396    -0.0279  0.0004  0.0005  0.0017
2019.6041     0.1271     0.1403    -0.0290  0.0004  0.0005  0.0017
2019.6068     0.1269     0.1416    -0.0265  0.0004  0.0004  0.0015
2019.6096     0.1241     0.1429    -0.0227  0.0004  0.0005  0.0017
2019.6123     0.1287     0.1421    -0.0241  0.0004  0.0005  0.0017
2019.6151     0.1267     0.1414    -0.0279  0.0006  0.0006  0.0023
2019.6178     0.1268     0.1438    -0.0149  0.0005  0.0005  0.0020
2019.6205     0.1275     0.1423    -0.0175  0.0004  0.0004  0.0016
2019.6233     0.1257     0.1423    -0.0288  0.0004  0.0004  0.0017
2019.6260     0.1272     0.1418    -0.0305  0.0004  0.0004  0.0016
2019.6288     0.1257     0.1416    -0.0295  0.0004  0.0004  0.0016
2019.6315     0.1259     0.1435    -0.0249  0.0004  0.0005  0.0018
2019.6342     0.1298     0.1425    -0.0112  0.0006  0.0007  0.0024
2019.6370     0.1242     0.1409    -0.0241  0.0004  0.0005  0.0018
2019.6397     0.1245     0.1443    -0.0297  0.0004  0.0005  0.0019
2019.6425     0.1237     0.1427    -0.0200  0.0004  0.0005  0.0018
2019.6452     0.1280     0.1415    -0.0146  0.0005  0.0006  0.0020
2019.6479     0.1268     0.1428    -0.0321  0.0004  0.0005  0.0017
2019.6507     0.1258     0.1404    -0.0287  0.0004  0.0005  0.0017
2019.6534     0.1292     0.1416    -0.0267  0.0004  0.0004  0.0015
2019.6562     0.1293     0.1425    -0.0298  0.0004  0.0004  0.0016
2019.6589     0.1263     0.1423    -0.0223  0.0003  0.0004  0.0014
2019.6616     0.1259     0.1429    -0.0268  0.0004  0.0005  0.0018
2019.6644     0.1271     0.1425    -0.0238  0.0004  0.0005  0.0018
2019.6671     0.1297     0.1431    -0.0229  0.0005  0.0006  0.0020
2019.6699     0.1282     0.1439    -0.0174  0.0005  0.0006  0.0021
2019.6726     0.1288     0.1417    -0.0203  0.0004  0.0005  0.0017
2019.6753     0.1309     0.1433    -0.0298  0.0004  0.0005  0.0018
2019.6781     0.1264     0.1419    -0.0216  0.0004  0.0005  0.0018
2019.6808     0.1283     0.1405    -0.0098  0.0005  0.0005  0.0020
2019.6836     0.1285     0.1414    -0.0242  0.0004  0.0004  0.0016
2019.6863     0.1266     0.1423    -0.0309  0.0005  0.0005  0.0019
2019.6890     0.1299     0.1421    -0.0269  0.0004  0.0005  0.0018
2019.6918     0.1290     0.1408    -0.0236  0.0004  0.0005  0.0018
2019.6945     0.1298     0.1397    -0.0207  0.0005  0.0005  0.0020
2019.6973     0.1298     0.1438    -0.0181  0.0004  0.0005  0.0018
2019.7000     0.1317     0.1416    -0.0177  0.0005  0.0006  0.0022
2019.7027     0.1262     0.1432    -0.0253  0.0005  0.0006  0.0020
2019.7055     0.1283     0.1422    -0.0194  0.0004  0.0005  0.0016
2019.7082     0.1274     0.1392    -0.0319  0.0006  0.0007  0.0025
2019.7110     0.1289     0.1431    -0.0202  0.0007  0.0008  0.0028
2019.7137     0.1256     0.1413    -0.0197  0.0006  0.0006  0.0023
2019.7164     0.1296     0.1365    -0.0227  0.0005  0.0006  0.0022
2019.7192     0.1289     0.1412    -0.0248  0.0003  0.0004  0.0015
2019.7219     0.1284     0.1407    -0.0300  0.0003  0.0004  0.0013
2019.7247     0.1305     0.1428    -0.0233  0.0003  0.0003  0.0012
2019.7274     0.1286     0.1434    -0.0221  0.0004  0.0004  0.0016
2019.7301     0.1294     0.1418    -0.0180  0.0004  0.0005  0.0018
2020.0014     0.1316     0.1455    -0.0157  0.0004  0.0005  0.0017
2020.0041     0.1295     0.1474    -0.0201  0.0004  0.0004  0.0015
2020.0068     0.1317     0.1471    -0.0220  0.0003  0.0004  0.0014
2020.0096     0.1311     0.1470    -0.0267  0.0003  0.0004  0.0014
2020.0123     0.1304     0.1514    -0.0275  0.0003  0.0008  0.0015
2020.0150     0.1326     0.1482    -0.0252  0.0003  0.0004  0.0015
2020.0178     0.1330     0.1488    -0.0221  0.0003  0.0004  0.0014
2020.0205     0.1318     0.1460    -0.0253  0.0004  0.0005  0.0017
2020.0232     0.1327     0.1458    -0.0234  0.0004  0.0004  0.0015
2020.0260     0.1319     0.1473    -0.0206  0.0003  0.0004  0.0015
2020.0287     0.1328     0.1483    -0.0152  0.0004  0.0004  0.0015
2020.0314     0.1319     0.1465    -0.0229  0.0005  0.0006  0.0021
2020.0341     0.1319     0.1478    -0.0194  0.0003  0.0004  0.0014
2020.0369     0.1305     0.1480    -0.0180  0.0003  0.0004  0.0013
2020.0396     0.1307     0.1482    -0.0156  0.0003  0.0004  0.0013
2020.0423     0.1321     0.1504    -0.0167  0.0003  0.0004  0.0013
2020.0451     0.1322     0.1527    -0.0158  0.0004  0.0004  0.0016
2020.0478     0.1317     0.1507    -0.0225  0.0003  0.0004  0.0013
2020.0505     0.1329     0.1494    -0.0189  0.0003  0.0004  0.0013
2020.0533     0.1329     0.1500    -0.0223  0.0003  0.0008  0.0012
2020.0560     0.1316     0.1489    -0.0193  0.0003  0.0004  0.0013
2020.0587     0.1316     0.1457    -0.0209  0.0003  0.0004  0.0014
2020.0615     0.1316     0.1469    -0.0174  0.0003  0.0004  0.0015
2020.0642     0.1329     0.1483    -0.0186  0.0003  0.0004  0.0013
2020.0669     0.1327     0.1457    -0.0202  0.0003  0.0004  0.0013
2020.0697     0.1322     0.1480    -0.0188  0.0003  0.0004  0.0013
2020.0724     0.1335     0.1475    -0.0206  0.0003  0.0003  0.0012
2020.0751     0.1350     0.1483    -0.0163  0.0004  0.0004  0.0015
2020.0779     0.1333     0.1451    -0.0196  0.0003  0.0004  0.0014
2020.0806     0.1342     0.1470    -0.0116  0.0004  0.0005  0.0017
2020.0833     0.1336     0.1484    -0.0157  0.0004  0.0004  0.0016
2020.0861     0.1303     0.1476    -0.0193  0.0003  0.0004  0.0014
2020.0888     0.1317     0.1474    -0.0227  0.0004  0.0004  0.0016
2020.0915     0.1318     0.1471    -0.0193  0.0003  0.0004  0.0014
2020.0943     0.1318     0.1474    -0.0193  0.0003  0.0004  0.0014
2020.0970     0.1311     0.1492    -0.0145  0.0003  0.0004  0.0014
2020.0997     0.1333     0.1486    -0.0144  0.0003  0.0004  0.0014
2020.1025     0.1310     0.1476    -0.0221  0.0003  0.0004  0.0014
2020.1052     0.1321     0.1488    -0.0218  0.0004  0.0004  0.0016
2020.1079     0.1326     0.1496    -0.0220  0.0004  0.0004  0.0015
2020.1107     0.1324     0.1492    -0.0183  0.0003  0.0004  0.0014
2020.1134     0.1327     0.1485    -0.0198  0.0003  0.0003  0.0013
2020.1161     0.1307     0.1493    -0.0204  0.0003  0.0003  0.0012
2020.1188     0.1325     0.1494    -0.0163  0.0003  0.0004  0.0014
2020.1216     0.1324     0.1511    -0.0259  0.0003  0.0004  0.0014
2020.1243     0.1326     0.1504    -0.0221  0.0003  0.0004  0.0014
2020.1270     0.1318     0.1504    -0.0153  0.0003  0.0004  0.0014
2020.1298     0.1340     0.1469    -0.0245  0.0003  0.0004  0.0013
2020.1325     0.1340     0.1484    -0.0172  0.0003  0.0004  0.0015
2020.1352     0.1340     0.1467    -0.0151  0.0003  0.0004  0.0013
2020.1380     0.1324     0.1515    -0.0179  0.0003  0.0004  0.0014
2020.1407     0.1328     0.1500    -0.0193  0.0003  0.0004  0.0015
2020.1434     0.1332     0.1497    -0.0202  0.0003  0.0004  0.0014
2020.1462     0.1328     0.1497    -0.0187  0.0003  0.0003  0.0012
2020.1489     0.1328     0.1467    -0.0213  0.0003  0.0004  0.0014
2020.1516     0.1338     0.1486    -0.0125  0.0003  0.0003  0.0012
2020.1544     0.1333     0.1485    -0.0153  0.0004  0.0004  0.0015
2020.1571     0.1308     0.1505    -0.0230  0.0004  0.0005  0.0018
2020.1598     0.1308     0.1482    -0.0282  0.0004  0.0005  0.0017
2020.1626     0.1303     0.1483    -0.0212  0.0003  0.0004  0.0014
2020.1653     0.1320     0.1500    -0.0159  0.0003  0.0003  0.0012
2020.1680     0.1333     0.1477    -0.0215  0.0003  0.0004  0.0015
2020.1708     0.1323     0.1483    -0.0235  0.0004  0.0004  0.0016
2020.1735     0.1345     0.1514    -0.0156  0.0003  0.0004  0.0014
2020.1762     0.1338     0.1528    -0.0196  0.0003  0.0004  0.0013
2020.1790     0.1328     0.1482    -0.0254  0.0003  0.0004  0.0013
2020.1817     0.1349     0.1520    -0.0227  0.0003  0.0004  0.0013
2020.1844     0.1330     0.1498    -0.0205  0.0003  0.0003  0.0013
2020.1872     0.1338     0.1510    -0.0198  0.0003  0.0004  0.0014
2020.1899     0.1323     0.1498    -0.0189  0.0003  0.0003  0.0012
2020.1926     0.1349     0.1492    -0.0225  0.0003  0.0004  0.0013
2020.1954     0.1329     0.1469    -0.0180  0.0003  0.0004  0.0014
2020.1981     0.1326     0.1488    -0.0275  0.0004  0.0004  0.0016
2020.2008     0.1331     0.1489    -0.0162  0.0003  0.0004  0.0014
2020.2035     0.1334     0.1525    -0.0140  0.0004  0.0004  0.0015
2020.2063     0.1355     0.1511    -0.0159  0.0003  0.0004  0.0015
2020.2090     0.1366     0.1486    -0.0165  0.0003  0.0004  0.0013
2020.2117     0.1334     0.1490    -0.0233  0.0004  0.0005  0.0017
2020.2145     0.1347     0.1487    -0.0186  0.0003  0.0004  0.0014
2020.2172     0.1332     0.1499    -0.0253  0.0003  0.0004  0.0014
2020.2199     0.1325     0.1469    -0.0174  0.0004  0.0004  0.0016
2020.2227     0.1331     0.1497    -0.0160  0.0003  0.0004  0.0014
2020.2254     0.1333     0.1493    -0.0196  0.0003  0.0004  0.0013
2020.2281     0.1341     0.1498    -0.0188  0.0004  0.0004  0.0016
2020.2309     0.1341     0.1476    -0.0125  0.0004  0.0004  0.0015
2020.2336     0.1325     0.1505    -0.0136  0.0003  0.0004  0.0014
2020.2363     0.1303     0.1488    -0.0249  0.0005  0.0005  0.0019
2020.2391     0.1336     0.1521    -0.0115  0.0003  0.0004  0.0014
2020.2418     0.1326     0.1489    -0.0246  0.0004  0.0004  0.0016
2020.2445     0.1347     0.1493    -0.0132  0.0003  0.0004  0.0014
2020.2473     0.1334     0.1491    -0.0090  0.0004  0.0004  0.0016
2020.2500     0.1331     0.1488    -0.0128  0.0003  0.0003  0.0012
2020.2527     0.1331     0.1488    -0.0191  0.0003  0.0004  0.0013
2020.2555     0.1328     0.1515    -0.0080  0.0003  0.0004  0.0014
2020.2582     0.1338     0.1490    -0.0107  0.0003  0.0004  0.0014
2020.2609     0.1329     0.1503    -0.0124  0.0003  0.0004  0.0014
2020.2637     0.1334     0.1519    -0.0095  0.0004  0.0005  0.0017
2020.2664     0.1348     0.1503    -0.0177  0.0004  0.0004  0.0015
2020.2691     0.1337     0.1512    -0.0192  0.0003  0.0004  0.0014
2020.2719     0.1311     0.1503    -0.0151  0.0004  0.0004  0.0015
2020.2746     0.1340     0.1521    -0.0211  0.0005  0.0005  0.0019
2020.2773     0.1315     0.1513    -0.0186  0.0004  0.0005  0.0018
2020.2801     0.1320     0.1485    -0.0137  0.0004  0.0005  0.0017
2020.2828     0.1329     0.1492    -0.0147  0.0004  0.0005  0.0018
2020.2855     0.1343     0.1465    -0.0073  0.0005  0.0006  0.0021
2020.2882     0.1340     0.1504    -0.0238  0.0004  0.0005  0.0018
2020.2910     0.1342     0.1511    -0.0129  0.0005  0.0006  0.0020
2020.2937     0.1318     0.1544    -0.0195  0.0004  0.0005  0.0019
2020.2964     0.1333     0.1481    -0.0212  0.0005  0.0005  0.0020
2020.2992     0.1322     0.1514    -0.0126  0.0005  0.0005  0.0020
2020.3019     0.1314     0.1511    -0.0161  0.0004  0.0004  0.0015
2020.3046     0.1352     0.1490    -0.0154  0.0004  0.0005  0.0017
2020.3074     0.1356     0.1511    -0.0142  0.0005  0.0006  0.0020
2020.3101     0.1341     0.1516    -0.0138  0.0004  0.0005  0.0017
2020.3128     0.1309     0.1491    -0.0050  0.0006  0.0006  0.0023
2020.3156     0.1344     0.1518    -0.0248  0.0005  0.0006  0.0020
2020.3183     0.1342     0.1524    -0.0115  0.0004  0.0005  0.0017
2020.3210     0.1353     0.1512    -0.0167  0.0004  0.0004  0.0015
2020.3238     0.1321     0.1536    -0.0274  0.0004  0.0005  0.0019
2020.3265     0.1347     0.1510    -0.0205  0.0004  0.0005  0.0018
2020.3292     0.1355     0.1528    -0.0134  0.0003  0.0004  0.0015
2020.3320     0.1333     0.1520    -0.0246  0.0004  0.0005  0.0019
2020.3347     0.1346     0.1520    -0.0115  0.0005  0.0005  0.0019
2020.3374     0.1333     0.1511    -0.0127  0.0004  0.0005  0.0018
2020.3402     0.1348     0.1526    -0.0138  0.0004  0.0005  0.0017
2020.3429     0.1331     0.1502    -0.0170  0.0004  0.0005  0.0018
2020.3456     0.1339     0.1520    -0.0201  0.0004  0.0005  0.0017
2020.3484     0.1326     0.1539    -0.0066  0.0005  0.0005  0.0020
2020.3511     0.1313     0.1534    -0.0160  0.0004  0.0004  0.0015
2020.3538     0.1334     0.1506    -0.0186  0.0004  0.0005  0.0017
2020.3566     0.1332     0.1520    -0.0207  0.0003  0.0004  0.0014
2020.3593     0.1336     0.1516    -0.0283  0.0004  0.0005  0.0017
2020.3620     0.1324     0.1520    -0.0121  0.0005  0.0006  0.0023
2020.3647     0.1300     0.1524    -0.0231  0.0005  0.0005  0.0020
2020.3675     0.1350     0.1481    -0.0071  0.0004  0.0005  0.0019
2020.3702     0.1341     0.1555    -0.0146  0.0004  0.0004  0.0015
2020.3729     0.1326     0.1526    -0.0208  0.0004  0.0004  0.0016
2020.3757     0.1344     0.1524    -0.0229  0.0003  0.0004  0.0013
2020.3784     0.1342     0.1499    -0.0181  0.0004  0.0005  0.0019
2020.3811     0.1351     0.1521    -0.0211  0.0004  0.0005  0.0019
2020.3839     0.1338     0.1526    -0.0204  0.0004  0.0004  0.0016
2020.3866     0.1338     0.1500    -0.0171  0.0004  0.0004  0.0015
2020.3893     0.1329     0.1519    -0.0216  0.0003  0.0004  0.0015
2020.3921     0.1355     0.1495    -0.0190  0.0004  0.0004  0.0016
2020.3948     0.1347     0.1533    -0.0182  0.0003  0.0004  0.0014
2020.3975     0.1351     0.1523    -0.0282  0.0004  0.0005  0.0017
2020.4003     0.1364     0.1539    -0.0272  0.0004  0.0005  0.0017
2020.4030     0.1361     0.1550    -0.0173  0.0005  0.0006  0.0020
2020.4057     0.1373     0.1553    -0.0261  0.0004  0.0005  0.0019
2020.4085     0.1331     0.1563    -0.0280  0.0005  0.0006  0.0021
2020.4112     0.1359     0.1556    -0.0209  0.0004  0.0005  0.0018
2020.4139     0.1345     0.1521    -0.0232  0.0004  0.0004  0.0016
2020.4167     0.1345     0.1530    -0.0239  0.0004  0.0004  0.0015
2020.4194     0.1341     0.1511    -0.0246  0.0004  0.0004  0.0016
2020.4221     0.1322     0.1505    -0.0074  0.0006  0.0007  0.0025
2020.4249     0.1330     0.1519    -0.0216  0.0004  0.0004  0.0016
2020.4276     0.1337     0.1550    -0.0322  0.0006  0.0007  0.0024
2020.4303     0.1321     0.1550    -0.0062  0.0005  0.0006  0.0020
2020.4331     0.1334     0.1489    -0.0196  0.0004  0.0005  0.0018
2020.4358     0.1359     0.1510    -0.0137  0.0004  0.0005  0.0019
2020.4385     0.1335     0.1490    -0.0171  0.0005  0.0006  0.0021
2020.4413     0.1358     0.1582    -0.0215  0.0006  0.0007  0.0027
2020.4440     0.1342     0.1523    -0.0229  0.0003  0.0004  0.0015
2020.4467     0.1355     0.1557    -0.0265  0.0003  0.0004  0.0014
2020.4494     0.1345     0.1535    -0.0206  0.0004  0.0004  0.0016
2020.4522     0.1349     0.1544    -0.0248  0.0004  0.0005  0.0017
2020.4549     0.1374     0.1537    -0.0158  0.0004  0.0005  0.0018
2020.4576     0.1372     0.1527    -0.0329  0.0004  0.0004  0.0016
2020.4604     0.1349     0.1557    -0.0201  0.0004  0.0005  0.0019
2020.4631     0.1349     0.1531    -0.0221  0.0004  0.0005  0.0018
2020.4658     0.1346     0.1568    -0.0223  0.0004  0.0005  0.0018
2020.4686     0.1359     0.1536    -0.0207  0.0004  0.0005  0.0018
2020.4713     0.1344     0.1533    -0.0190  0.0004  0.0004  0.0015
2020.4740     0.1365     0.1538    -0.0201  0.0004  0.0005  0.0017
2020.4768     0.1354     0.1535    -0.0174  0.0003  0.0004  0.0015
2020.4795     0.1361     0.1524    -0.0314  0.0005  0.0006  0.0020
2020.4822     0.1378     0.1562    -0.0232  0.0004  0.0005  0.0017
2020.4850     0.1371     0.1535    -0.0181  0.0004  0.0005  0.0017
2020.4877     0.1351     0.1539    -0.0207  0.0004  0.0005  0.0019
2020.4904     0.1353     0.1533    -0.0290  0.0004  0.0005  0.0019
2020.4932     0.1373     0.1528    -0.0137  0.0005  0.0005  0.0020
2020.4959     0.1338     0.1554    -0.0262  0.0004  0.0005  0.0017
2020.4986     0.1364     0.1538    -0.0212  0.0005  0.0005  0.0020
2020.5014     0.1351     0.1552    -0.0281  0.0005  0.0006  0.0021
2020.5041     0.1365     0.1541    -0.0251  0.0004  0.0004  0.0015
2020.5068     0.1355     0.1531    -0.0256  0.0004  0.0005  0.0018
2020.5096     0.1372     0.1535    -0.0295  0.0005  0.0006  0.0023
2020.5123     0.1346     0.1549    -0.0304  0.0006  0.0006  0.0023
2020.5150     0.1356     0.1535    -0.0204  0.0004  0.0004  0.0016
2020.5178     0.1370     0.1534    -0.0205  0.0005  0.0006  0.0021
2020.5205     0.1350     0.1546    -0.0253  0.0004  0.0005  0.0017
2020.5260     0.1359     0.1546    -0.0236  0.0006  0.0007  0.0026
2020.5287     0.1361     0.1540    -0.0306  0.0004  0.0005  0.0017
2020.5314     0.1366     0.1559    -0.0247  0.0003  0.0004  0.0014
2020.5341     0.1366     0.1560    -0.0217  0.0004  0.0005  0.0018
2020.5369     0.1377     0.1637    -0.0185  0.0003  0.0007  0.0015
2020.5396     0.1345     0.1523    -0.0270  0.0007  0.0008  0.0027
2020.5423     0.1365     0.1549    -0.0276  0.0004  0.0004  0.0016
2020.5451     0.1376     0.1544    -0.0176  0.0004  0.0005  0.0016
2020.5478     0.1350     0.1567    -0.0274  0.0004  0.0005  0.0016
2020.5505     0.1328     0.1566    -0.0155  0.0004  0.0005  0.0017
2020.5533     0.1364     0.1536    -0.0330  0.0004  0.0005  0.0018
2020.5560     0.1364     0.1560    -0.0257  0.0005  0.0006  0.0022
2020.5587     0.1303     0.1520    -0.0288  0.0006  0.0006  0.0023
2020.5615     0.1369     0.1564    -0.0282  0.0006  0.0007  0.0027
2020.5642     0.1346     0.1555    -0.0309  0.0004  0.0005  0.0018
2020.5669     0.1329     0.1528    -0.0377  0.0005  0.0006  0.0022
2020.5697     0.1324     0.1574    -0.0357  0.0004  0.0005  0.0019
2020.5724     0.1352     0.1576    -0.0257  0.0004  0.0005  0.0019
2020.5751     0.1339     0.1557    -0.0245  0.0005  0.0006  0.0020
2020.5779     0.1342     0.1541    -0.0305  0.0005  0.0006  0.0020
2020.5806     0.1352     0.1581    -0.0252  0.0004  0.0005  0.0017
2020.5833     0.1326     0.1559    -0.0293  0.0004  0.0005  0.0017
2020.5861     0.1346     0.1556    -0.0260  0.0004  0.0005  0.0017
2020.5888     0.1363     0.1559    -0.0253  0.0004  0.0005  0.0017
2020.5915     0.1376     0.1555    -0.0215  0.0005  0.0006  0.0022
2020.5943     0.1350     0.1549    -0.0300  0.0004  0.0005  0.0018
2020.5970     0.1372     0.1569    -0.0235  0.0004  0.0005  0.0018
2020.5997     0.1353     0.1553    -0.0290  0.0004  0.0004  0.0017
2020.6025     0.1371     0.1559    -0.0288  0.0004  0.0004  0.0017
2020.6052     0.1350     0.1544    -0.0287  0.0004  0.0005  0.0018
2020.6079     0.1358     0.1543    -0.0282  0.0005  0.0005  0.0020
2020.6107     0.1344     0.1568    -0.0238  0.0004  0.0005  0.0017
2020.6134     0.1354     0.1542    -0.0216  0.0004  0.0004  0.0015
2020.6161     0.1409     0.1552    -0.0301  0.0004  0.0005  0.0017
2020.6188     0.1363     0.1549    -0.0277  0.0008  0.0010  0.0035
2020.6216     0.1358     0.1531    -0.0245  0.0004  0.0005  0.0019
2020.6243     0.1405     0.1545    -0.0319  0.0005  0.0005  0.0020
2020.6270     0.1377     0.1548    -0.0327  0.0005  0.0005  0.0019
2020.6298     0.1385     0.1575    -0.0346  0.0006  0.0007  0.0026
2020.6325     0.1351     0.1553    -0.0375  0.0005  0.0006  0.0023
2020.6352     0.1386     0.1559    -0.0345  0.0005  0.0006  0.0021
2020.6380     0.1364     0.1578    -0.0258  0.0004  0.0005  0.0016
2020.6407     0.1332     0.1564    -0.0489  0.0006  0.0007  0.0027
2020.6434     0.1369     0.1548    -0.0249  0.0005  0.0006  0.0021
2020.6462     0.1366     0.1561    -0.0251  0.0004  0.0004  0.0015
2020.6489     0.1384     0.1559    -0.0238  0.0004  0.0005  0.0018
2020.6516     0.1380     0.1578    -0.0276  0.0004  0.0005  0.0017
2020.6544     0.1388     0.1565    -0.0364  0.0004  0.0005  0.0019
2020.6571     0.1358     0.1523    -0.0352  0.0006  0.0007  0.0025
2020.6598     0.1349     0.1563    -0.0185  0.0007  0.0008  0.0027
2020.6626     0.1408     0.1564    -0.0366  0.0006  0.0007  0.0025
2020.6653     0.1386     0.1581    -0.0255  0.0005  0.0006  0.0021
2020.6680     0.1390     0.1593    -0.0324  0.0004  0.0004  0.0015
2020.6708     0.1400     0.1565    -0.0365  0.0005  0.0005  0.0019
2020.6735     0.1371     0.1568    -0.0306  0.0004  0.0004  0.0015
2020.6762     0.1379     0.1586    -0.0260  0.0004  0.0004  0.0015
2020.6790     0.1393     0.1591    -0.0326  0.0004  0.0004  0.0015
2020.6817     0.1413     0.1572    -0.0249  0.0005  0.0006  0.0020
2020.6844     0.1390     0.1532    -0.0341  0.0005  0.0006  0.0022
2020.6872     0.1400     0.1543    -0.0336  0.0006  0.0006  0.0023
2020.6899     0.1388     0.1567    -0.0277  0.0005  0.0006  0.0020
2020.6926     0.1348     0.1587    -0.0332  0.0005  0.0006  0.0020
2020.6954     0.1380     0.1568    -0.0305  0.0004  0.0005  0.0017
2020.6981     0.1383     0.1537    -0.0208  0.0005  0.0006  0.0020
2020.7008     0.1394     0.1542    -0.0202  0.0005  0.0005  0.0019
2020.7035     0.1388     0.1555    -0.0221  0.0004  0.0004  0.0015
2020.7063     0.1362     0.1544    -0.0251  0.0006  0.0007  0.0024
2020.7090     0.1376     0.1539    -0.0318  0.0006  0.0006  0.0023
2020.7117     0.1382     0.1559    -0.0235  0.0006  0.0007  0.0024
2020.7145     0.1358     0.1549    -0.0324  0.0005  0.0006  0.0022
2020.7172     0.1321     0.1541    -0.0259  0.0005  0.0006  0.0022
2020.7199     0.1380     0.1566    -0.0237  0.0004  0.0005  0.0016
2020.7227     0.1397     0.1575    -0.0197  0.0004  0.0005  0.0017
2020.7254     0.1404     0.1551    -0.0248  0.0003  0.0004  0.0014
2020.7281     0.1371     0.1576    -0.0167  0.0004  0.0010  0.0017
2020.7309     0.1357     0.1547    -0.0317  0.0006  0.0007  0.0025
2020.7336     0.1391     0.1565    -0.0292  0.0003  0.0004  0.0014
2020.7363     0.1369     0.1548    -0.0268  0.0004  0.0005  0.0017
2020.7391     0.1391     0.1556    -0.0244  0.0004  0.0004  0.0015
2020.7418     0.1411     0.1576    -0.0241  0.0004  0.0005  0.0017
2020.7445     0.1414     0.1539    -0.0216  0.0004  0.0005  0.0017
2020.7473     0.1412     0.1583    -0.0246  0.0004  0.0005  0.0016
2020.7500     0.1415     0.1589    -0.0247  0.0004  0.0004  0.0014
2020.7527     0.1413     0.1599    -0.0310  0.0005  0.0006  0.0020
2020.7555     0.1387     0.1592    -0.0249  0.0005  0.0006  0.0020
2020.7582     0.1407     0.1579    -0.0299  0.0004  0.0004  0.0015
2020.7609     0.1401     0.1579    -0.0262  0.0003  0.0004  0.0013
2020.7637     0.1432     0.1572    -0.0329  0.0006  0.0007  0.0023
2020.7664     0.1331     0.1554    -0.0301  0.0007  0.0008  0.0029
2020.7691     0.1398     0.1572    -0.0273  0.0004  0.0005  0.0017
2020.7719     0.1397     0.1577    -0.0231  0.0004  0.0004  0.0016
2020.7746     0.1396     0.1594    -0.0196  0.0005  0.0006  0.0022
2020.7773     0.1395     0.1577    -0.0144  0.0004  0.0005  0.0016
2020.7801     0.1416     0.1600    -0.0270  0.0004  0.0004  0.0016
2020.7828     0.1419     0.1580    -0.0154  0.0004  0.0005  0.0018
2020.7855     0.1368     0.1629    -0.0360  0.0005  0.0007  0.0021
2020.7882     0.1374     0.1596    -0.0364  0.0003  0.0004  0.0014
2020.7910     0.1379     0.1630    -0.0321  0.0005  0.0006  0.0020
2020.7937     0.1381     0.1597    -0.0312  0.0005  0.0005  0.0019
2020.7964     0.1387     0.1553    -0.0269  0.0005  0.0006  0.0020
2020.7992     0.1394     0.1592    -0.0191  0.0005  0.0006  0.0021
2020.8019     0.1394     0.1596    -0.0163  0.0004  0.0005  0.0017
2020.8046     0.1394     0.1583    -0.0260  0.0004  0.0004  0.0015
2020.8074     0.1401     0.1606    -0.0257  0.0004  0.0004  0.0015
2020.8101     0.1396     0.1611    -0.0302  0.0005  0.0006  0.0021
2020.8128     0.1411     0.1562    -0.0293  0.0005  0.0006  0.0020
2020.8156     0.1403     0.1573    -0.0280  0.0003  0.0004  0.0013
2020.8183     0.1393     0.1584    -0.0249  0.0003  0.0004  0.0014
2020.8210     0.1449     0.1568    -0.0192  0.0006  0.0007  0.0024
2020.8238     0.1372     0.1617    -0.0212  0.0005  0.0005  0.0019
2020.8265     0.1404     0.1590    -0.0180  0.0005  0.0006  0.0023
2020.8292     0.1379     0.1546    -0.0270  0.0006  0.0007  0.0024
2020.8320     0.1420     0.1623    -0.0339  0.0006  0.0007  0.0024
2020.8347     0.1427     0.1623    -0.0065  0.0008  0.0009  0.0031
2020.8374     0.1402     0.1565    -0.0249  0.0004  0.0005  0.0017
2020.8402     0.1415     0.1596    -0.0277  0.0003  0.0004  0.0014
2020.8429     0.1424     0.1576    -0.0309  0.0004  0.0004  0.0015
2020.8456     0.1437     0.1571    -0.0289  0.0007  0.0008  0.0030
2020.8484     0.1399     0.1589    -0.0210  0.0006  0.0006  0.0023
2020.8511     0.1416     0.1623    -0.0246  0.0005  0.0005  0.0020
2020.8538     0.1402     0.1606    -0.0209  0.0004  0.0005  0.0017
2020.8566     0.1409     0.1589    -0.0231  0.0004  0.0004  0.0015
2020.8593     0.1414     0.1594    -0.0282  0.0004  0.0005  0.0019
2020.8620     0.1379     0.1577    -0.0242  0.0007  0.0009  0.0031
2020.8647     0.1407     0.1607    -0.0177  0.0006  0.0006  0.0024
2020.8675     0.1371     0.1575    -0.0219  0.0007  0.0007  0.0028
2020.8702     0.1424     0.1568    -0.0103  0.0007  0.0008  0.0030
2020.8729     0.1409     0.1590    -0.0276  0.0003  0.0004  0.0014
2020.8757     0.1413     0.1584    -0.0308  0.0003  0.0004  0.0014
2020.8784     0.1421     0.1609    -0.0243  0.0006  0.0007  0.0024
2020.8811     0.1425     0.1599    -0.0288  0.0003  0.0004  0.0014
2020.8839     0.1423     0.1568    -0.0382  0.0004  0.0004  0.0016
2020.8866     0.1424     0.1591    -0.0252  0.0006  0.0006  0.0024
2020.8893     0.1428     0.1602    -0.0293  0.0005  0.0006  0.0020
2020.8921     0.1417     0.1591    -0.0280  0.0004  0.0004  0.0016
2020.8948     0.1453     0.1576    -0.0190  0.0004  0.0005  0.0019
2020.9249     0.1401     0.1583    -0.0304  0.0008  0.0010  0.0030
2020.9276     0.1410     0.1627    -0.0243  0.0003  0.0004  0.0014
2020.9303     0.1404     0.1625    -0.0241  0.0004  0.0004  0.0016
2020.9331     0.1405     0.1620    -0.0309  0.0003  0.0004  0.0014
2020.9358     0.1426     0.1601    -0.0351  0.0007  0.0008  0.0028
2020.9385     0.1399     0.1630    -0.0385  0.0004  0.0004  0.0017
2020.9413     0.1354     0.1635    -0.0173  0.0008  0.0010  0.0035
2020.9440     0.1380     0.1607    -0.0119  0.0008  0.0009  0.0034
2020.9467     0.1409     0.1609    -0.0206  0.0004  0.0005  0.0018
2020.9494     0.1403     0.1602    -0.0310  0.0003  0.0004  0.0015
2020.9522     0.1400     0.1622    -0.0280  0.0003  0.0004  0.0014
2020.9549     0.1385     0.1602    -0.0294  0.0005  0.0006  0.0023
2020.9576     0.1417     0.1635    -0.0232  0.0005  0.0005  0.0020
2020.9604     0.1447     0.1621    -0.0107  0.0004  0.0005  0.0019
2020.9631     0.1417     0.1604    -0.0194  0.0004  0.0004  0.0015
2020.9658     0.1430     0.1609    -0.0269  0.0004  0.0005  0.0018
2020.9686     0.1402     0.1616    -0.0180  0.0003  0.0004  0.0015
2020.9713     0.1437     0.1625    -0.0251  0.0004  0.0004  0.0015
2020.9740     0.1413     0.1604    -0.0305  0.0003  0.0004  0.0014
2020.9768     0.1414     0.1607    -0.0195  0.0004  0.0004  0.0016
2020.9795     0.1404     0.1628    -0.0369  0.0006  0.0007  0.0025
2020.9822     0.1407     0.1606    -0.0235  0.0003  0.0004  0.0014
2020.9850     0.1435     0.1565    -0.0249  0.0005  0.0005  0.0019
2020.9877     0.1409     0.1596    -0.0289  0.0003  0.0004  0.0014
2020.9904     0.1406     0.1618    -0.0334  0.0003  0.0004  0.0015
2020.9932     0.1406     0.1609    -0.0286  0.0004  0.0004  0.0016
2020.9959     0.1405     0.1608    -0.0196  0.0004  0.0004  0.0015
2020.9986     0.1426     0.1616    -0.0222  0.0003  0.0004  0.0014
2021.0014     0.1421     0.1593    -0.0283  0.0003  0.0004  0.0014
2021.0041     0.1413     0.1634    -0.0252  0.0003  0.0003  0.0012
2021.0068     0.1414     0.1615    -0.0238  0.0003  0.0004  0.0014
2021.0096     0.1420     0.1603    -0.0227  0.0004  0.0004  0.0016
2021.0123     0.1415     0.1616    -0.0229  0.0003  0.0004  0.0014
2021.0151     0.1416     0.1611    -0.0255  0.0004  0.0004  0.0016
2021.0178     0.1417     0.1617    -0.0316  0.0004  0.0005  0.0016
2021.0205     0.1417     0.1603    -0.0249  0.0003  0.0004  0.0013
2021.0233     0.1424     0.1600    -0.0222  0.0004  0.0005  0.0019
2021.0260     0.1408     0.1593    -0.0311  0.0003  0.0004  0.0013
2021.0288     0.1439     0.1622    -0.0270  0.0003  0.0004  0.0014
2021.0315     0.1406     0.1616    -0.0226  0.0004  0.0004  0.0016
2021.0342     0.1401     0.1610    -0.0275  0.0003  0.0007  0.0012
2021.0370     0.1419     0.1615    -0.0230  0.0003  0.0004  0.0014
2021.0397     0.1424     0.1609    -0.0214  0.0003  0.0004  0.0013
2021.0425     0.1413     0.1610    -0.0164  0.0003  0.0004  0.0015
2021.0452     0.1375     0.1610    -0.0259  0.0006  0.0007  0.0025
2021.0479     0.1443     0.1612    -0.0225  0.0003  0.0004  0.0014
2021.0507     0.1410     0.1613    -0.0190  0.0003  0.0004  0.0014
2021.0534     0.1432     0.1617    -0.0254  0.0003  0.0003  0.0013
2021.0562     0.1417     0.1622    -0.0237  0.0003  0.0004  0.0013
2021.0589     0.1418     0.1617    -0.0214  0.0003  0.0004  0.0013
2021.0616     0.1409     0.1638    -0.0231  0.0003  0.0004  0.0014
2021.0644     0.1413     0.1626    -0.0256  0.0003  0.0004  0.0013
2021.0671     0.1413     0.1621    -0.0217  0.0003  0.0004  0.0014
2021.0699     0.1433     0.1636    -0.0228  0.0003  0.0004  0.0014
2021.0726     0.1429     0.1660    -0.0214  0.0003  0.0004  0.0015
2021.0753     0.1419     0.1655    -0.0218  0.0003  0.0004  0.0013
2021.0781     0.1419     0.1632    -0.0256  0.0003  0.0004  0.0013
2021.0808     0.1430     0.1633    -0.0260  0.0003  0.0004  0.0014
2021.0836     0.1431     0.1632    -0.0270  0.0003  0.0004  0.0013
2021.0863     0.1415     0.1644    -0.0251  0.0003  0.0003  0.0012
2021.0890     0.1424     0.1653    -0.0217  0.0003  0.0003  0.0012
2021.0918     0.1428     0.1625    -0.0209  0.0003  0.0004  0.0014
2021.0945     0.1422     0.1621    -0.0296  0.0003  0.0004  0.0014
2021.0973     0.1432     0.1623    -0.0239  0.0003  0.0003  0.0013
2021.1000     0.1422     0.1613    -0.0209  0.0004  0.0004  0.0015
2021.1027     0.1420     0.1623    -0.0223  0.0003  0.0004  0.0013
2021.1055     0.1418     0.1655    -0.0281  0.0003  0.0004  0.0014
2021.1082     0.1435     0.1639    -0.0245  0.0003  0.0004  0.0013
2021.1110     0.1434     0.1619    -0.0275  0.0004  0.0005  0.0017
2021.1137     0.1413     0.1639    -0.0190  0.0004  0.0004  0.0016
2021.1164     0.1428     0.1661    -0.0270  0.0003  0.0004  0.0014
2021.1192     0.1446     0.1618    -0.0256  0.0003  0.0004  0.0014
2021.1219     0.1422     0.1635    -0.0313  0.0003  0.0004  0.0013
2021.1247     0.1433     0.1641    -0.0271  0.0003  0.0003  0.0012
2021.1274     0.1436     0.1627    -0.0366  0.0003  0.0008  0.0013
2021.1301     0.1433     0.1614    -0.0264  0.0004  0.0004  0.0015
2021.1329     0.1436     0.1614    -0.0292  0.0004  0.0004  0.0015
2021.1356     0.1418     0.1658    -0.0321  0.0003  0.0004  0.0015
2021.1384     0.1412     0.1612    -0.0157  0.0004  0.0005  0.0017
2021.1411     0.1419     0.1628    -0.0291  0.0004  0.0004  0.0016
2021.1438     0.1421     0.1643    -0.0288  0.0003  0.0003  0.0012
2021.1466     0.1417     0.1627    -0.0250  0.0003  0.0004  0.0013
2021.1493     0.1439     0.1635    -0.0267  0.0003  0.0004  0.0013
2021.1521     0.1413     0.1644    -0.0217  0.0003  0.0004  0.0014
2021.1548     0.1420     0.1629    -0.0229  0.0003  0.0003  0.0011
2021.1575     0.1420     0.1638    -0.0270  0.0003  0.0003  0.0012
2021.1603     0.1438     0.1618    -0.0238  0.0003  0.0004  0.0014
2021.1630     0.1436     0.1630    -0.0214  0.0003  0.0004  0.0014
2021.1657     0.1419     0.1630    -0.0237  0.0003  0.0003  0.0012
2021.1685     0.1443     0.1617    -0.0261  0.0003  0.0004  0.0014
2021.1712     0.1425     0.1628    -0.0252  0.0003  0.0004  0.0015
2021.1740     0.1432     0.1614    -0.0196  0.0003  0.0004  0.0014
2021.1767     0.1421     0.1627    -0.0273  0.0003  0.0004  0.0014
2021.1794     0.1429     0.1617    -0.0345  0.0003  0.0004  0.0014
2021.1822     0.1425     0.1616    -0.0258  0.0003  0.0004  0.0013
2021.1849     0.1436     0.1617    -0.0199  0.0004  0.0005  0.0017
2021.1877     0.1436     0.1603    -0.0278  0.0003  0.0004  0.0013
2021.1904     0.1434     0.1629    -0.0263  0.0004  0.0005  0.0017
2021.1931     0.1428     0.1637    -0.0266  0.0004  0.0004  0.0015
2021.1959     0.1415     0.1628    -0.0197  0.0003  0.0004  0.0014
2021.1986     0.1435     0.1618    -0.0223  0.0003  0.0004  0.0014
2021.2014     0.1411     0.1626    -0.0179  0.0003  0.0004  0.0013
2021.2041     0.1434     0.1642    -0.0176  0.0003  0.0004  0.0014
2021.2068     0.1433     0.1623    -0.0162  0.0003  0.0004  0.0013
2021.2096     0.1479     0.1642    -0.0174  0.0006  0.0008  0.0027
2021.2123     0.1406     0.1623    -0.0221  0.0004  0.0004  0.0016
2021.2151     0.1418     0.1620    -0.0211  0.0004  0.0005  0.0017
2021.2178     0.1407     0.1598    -0.0273  0.0003  0.0004  0.0015
2021.2205     0.1432     0.1640    -0.0403  0.0004  0.0005  0.0017
2021.2233     0.1418     0.1627    -0.0295  0.0004  0.0005  0.0017
2021.2260     0.1416     0.1641    -0.0278  0.0003  0.0004  0.0015
2021.2288     0.1427     0.1632    -0.0237  0.0003  0.0004  0.0013
2021.2315     0.1415     0.1630    -0.0242  0.0003  0.0003  0.0012
2021.2342     0.1418     0.1638    -0.0242  0.0004  0.0005  0.0017
2021.2370     0.1412     0.1641    -0.0135  0.0003  0.0004  0.0015
2021.2397     0.1414     0.1642    -0.0253  0.0003  0.0003  0.0012
2021.2425     0.1427     0.1629    -0.0250  0.0003  0.0004  0.0013
2021.2452     0.1450     0.1631    -0.0178  0.0003  0.0004  0.0014
2021.2479     0.1437     0.1655    -0.0191  0.0006  0.0008  0.0028
2021.2507     0.1448     0.1621    -0.0208  0.0003  0.0005  0.0013
2021.2534     0.1432     0.1636    -0.0285  0.0004  0.0004  0.0016
2021.2562     0.1425     0.1639    -0.0266  0.0003  0.0004  0.0013
2021.2589     0.1427     0.1630    -0.0323  0.0003  0.0004  0.0014
2021.2616     0.1425     0.1620    -0.0225  0.0003  0.0004  0.0013
2021.2644     0.1421     0.1630    -0.0284  0.0004  0.0004  0.0015
2021.2671     0.1425     0.1631    -0.0251  0.0003  0.0004  0.0013
2021.2699     0.1436     0.1628    -0.0213  0.0003  0.0004  0.0014
2021.2726     0.1404     0.1647    -0.0287  0.0004  0.0004  0.0015
2021.2753     0.1421     0.1647    -0.0238  0.0003  0.0004  0.0013
2021.2781     0.1432     0.1650    -0.0221  0.0003  0.0004  0.0014
2021.2808     0.1434     0.1674    -0.0205  0.0004  0.0004  0.0016
2021.2836     0.1449     0.1652    -0.0280  0.0003  0.0004  0.0014
2021.2863     0.1440     0.1660    -0.0260  0.0004  0.0005  0.0018
2021.2890     0.1425     0.1616    -0.0200  0.0005  0.0005  0.0019
2021.2918     0.1437     0.1659    -0.0212  0.0004  0.0004  0.0015
2021.2945     0.1439     0.1645    -0.0304  0.0003  0.0004  0.0014
2021.2973     0.1440     0.1658    -0.0227  0.0004  0.0004  0.0016
2021.3000     0.1441     0.1632    -0.0284  0.0004  0.0005  0.0018
2021.3027     0.1417     0.1641    -0.0357  0.0004  0.0005  0.0018
2021.3055     0.1420     0.1646    -0.0246  0.0004  0.0005  0.0017
2021.3082     0.1417     0.1643    -0.0285  0.0003  0.0004  0.0014
2021.3110     0.1440     0.1639    -0.0271  0.0004  0.0005  0.0018
2021.3137     0.1432     0.1653    -0.0181  0.0004  0.0005  0.0018
2021.3164     0.1422     0.1641    -0.0204  0.0004  0.0005  0.0018
2021.3192     0.1420     0.1672    -0.0364  0.0004  0.0005  0.0018
2021.3219     0.1437     0.1603    -0.0430  0.0006  0.0007  0.0025
2021.3247     0.1427     0.1647    -0.0312  0.0004  0.0004  0.0015
2021.3274     0.1445     0.1653    -0.0227  0.0003  0.0004  0.0014
2021.3301     0.1450     0.1630    -0.0366  0.0004  0.0005  0.0018
2021.3329     0.1427     0.1625    -0.0215  0.0003  0.0004  0.0015
2021.3356     0.1446     0.1648    -0.0385  0.0005  0.0005  0.0020
2021.3384     0.1460     0.1626    -0.0306  0.0006  0.0007  0.0026
2021.3603     0.1444     0.1664    -0.0277  0.0003  0.0004  0.0014
2021.3630     0.1441     0.1645    -0.0301  0.0004  0.0004  0.0016
2021.3657     0.1457     0.1660    -0.0287  0.0003  0.0004  0.0014
2021.3685     0.1461     0.1654    -0.0332  0.0004  0.0004  0.0015
2021.9356     0.1529     0.1732    -0.0298  0.0004  0.0005  0.0016
2021.9384     0.1522     0.1730    -0.0342  0.0004  0.0004  0.0015
2021.9466     0.1532     0.1695    -0.0309  0.0004  0.0005  0.0018
2021.9493     0.1539     0.1708    -0.0271  0.0004  0.0005  0.0017
2021.9521     0.1517     0.1729    -0.0325  0.0004  0.0004  0.0015
2022.3740     0.1529     0.1798    -0.0385  0.0005  0.0006  0.0024
2022.3767     0.1532     0.1813    -0.0309  0.0005  0.0005  0.0019
2022.3794     0.1534     0.1744    -0.0217  0.0007  0.0008  0.0029
2022.3822     0.1546     0.1748    -0.0318  0.0005  0.0006  0.0022
2022.3849     0.1553     0.1771    -0.0278  0.0005  0.0006  0.0023
2022.3877     0.1542     0.1754    -0.0404  0.0004  0.0005  0.0017
2022.3904     0.1542     0.1737    -0.0411  0.0005  0.0006  0.0020
2022.3931     0.1541     0.1769    -0.0237  0.0005  0.0006  0.0023
2022.3959     0.1535     0.1798    -0.0286  0.0004  0.0005  0.0018
2022.3986     0.1550     0.1813    -0.0384  0.0006  0.0007  0.0025
2022.4014     0.1554     0.1768    -0.0261  0.0004  0.0005  0.0017
2022.4041     0.1540     0.1768    -0.0362  0.0005  0.0006  0.0022
2022.4068     0.1571     0.1778    -0.0383  0.0005  0.0006  0.0023
2022.4096     0.1562     0.1757    -0.0349  0.0005  0.0006  0.0022
2022.4123     0.1580     0.1765    -0.0402  0.0005  0.0005  0.0019
2022.4151     0.1568     0.1801    -0.0362  0.0006  0.0008  0.0027
2022.4178     0.1535     0.1764    -0.0336  0.0006  0.0007  0.0026
2022.4205     0.1546     0.1769    -0.0361  0.0005  0.0006  0.0022
2022.4233     0.1540     0.1751    -0.0449  0.0005  0.0006  0.0023
2022.4260     0.1544     0.1767    -0.0310  0.0004  0.0004  0.0016
2022.4288     0.1545     0.1757    -0.0396  0.0005  0.0006  0.0022
2022.4342     0.1559     0.1758    -0.0319  0.0004  0.0005  0.0020
2022.4370     0.1547     0.1739    -0.0304  0.0005  0.0005  0.0020
2022.4397     0.1529     0.1778    -0.0341  0.0004  0.0005  0.0018
2022.4425     0.1532     0.1772    -0.0350  0.0004  0.0005  0.0017
2022.4452     0.1551     0.1772    -0.0219  0.0006  0.0007  0.0025
2022.4479     0.1527     0.1752    -0.0317  0.0004  0.0005  0.0017
2022.4507     0.1559     0.1763    -0.0370  0.0005  0.0005  0.0020
2022.4534     0.1564     0.1776    -0.0380  0.0004  0.0004  0.0016
2022.4562     0.1574     0.1794    -0.0380  0.0004  0.0005  0.0020
2022.4589     0.1535     0.1766    -0.0350  0.0005  0.0006  0.0021
2022.4616     0.1521     0.1742    -0.0419  0.0007  0.0009  0.0032
2022.4644     0.1549     0.1786    -0.0399  0.0005  0.0006  0.0022
2022.4671     0.1534     0.1761    -0.0401  0.0004  0.0005  0.0018
2022.4699     0.1521     0.1784    -0.0359  0.0005  0.0006  0.0021
2022.4726     0.1548     0.1763    -0.0369  0.0004  0.0005  0.0019
2022.4753     0.1550     0.1791    -0.0287  0.0004  0.0005  0.0017
2022.4781     0.1535     0.1809    -0.0364  0.0004  0.0005  0.0019
2022.4808     0.1556     0.1810    -0.0379  0.0004  0.0005  0.0017
2022.4836     0.1540     0.1817    -0.0370  0.0004  0.0005  0.0017
2022.4863     0.1573     0.1818    -0.0340  0.0005  0.0006  0.0023
2022.4890     0.1570     0.1764    -0.0422  0.0004  0.0005  0.0018
2022.4918     0.1543     0.1764    -0.0467  0.0006  0.0006  0.0024
2022.7110     0.1563     0.1795    -0.0256  0.0008  0.0009  0.0036
2022.7137     0.1568     0.1801    -0.0399  0.0005  0.0005  0.0019
2022.7164     0.1544     0.1813    -0.0409  0.0005  0.0006  0.0022
2022.7192     0.1585     0.1802    -0.0354  0.0004  0.0004  0.0015
2022.7219     0.1562     0.1795    -0.0413  0.0005  0.0006  0.0022
2022.7247     0.1598     0.1835    -0.0473  0.0005  0.0006  0.0023
2022.7274     0.1558     0.1804    -0.0364  0.0004  0.0004  0.0016
2022.7301     0.1592     0.1808    -0.0468  0.0004  0.0005  0.0016
2022.7329     0.1574     0.1836    -0.0339  0.0004  0.0005  0.0018
2022.7356     0.1575     0.1817    -0.0391  0.0004  0.0004  0.0016
2022.7384     0.1564     0.1830    -0.0386  0.0004  0.0004  0.0017
2022.7411     0.1566     0.1833    -0.0335  0.0005  0.0005  0.0020
2022.7438     0.1605     0.1834    -0.0351  0.0007  0.0008  0.0030
2022.7466     0.1577     0.1805    -0.0349  0.0005  0.0006  0.0021
2022.7493     0.1565     0.1813    -0.0383  0.0004  0.0005  0.0018
2022.7521     0.1584     0.1840    -0.0373  0.0004  0.0004  0.0016
2022.7548     0.1573     0.1832    -0.0358  0.0004  0.0005  0.0017
2022.7575     0.1585     0.1799    -0.0392  0.0005  0.0006  0.0022
2022.7603     0.1609     0.1812    -0.0381  0.0006  0.0008  0.0027
2022.7630     0.1603     0.1837    -0.0330  0.0007  0.0008  0.0027
2022.7657     0.1602     0.1814    -0.0325  0.0004  0.0004  0.0015
2022.7685     0.1589     0.1811    -0.0296  0.0004  0.0004  0.0017
2022.7712     0.1592     0.1818    -0.0380  0.0004  0.0004  0.0015
2022.7740     0.1587     0.1839    -0.0323  0.0005  0.0006  0.0020
2022.7767     0.1595     0.1794    -0.0353  0.0004  0.0005  0.0017
2022.7794     0.1601     0.1757    -0.0472  0.0006  0.0007  0.0024
2022.7822     0.1589     0.1823    -0.0326  0.0004  0.0005  0.0017
2022.7849     0.1600     0.1788    -0.0306  0.0004  0.0005  0.0019
2022.7877     0.1563     0.1811    -0.0355  0.0005  0.0006  0.0020
2022.7904     0.1567     0.1841    -0.0428  0.0006  0.0007  0.0027
2022.7931     0.1600     0.1817    -0.0481  0.0004  0.0005  0.0019
2022.7959     0.1573     0.1869    -0.0422  0.0007  0.0009  0.0030
2022.7986     0.1608     0.1808    -0.0288  0.0005  0.0006  0.0022
2022.8014     0.1645     0.1840    -0.0203  0.0007  0.0009  0.0031
2022.8041     0.1620     0.1827    -0.0225  0.0006  0.0007  0.0026
2022.8068     0.1593     0.1845    -0.0305  0.0005  0.0006  0.0021
2022.8096     0.1577     0.1839    -0.0382  0.0004  0.0005  0.0018
2022.8507     0.1602     0.1792    -0.0278  0.0007  0.0008  0.0030
2022.8616     0.1615     0.1819    -0.0316  0.0004  0.0004  0.0016
2022.8644     0.1593     0.1810    -0.0346  0.0005  0.0006  0.0020
2022.8671     0.1603     0.1825    -0.0501  0.0004  0.0005  0.0017
2022.8699     0.1620     0.1841    -0.0391  0.0003  0.0004  0.0015
2022.8726     0.1584     0.1851    -0.0367  0.0005  0.0005  0.0019
2022.8753     0.1590     0.1836    -0.0272  0.0006  0.0006  0.0023
2022.8781     0.1572     0.1896    -0.0281  0.0008  0.0009  0.0032
2022.8808     0.1599     0.1827    -0.0363  0.0005  0.0005  0.0019
2022.8836     0.1601     0.1833    -0.0400  0.0003  0.0004  0.0014
2022.8863     0.1560     0.1812    -0.0309  0.0005  0.0006  0.0020
2022.8890     0.1591     0.1824    -0.0419  0.0004  0.0005  0.0018
2022.8918     0.1554     0.1837    -0.0417  0.0006  0.0007  0.0026
2022.8945     0.1620     0.1804    -0.0399  0.0005  0.0005  0.0020
2022.8973     0.1599     0.1833    -0.0384  0.0005  0.0005  0.0019
2022.9000     0.1598     0.1822    -0.0349  0.0005  0.0005  0.0019
2022.9027     0.1588     0.1841    -0.0256  0.0005  0.0006  0.0020
2022.9055     0.1601     0.1837    -0.0472  0.0005  0.0006  0.0023
2022.9192     0.1616     0.1836    -0.0403  0.0004  0.0005  0.0017
2022.9219     0.1628     0.1847    -0.0377  0.0004  0.0005  0.0018
2022.9274     0.1626     0.1853    -0.0330  0.0004  0.0005  0.0018
2022.9301     0.1600     0.1839    -0.0382  0.0004  0.0005  0.0018
2022.9329     0.1611     0.1810    -0.0372  0.0004  0.0004  0.0015
2022.9356     0.1607     0.1818    -0.0297  0.0004  0.0005  0.0018
2022.9384     0.1600     0.1817    -0.0326  0.0004  0.0005  0.0016
2022.9411     0.1618     0.1828    -0.0283  0.0004  0.0005  0.0017
2022.9438     0.1624     0.1849    -0.0257  0.0004  0.0004  0.0015
2022.9466     0.1617     0.1832    -0.0338  0.0003  0.0004  0.0014
2022.9493     0.1625     0.1825    -0.0297  0.0004  0.0004  0.0016
2022.9521     0.1614     0.1837    -0.0317  0.0003  0.0004  0.0013
2022.9548     0.1622     0.1845    -0.0367  0.0003  0.0004  0.0014
2022.9575     0.1608     0.1854    -0.0370  0.0004  0.0004  0.0016
2022.9603     0.1596     0.1854    -0.0266  0.0004  0.0004  0.0015
2022.9630     0.1585     0.1817    -0.0176  0.0005  0.0006  0.0023
2022.9657     0.1600     0.1865    -0.0219  0.0005  0.0006  0.0020
2022.9685     0.1619     0.1833    -0.0332  0.0004  0.0004  0.0015
2022.9712     0.1607     0.1852    -0.0283  0.0005  0.0006  0.0022
2022.9767     0.1613     0.1845    -0.0335  0.0003  0.0004  0.0014
2022.9794     0.1625     0.1835    -0.0273  0.0003  0.0004  0.0014
2022.9822     0.1624     0.1836    -0.0297  0.0004  0.0004  0.0015
2022.9849     0.1640     0.1859    -0.0259  0.0004  0.0005  0.0016
2023.0370     0.1652     0.1870    -0.0319  0.0005  0.0005  0.0019
2023.0397     0.1618     0.1860    -0.0364  0.0004  0.0005  0.0017
2023.0425     0.1635     0.1861    -0.0424  0.0005  0.0005  0.0019
2023.0479     0.1632     0.1922    -0.0287  0.0004  0.0005  0.0019
2023.0507     0.1633     0.1874    -0.0292  0.0004  0.0005  0.0016
2023.0534     0.1612     0.1831    -0.0324  0.0004  0.0005  0.0016
2023.0562     0.1622     0.1835    -0.0373  0.0003  0.0004  0.0015
2023.0589     0.1627     0.1857    -0.0312  0.0003  0.0004  0.0014
2023.0616     0.1636     0.1867    -0.0327  0.0004  0.0004  0.0015
2023.2123     0.1678     0.1853    -0.0273  0.0004  0.0005  0.0019
2023.2452     0.1661     0.1848    -0.0326  0.0004  0.0005  0.0016
2023.2479     0.1655     0.1870    -0.0351  0.0004  0.0004  0.0016
2023.2507     0.1663     0.1889    -0.0234  0.0004  0.0004  0.0015
2023.2534     0.1639     0.1890    -0.0233  0.0004  0.0004  0.0015
2023.2562     0.1629     0.1868    -0.0266  0.0003  0.0004  0.0015
2023.2589     0.1661     0.1864    -0.0303  0.0004  0.0005  0.0019
2023.2616     0.1658     0.1886    -0.0325  0.0004  0.0004  0.0016
2023.2644     0.1655     0.1894    -0.0308  0.0004  0.0005  0.0017
2023.2671     0.1647     0.1891    -0.0308  0.0004  0.0004  0.0015
2023.2699     0.1672     0.1882    -0.0319  0.0003  0.0004  0.0014
2023.2726     0.1652     0.1872    -0.0354  0.0004  0.0004  0.0015
2023.2753     0.1646     0.1844    -0.0301  0.0004  0.0005  0.0018
2023.2781     0.1667     0.1859    -0.0272  0.0004  0.0004  0.0015
2023.2808     0.1662     0.1875    -0.0362  0.0004  0.0005  0.0016
2023.2836     0.1642     0.1901    -0.0374  0.0004  0.0005  0.0018
2023.2863     0.1655     0.1869    -0.0328  0.0004  0.0005  0.0019
2023.2890     0.1648     0.1832    -0.0248  0.0004  0.0005  0.0017
2023.2918     0.1646     0.1849    -0.0351  0.0004  0.0005  0.0018
2023.2945     0.1647     0.1887    -0.0254  0.0004  0.0004  0.0016
2023.2973     0.1652     0.1881    -0.0338  0.0004  0.0005  0.0017
2023.3000     0.1651     0.1890    -0.0315  0.0004  0.0005  0.0016
2023.3027     0.1636     0.1882    -0.0332  0.0004  0.0005  0.0017
2023.3055     0.1661     0.1874    -0.0371  0.0004  0.0005  0.0017
2023.3082     0.1662     0.1902    -0.0339  0.0004  0.0005  0.0016
2023.3110     0.1649     0.1916    -0.0308  0.0005  0.0006  0.0020
2023.3301     0.1629     0.1897    -0.0325  0.0004  0.0004  0.0015
2023.3329     0.1637     0.1892    -0.0323  0.0004  0.0005  0.0017
2023.3356     0.1630     0.1858    -0.0212  0.0004  0.0005  0.0019
2023.3384     0.1657     0.1884    -0.0319  0.0004  0.0005  0.0017
2023.3411     0.1631     0.1896    -0.0310  0.0004  0.0004  0.0015
2023.3438     0.1655     0.1881    -0.0310  0.0004  0.0005  0.0018
2023.3466     0.1691     0.1905    -0.0275  0.0004  0.0005  0.0017
2023.3493     0.1653     0.1881    -0.0326  0.0004  0.0004  0.0016
2023.3521     0.1663     0.1893    -0.0350  0.0004  0.0005  0.0018
2023.3548     0.1664     0.1889    -0.0266  0.0004  0.0005  0.0017
2023.3575     0.1658     0.1879    -0.0286  0.0004  0.0004  0.0016
2023.3603     0.1641     0.1872    -0.0360  0.0004  0.0005  0.0017
2023.3630     0.1663     0.1894    -0.0296  0.0004  0.0004  0.0016
2023.3657     0.1629     0.1897    -0.0339  0.0004  0.0004  0.0016
2023.3685     0.1643     0.1865    -0.0305  0.0004  0.0005  0.0019
2023.3712     0.1635     0.1859    -0.0305  0.0004  0.0005  0.0017
2023.3740     0.1658     0.1886    -0.0310  0.0004  0.0004  0.0015
2023.3767     0.1663     0.1884    -0.0311  0.0004  0.0005  0.0017
2023.3794     0.1684     0.1882    -0.0382  0.0005  0.0006  0.0021
2023.3822     0.1677     0.1870    -0.0321  0.0004  0.0005  0.0019
2023.3849     0.1618     0.1806    -0.0407  0.0007  0.0008  0.0027
2023.3877     0.1698     0.1904    -0.0241  0.0005  0.0006  0.0020
2023.3904     0.1669     0.1842    -0.0417  0.0004  0.0005  0.0018
2023.4068     0.1639     0.1850    -0.0346  0.0005  0.0006  0.0021
2023.4096     0.1629     0.1898    -0.0197  0.0005  0.0006  0.0020
2023.4123     0.1638     0.1890    -0.0283  0.0004  0.0005  0.0017
2023.4151     0.1632     0.1925    -0.0361  0.0004  0.0004  0.0016
2023.4178     0.1648     0.1910    -0.0262  0.0005  0.0006  0.0021
2023.4205     0.1649     0.1891    -0.0315  0.0004  0.0004  0.0015
2023.4233     0.1620     0.1948    -0.0346  0.0005  0.0006  0.0023
2023.4260     0.1645     0.1906    -0.0385  0.0004  0.0004  0.0015
2023.4288     0.1644     0.1876    -0.0300  0.0004  0.0005  0.0017
2023.4315     0.1640     0.1897    -0.0357  0.0004  0.0005  0.0018
2023.4342     0.1646     0.1872    -0.0312  0.0005  0.0006  0.0023
2023.4370     0.1641     0.1903    -0.0328  0.0004  0.0005  0.0017
2023.4397     0.1624     0.1867    -0.0201  0.0006  0.0008  0.0027
2023.4425     0.1622     0.1907    -0.0286  0.0003  0.0004  0.0014
2023.4452     0.1641     0.1884    -0.0299  0.0005  0.0006  0.0021
2023.4562     0.1646     0.1897    -0.0418  0.0004  0.0005  0.0019
2023.4589     0.1653     0.1908    -0.0389  0.0004  0.0005  0.0017
2023.4616     0.1630     0.1905    -0.0372  0.0004  0.0004  0.0017
2023.4644     0.1635     0.1906    -0.0389  0.0004  0.0005  0.0016
2023.4671     0.1644     0.1906    -0.0447  0.0004  0.0004  0.0016
2023.4699     0.1633     0.1891    -0.0418  0.0004  0.0005  0.0017
2023.4753     0.1658     0.1888    -0.0391  0.0004  0.0005  0.0018
2023.4781     0.1645     0.1955    -0.0207  0.0007  0.0007  0.0027
2023.4945     0.1640     0.1912    -0.0373  0.0004  0.0005  0.0017
2023.4973     0.1675     0.1882    -0.0329  0.0005  0.0006  0.0022
2023.5000     0.1679     0.1888    -0.0383  0.0005  0.0006  0.0020
2023.5027     0.1673     0.1871    -0.0401  0.0004  0.0005  0.0018
2023.5110     0.1661     0.1900    -0.0333  0.0004  0.0005  0.0017
2023.5137     0.1672     0.1890    -0.0290  0.0005  0.0006  0.0021
2023.5164     0.1650     0.1903    -0.0418  0.0005  0.0006  0.0020
2023.5192     0.1662     0.1897    -0.0385  0.0004  0.0005  0.0017
2023.5219     0.1662     0.1931    -0.0381  0.0004  0.0005  0.0018
2023.5247     0.1667     0.1903    -0.0538  0.0007  0.0008  0.0028
2023.5274     0.1678     0.1926    -0.0322  0.0005  0.0005  0.0019
2023.5301     0.1672     0.1886    -0.0355  0.0004  0.0005  0.0018
2023.5329     0.1694     0.1898    -0.0370  0.0005  0.0006  0.0021
2023.5356     0.1686     0.1916    -0.0390  0.0005  0.0006  0.0021
2023.5384     0.1644     0.1978    -0.0398  0.0007  0.0008  0.0028
2023.5411     0.1677     0.1911    -0.0341  0.0005  0.0005  0.0020
2023.5438     0.1686     0.1905    -0.0362  0.0005  0.0006  0.0020
2023.5466     0.1664     0.1920    -0.0385  0.0004  0.0005  0.0017
2023.5493     0.1662     0.1893    -0.0393  0.0004  0.0005  0.0019
2023.5521     0.1659     0.1893    -0.0373  0.0004  0.0005  0.0018
2023.5548     0.1652     0.1900    -0.0441  0.0004  0.0005  0.0017
2023.5603     0.1677     0.1879    -0.0368  0.0006  0.0007  0.0023
2023.5630     0.1665     0.1901    -0.0352  0.0005  0.0006  0.0020
2023.5657     0.1664     0.1923    -0.0294  0.0005  0.0005  0.0020
2023.5685     0.1660     0.1911    -0.0289  0.0004  0.0005  0.0018
2023.5712     0.1673     0.1887    -0.0348  0.0004  0.0005  0.0017
2023.5740     0.1659     0.1913    -0.0418  0.0004  0.0005  0.0018
2023.5767     0.1697     0.1925    -0.0257  0.0005  0.0006  0.0020
2023.5794     0.1685     0.1893    -0.0352  0.0005  0.0005  0.0019
2023.5822     0.1655     0.1858    -0.0365  0.0005  0.0006  0.0021
2023.5849     0.1674     0.1883    -0.0365  0.0004  0.0005  0.0017
2023.5877     0.1656     0.1891    -0.0393  0.0004  0.0005  0.0017
2023.5904     0.1686     0.1864    -0.0395  0.0005  0.0006  0.0020
2023.5931     0.1675     0.1909    -0.0438  0.0005  0.0005  0.0021
2023.5959     0.1682     0.1899    -0.0306  0.0004  0.0005  0.0017
2023.5986     0.1655     0.1915    -0.0309  0.0005  0.0005  0.0019
2023.6014     0.1667     0.1904    -0.0433  0.0005  0.0006  0.0020
2023.6041     0.1662     0.1900    -0.0373  0.0004  0.0005  0.0018
2023.6068     0.1643     0.1921    -0.0362  0.0005  0.0005  0.0019
2023.6096     0.1675     0.1894    -0.0373  0.0005  0.0005  0.0019
2023.6123     0.1687     0.1906    -0.0266  0.0006  0.0007  0.0025
2023.6151     0.1643     0.1896    -0.0321  0.0006  0.0006  0.0023
2023.6178     0.1635     0.1918    -0.0320  0.0006  0.0006  0.0022
2023.6233     0.1638     0.1893    -0.0294  0.0006  0.0007  0.0027
2023.6260     0.1673     0.1897    -0.0340  0.0005  0.0005  0.0020
2023.6370     0.1650     0.1881    -0.0362  0.0005  0.0006  0.0020
2023.6397     0.1615     0.1894    -0.0216  0.0008  0.0010  0.0035
2023.6425     0.1636     0.1893    -0.0277  0.0005  0.0005  0.0019
2023.6452     0.1655     0.1904    -0.0318  0.0004  0.0005  0.0017
2023.6479     0.1613     0.1935    -0.0367  0.0006  0.0007  0.0023
2023.6507     0.1636     0.1925    -0.0285  0.0006  0.0007  0.0023
2023.6534     0.1649     0.1934    -0.0378  0.0004  0.0005  0.0018
2023.6562     0.1657     0.1922    -0.0350  0.0005  0.0006  0.0020
2023.6589     0.1642     0.1945    -0.0356  0.0005  0.0006  0.0020
2023.6616     0.1661     0.1917    -0.0392  0.0005  0.0006  0.0023
2023.6671     0.1666     0.1890    -0.0381  0.0006  0.0007  0.0025
2023.6699     0.1656     0.1916    -0.0355  0.0005  0.0006  0.0021
2023.6726     0.1627     0.1920    -0.0347  0.0006  0.0007  0.0024
2023.6753     0.1660     0.1930    -0.0365  0.0004  0.0005  0.0018
2023.6781     0.1646     0.1954    -0.0262  0.0005  0.0006  0.0021
2023.6808     0.1652     0.1930    -0.0285  0.0004  0.0005  0.0017
2023.6836     0.1637     0.1938    -0.0346  0.0005  0.0006  0.0021
2023.6863     0.1644     0.1915    -0.0291  0.0005  0.0006  0.0020
2023.6890     0.1664     0.1874    -0.0271  0.0005  0.0006  0.0023
2023.6918     0.1661     0.1904    -0.0361  0.0004  0.0005  0.0018
2023.6945     0.1654     0.1928    -0.0380  0.0004  0.0005  0.0017
2023.6973     0.1655     0.1940    -0.0326  0.0005  0.0006  0.0022
2023.7000     0.1646     0.1921    -0.0266  0.0005  0.0006  0.0022
2023.7027     0.1646     0.1907    -0.0376  0.0005  0.0006  0.0022
2023.7055     0.1642     0.1929    -0.0314  0.0006  0.0007  0.0024
2023.7082     0.1663     0.1930    -0.0341  0.0005  0.0006  0.0022
2023.7110     0.1663     0.1922    -0.0348  0.0006  0.0007  0.0024
2023.7137     0.1630     0.1915    -0.0415  0.0004  0.0004  0.0016
2023.7164     0.1685     0.1905    -0.0303  0.0004  0.0005  0.0019
2023.7192     0.1645     0.1937    -0.0343  0.0006  0.0007  0.0023
2023.7219     0.1680     0.1907    -0.0314  0.0005  0.0006  0.0020
2023.7247     0.1666     0.1918    -0.0124  0.0008  0.0010  0.0036
2023.7274     0.1672     0.1929    -0.0328  0.0004  0.0004  0.0016
2023.7301     0.1674     0.1901    -0.0357  0.0006  0.0007  0.0024
2023.7329     0.1674     0.1921    -0.0285  0.0005  0.0005  0.0019
2023.7356     0.1695     0.1961    -0.0297  0.0005  0.0006  0.0021
2023.7411     0.1679     0.1925    -0.0339  0.0005  0.0006  0.0022
2023.7438     0.1653     0.1905    -0.0347  0.0004  0.0005  0.0018
2023.7466     0.1643     0.1936    -0.0278  0.0005  0.0006  0.0022
2023.7493     0.1655     0.1896    -0.0326  0.0004  0.0005  0.0017
2023.7521     0.1677     0.1898    -0.0169  0.0006  0.0008  0.0026
2023.7548     0.1682     0.1898    -0.0266  0.0005  0.0006  0.0020
2023.7575     0.1655     0.1892    -0.0212  0.0005  0.0006  0.0023
2023.7603     0.1713     0.1914    -0.0272  0.0006  0.0007  0.0024
2023.7630     0.1686     0.1911    -0.0314  0.0004  0.0005  0.0018
2023.7657     0.1684     0.1917    -0.0332  0.0004  0.0005  0.0016
2023.7685     0.1664     0.1912    -0.0263  0.0005  0.0006  0.0020
2023.7712     0.1648     0.1933    -0.0302  0.0004  0.0004  0.0015
2023.7740     0.1665     0.1933    -0.0366  0.0005  0.0006  0.0020
2023.7767     0.1647     0.1910    -0.0280  0.0006  0.0007  0.0025
2023.7794     0.1645     0.1927    -0.0333  0.0005  0.0006  0.0021
2023.7822     0.1643     0.1912    -0.0309  0.0006  0.0008  0.0028
2023.7877     0.1668     0.1912    -0.0362  0.0005  0.0006  0.0021
2023.7904     0.1682     0.1937    -0.0270  0.0007  0.0008  0.0027
2023.7931     0.1661     0.1919    -0.0299  0.0004  0.0005  0.0016
2023.7959     0.1673     0.1919    -0.0310  0.0005  0.0006  0.0021
2023.7986     0.1662     0.1931    -0.0297  0.0005  0.0005  0.0019
2023.8014     0.1626     0.1939    -0.0301  0.0006  0.0007  0.0025
2023.8041     0.1686     0.1939    -0.0444  0.0006  0.0007  0.0025
2023.8068     0.1667     0.1929    -0.0408  0.0004  0.0005  0.0016
2023.8096     0.1685     0.1921    -0.0324  0.0004  0.0004  0.0016
2023.8123     0.1677     0.1901    -0.0312  0.0005  0.0006  0.0022
2023.8151     0.1695     0.1904    -0.0277  0.0006  0.0007  0.0025
2023.8178     0.1687     0.1910    -0.0331  0.0004  0.0004  0.0016
2023.8205     0.1690     0.1909    -0.0424  0.0005  0.0006  0.0020
2023.8233     0.1696     0.1911    -0.0335  0.0006  0.0007  0.0023
2023.8260     0.1705     0.1923    -0.0379  0.0005  0.0006  0.0023
2023.8288     0.1698     0.1932    -0.0372  0.0004  0.0005  0.0017
2023.8315     0.1713     0.1933    -0.0338  0.0004  0.0005  0.0019
2023.8342     0.1698     0.1897    -0.0405  0.0008  0.0009  0.0032
2023.8370     0.1710     0.1928    -0.0342  0.0005  0.0005  0.0021
2023.8397     0.1665     0.1925    -0.0305  0.0006  0.0006  0.0024
2023.8425     0.1699     0.1915    -0.0388  0.0004  0.0004  0.0016
2023.8452     0.1686     0.1920    -0.0326  0.0004  0.0004  0.0016
2023.8507     0.1706     0.1934    -0.0244  0.0006  0.0007  0.0026
2023.8534     0.1695     0.1941    -0.0262  0.0004  0.0005  0.0016
2023.8562     0.1678     0.1935    -0.0338  0.0004  0.0005  0.0017
2023.8589     0.1696     0.1932    -0.0306  0.0004  0.0004  0.0015
2023.8616     0.1680     0.1909    -0.0384  0.0005  0.0005  0.0019
2023.8644     0.1696     0.1919    -0.0373  0.0004  0.0005  0.0018
2023.8671     0.1710     0.1911    -0.0320  0.0005  0.0006  0.0021
2023.8699     0.1694     0.1922    -0.0355  0.0004  0.0005  0.0018
2023.8726     0.1673     0.1933    -0.0358  0.0005  0.0005  0.0019
2023.8753     0.1692     0.1925    -0.0379  0.0003  0.0004  0.0014
2023.8781     0.1682     0.1931    -0.0361  0.0004  0.0004  0.0015
2023.8808     0.1704     0.1913    -0.0410  0.0013  0.0013  0.0046
2023.8836     0.1683     0.1942    -0.0371  0.0005  0.0005  0.0019
2023.8863     0.1706     0.1926    -0.0322  0.0004  0.0005  0.0017
2023.8890     0.1764     0.1865    -0.0210  0.0011  0.0012  0.0039
2023.8945     0.1683     0.1941    -0.0329  0.0004  0.0004  0.0016
2023.8973     0.1685     0.1934    -0.0359  0.0005  0.0005  0.0020
2023.9000     0.1683     0.1920    -0.0452  0.0005  0.0006  0.0023
2023.9027     0.1683     0.1927    -0.0283  0.0005  0.0006  0.0021
2023.9055     0.1707     0.1951    -0.0311  0.0004  0.0005  0.0017
2023.9082     0.1713     0.1914    -0.0286  0.0004  0.0004  0.0016
2023.9110     0.1698     0.1927    -0.0203  0.0004  0.0005  0.0019
2023.9137     0.1692     0.1945    -0.0319  0.0004  0.0005  0.0018
2023.9164     0.1698     0.1955    -0.0175  0.0010  0.0011  0.0043
2023.9192     0.1718     0.1917    -0.0308  0.0003  0.0004  0.0014
2023.9219     0.1695     0.1928    -0.0236  0.0004  0.0004  0.0016
2023.9247     0.1685     0.1936    -0.0259  0.0003  0.0004  0.0014
2023.9274     0.1680     0.1938    -0.0334  0.0004  0.0004  0.0016
2023.9301     0.1676     0.1934    -0.0264  0.0004  0.0004  0.0015
2023.9329     0.1716     0.1925    -0.0218  0.0005  0.0005  0.0019
2023.9356     0.1681     0.1949    -0.0236  0.0004  0.0004  0.0016
2023.9384     0.1695     0.1930    -0.0232  0.0004  0.0004  0.0015
2023.9411     0.1695     0.1935    -0.0277  0.0003  0.0004  0.0015
2023.9438     0.1717     0.1938    -0.0194  0.0007  0.0008  0.0029
2023.9685     0.1735     0.1953    -0.0294  0.0004  0.0005  0.0017
2023.9712     0.1679     0.1981    -0.0456  0.0007  0.0008  0.0030
2024.0260     0.1700     0.1936    -0.0349  0.0004  0.0005  0.0016
2024.0533     0.1709     0.1934    -0.0329  0.0004  0.0004  0.0016
2024.0560     0.1712     0.1955    -0.0288  0.0004  0.0005  0.0019
2024.0587     0.1729     0.1951    -0.0263  0.0004  0.0004  0.0016
2024.0615     0.1724     0.1942    -0.0299  0.0004  0.0004  0.0015
2024.0642     0.1729     0.1973    -0.0262  0.0004  0.0004  0.0016
2024.0669     0.1720     0.1943    -0.0150  0.0004  0.0004  0.0015
2024.0697     0.1725     0.1949    -0.0237  0.0004  0.0004  0.0015
2024.0724     0.1699     0.1945    -0.0280  0.0004  0.0004  0.0015
2024.0751     0.1783     0.1951    -0.0255  0.0004  0.0005  0.0016
2024.0779     0.1715     0.1945    -0.0242  0.0004  0.0004  0.0015
2024.0806     0.1776     0.1931    -0.0188  0.0004  0.0004  0.0014
2024.0833     0.1727     0.1938    -0.0274  0.0004  0.0004  0.0015
2024.0861     0.1742     0.1871    -0.0342  0.0008  0.0009  0.0035
2024.0888     0.1804     0.1940    -0.0229  0.0004  0.0004  0.0015
2024.0915     0.1748     0.1936    -0.0233  0.0004  0.0005  0.0017
2024.0943     0.1718     0.1960    -0.0220  0.0004  0.0005  0.0016
2024.0970     0.1748     0.1969    -0.0236  0.0004  0.0005  0.0017
2024.0997     0.1749     0.1957    -0.0137  0.0005  0.0006  0.0022
2024.1025     0.1720     0.1941    -0.0228  0.0005  0.0005  0.0019
2024.1052     0.1712     0.1956    -0.0233  0.0004  0.0005  0.0018
2024.1079     0.1732     0.1936    -0.0225  0.0004  0.0005  0.0016
2024.1107     0.1720     0.1978    -0.0265  0.0004  0.0005  0.0017
2024.1134     0.1707     0.1941    -0.0282  0.0004  0.0004  0.0016
2024.1161     0.1705     0.1955    -0.0247  0.0004  0.0004  0.0016
2024.1188     0.1716     0.1959    -0.0151  0.0004  0.0005  0.0018
2024.1216     0.1701     0.1976    -0.0249  0.0005  0.0005  0.0019
2024.1243     0.1714     0.1953    -0.0280  0.0004  0.0005  0.0017
2024.1270     0.1715     0.1935    -0.0180  0.0004  0.0005  0.0017
2024.1298     0.1727     0.1954    -0.0233  0.0004  0.0005  0.0018
2024.1325     0.1722     0.1935    -0.0224  0.0004  0.0004  0.0015
2024.1352     0.1718     0.1948    -0.0307  0.0004  0.0005  0.0018
2024.1380     0.1719     0.1908    -0.0260  0.0005  0.0006  0.0020
2024.1407     0.1717     0.1947    -0.0249  0.0004  0.0005  0.0017
2024.1434     0.1742     0.1954    -0.0237  0.0005  0.0005  0.0019
2024.1462     0.1725     0.1952    -0.0321  0.0004  0.0005  0.0017
2024.1489     0.1734     0.1944    -0.0214  0.0004  0.0005  0.0016
2024.1516     0.1727     0.1968    -0.0283  0.0004  0.0005  0.0017
2024.1544     0.1742     0.1952    -0.0289  0.0004  0.0005  0.0018
2024.1571     0.1699     0.1966    -0.0267  0.0004  0.0005  0.0016
2024.1598     0.1732     0.1968    -0.0259  0.0004  0.0004  0.0015
2024.1626     0.1726     0.1967    -0.0235  0.0004  0.0005  0.0016
2024.1653     0.1738     0.1969    -0.0222  0.0004  0.0005  0.0016
2024.1680     0.1730     0.1968    -0.0291  0.0004  0.0004  0.0015
2024.1708     0.1722     0.1984    -0.0275  0.0004  0.0005  0.0018
2024.1735     0.1724     0.1967    -0.0287  0.0004  0.0004  0.0016
2024.1762     0.1739     0.1960    -0.0308  0.0004  0.0004  0.0015
2024.1790     0.1730     0.1955    -0.0237  0.0004  0.0005  0.0018
2024.1817     0.1750     0.1945    -0.0243  0.0004  0.0005  0.0016
2024.1844     0.1716     0.1943    -0.0273  0.0004  0.0005  0.0017
