# Site ID: CART00COL
# DOMES: 41902M001
# File created: 2022-04-15T09:07:24
# Analysis Centre: NGL
# Solution code: NGL14
# Datum: ITRF14 (ellipsoid: GRS80)
#
# Reference epoch: 2008.4654
# X :   1567348.6386 +/- 0.0012 m
# Y :  -6075293.5190 +/- 0.0032 m
# Z :   1142850.8439 +/- 0.0010 m
#
# Latitude  :   10.39133459 degrees
# Longitude :  -75.53385330 degreess
# Height    :   4.081 m
#
# Note:	Following position offsets possibly affect this station:
#        ___Date___
# offset 2010.68756
# offset 2012.94809
# offset 2016.28950
# offset 2020.07377
#
#  Year        DN (m)      DE (m)      DU (m)       SDN      SDE      SDU
2000.0931     -0.0894     -0.0995      0.0033      0.0016   0.0021   0.0044
2000.0958     -0.0863     -0.1044     -0.0006      0.0016   0.0021   0.0044
2000.0986     -0.0885     -0.1043     -0.0061      0.0016   0.0020   0.0044
2000.1013     -0.0848     -0.1019     -0.0023      0.0017   0.0021   0.0045
2000.1040     -0.0872     -0.1036     -0.0028      0.0016   0.0021   0.0044
2000.1068     -0.0864     -0.1047      0.0010      0.0016   0.0021   0.0044
2000.1095     -0.0880     -0.1038     -0.0065      0.0016   0.0021   0.0044
2000.1123     -0.0876     -0.1032      0.0030      0.0016   0.0021   0.0044
2000.1150     -0.0861     -0.1076      0.0047      0.0017   0.0022   0.0046
2000.1177     -0.0876     -0.0993     -0.0018      0.0016   0.0021   0.0044
2000.1205     -0.0896     -0.0991     -0.0145      0.0016   0.0021   0.0045
2000.1232     -0.0844     -0.1000      0.0008      0.0016   0.0021   0.0045
2000.1259     -0.0852     -0.1017      0.0033      0.0016   0.0021   0.0044
2000.1287     -0.0863     -0.1009     -0.0013      0.0017   0.0021   0.0045
2000.1314     -0.0879     -0.1010      0.0010      0.0016   0.0021   0.0044
2000.1342     -0.0850     -0.1002     -0.0068      0.0017   0.0022   0.0046
2000.1369     -0.0860     -0.1006      0.0057      0.0016   0.0021   0.0045
2000.1396     -0.0882     -0.0992     -0.0054      0.0016   0.0021   0.0045
2000.1424     -0.0871     -0.0996      0.0022      0.0016   0.0021   0.0044
2000.1451     -0.0840     -0.1022     -0.0012      0.0016   0.0021   0.0044
2000.1478     -0.0847     -0.1033     -0.0011      0.0016   0.0021   0.0044
2000.1506     -0.0879     -0.1015      0.0038      0.0016   0.0021   0.0044
2000.1533     -0.0864     -0.1006      0.0043      0.0016   0.0021   0.0045
2000.1561     -0.0886     -0.1011      0.0003      0.0016   0.0021   0.0045
2000.1588     -0.0882     -0.1007     -0.0031      0.0016   0.0021   0.0044
2000.1615     -0.0886     -0.1019      0.0029      0.0016   0.0021   0.0044
2000.1643     -0.0858     -0.1021      0.0005      0.0017   0.0021   0.0045
2000.1670     -0.0872     -0.1000      0.0125      0.0016   0.0021   0.0045
2000.1697     -0.0854     -0.1007      0.0126      0.0018   0.0023   0.0049
2000.1862     -0.0892     -0.0997      0.0091      0.0016   0.0021   0.0045
2000.1889     -0.0882     -0.0997      0.0040      0.0017   0.0022   0.0046
2000.1916     -0.0895     -0.1010     -0.0032      0.0017   0.0021   0.0045
2000.1944     -0.0871     -0.1036     -0.0033      0.0017   0.0022   0.0046
2000.1971     -0.0822     -0.0926      0.0157      0.0018   0.0023   0.0049
2000.1999     -0.0912     -0.1006      0.0150      0.0017   0.0022   0.0047
2000.2026     -0.0869     -0.0991     -0.0068      0.0017   0.0022   0.0046
2000.2053     -0.0843     -0.1022     -0.0015      0.0017   0.0022   0.0046
2000.2081     -0.0864     -0.0975      0.0052      0.0017   0.0022   0.0047
2000.2108     -0.0831     -0.0998     -0.0016      0.0018   0.0022   0.0048
2000.2136     -0.0879     -0.0996      0.0100      0.0017   0.0023   0.0048
2000.2163     -0.0887     -0.0975      0.0086      0.0017   0.0022   0.0047
2000.2190     -0.0886     -0.0996      0.0050      0.0017   0.0022   0.0047
2000.2218     -0.0884     -0.0993      0.0077      0.0017   0.0021   0.0045
2000.2272     -0.0841     -0.1004      0.0047      0.0017   0.0023   0.0047
2000.2300     -0.0846     -0.0965      0.0108      0.0017   0.0021   0.0045
2000.2327     -0.0860     -0.0994      0.0056      0.0018   0.0022   0.0047
2000.2355     -0.0888     -0.0984      0.0086      0.0017   0.0023   0.0047
2000.2382     -0.0856     -0.1000      0.0068      0.0017   0.0021   0.0045
2000.2409     -0.0882     -0.1007      0.0134      0.0017   0.0023   0.0048
2000.2437     -0.0855     -0.1007      0.0143      0.0017   0.0023   0.0047
2000.2464     -0.0895     -0.1010     -0.0002      0.0017   0.0023   0.0048
2000.2491     -0.0835     -0.1020     -0.0108      0.0018   0.0023   0.0049
2000.2519     -0.0890     -0.1030      0.0044      0.0017   0.0022   0.0047
2000.2546     -0.0873     -0.0948      0.0024      0.0017   0.0022   0.0046
2000.2574     -0.0896     -0.0976     -0.0044      0.0017   0.0022   0.0047
2000.2601     -0.0827     -0.1002      0.0110      0.0017   0.0022   0.0046
2000.2628     -0.0867     -0.0975      0.0043      0.0017   0.0023   0.0048
2000.2656     -0.0856     -0.1037      0.0207      0.0019   0.0023   0.0051
2000.2683     -0.0901     -0.1026      0.0058      0.0017   0.0022   0.0046
2000.2710     -0.0846     -0.1018      0.0116      0.0017   0.0021   0.0046
2000.2738     -0.0875     -0.1012      0.0014      0.0017   0.0022   0.0047
2000.2765     -0.0872     -0.1000      0.0020      0.0016   0.0021   0.0044
2000.2793     -0.0860     -0.1000      0.0020      0.0017   0.0021   0.0045
2000.2847     -0.0858     -0.1057      0.0170      0.0018   0.0025   0.0050
2000.2875     -0.0852     -0.0990      0.0025      0.0016   0.0021   0.0045
2000.2984     -0.0861     -0.1021      0.0061      0.0019   0.0024   0.0050
2000.3012     -0.0877     -0.1016      0.0007      0.0017   0.0022   0.0046
2000.3039     -0.0863     -0.1009      0.0002      0.0017   0.0022   0.0046
2000.3066     -0.0859     -0.1015      0.0041      0.0017   0.0021   0.0045
2000.3094     -0.0867     -0.1036      0.0004      0.0016   0.0021   0.0044
2000.3121     -0.0876     -0.1014      0.0082      0.0017   0.0022   0.0046
2000.3313     -0.0891     -0.1016      0.0083      0.0016   0.0020   0.0044
2000.3340     -0.0864     -0.0994      0.0053      0.0016   0.0021   0.0045
2000.3368     -0.0892     -0.0984      0.0094      0.0017   0.0022   0.0046
2000.3395     -0.0873     -0.0987      0.0077      0.0016   0.0021   0.0044
2000.3422     -0.0862     -0.1009      0.0018      0.0017   0.0021   0.0045
2000.3450     -0.0885     -0.0997      0.0092      0.0016   0.0021   0.0045
2000.3477     -0.0865     -0.1012      0.0149      0.0016   0.0021   0.0044
2000.3504     -0.0922     -0.0950     -0.0017      0.0016   0.0021   0.0045
2000.3532     -0.0849     -0.0984      0.0063      0.0016   0.0021   0.0044
2000.3559     -0.0880     -0.0997      0.0078      0.0016   0.0021   0.0044
2000.3587     -0.0815     -0.0996      0.0199      0.0017   0.0022   0.0047
2000.3614     -0.0831     -0.1016      0.0101      0.0017   0.0021   0.0045
2000.3641     -0.0857     -0.1045      0.0001      0.0016   0.0021   0.0045
2000.3669     -0.0902     -0.0978      0.0051      0.0016   0.0021   0.0045
2000.3696     -0.0843     -0.0976      0.0067      0.0017   0.0021   0.0045
2000.3723     -0.0851     -0.1015      0.0039      0.0016   0.0021   0.0045
2000.3751     -0.0850     -0.0970      0.0106      0.0017   0.0021   0.0045
2000.3778     -0.0880     -0.0996      0.0018      0.0017   0.0021   0.0045
2000.3806     -0.0855     -0.0982      0.0047      0.0016   0.0022   0.0045
2000.3833     -0.0886     -0.0989      0.0027      0.0017   0.0021   0.0045
2000.3860     -0.0864     -0.0976      0.0044      0.0016   0.0021   0.0045
2000.3888     -0.0880     -0.0960      0.0065      0.0016   0.0021   0.0045
2000.3915     -0.0866     -0.0954      0.0042      0.0017   0.0021   0.0045
2000.3943     -0.0859     -0.0972      0.0094      0.0017   0.0022   0.0047
2000.3970     -0.0883     -0.0991     -0.0001      0.0017   0.0021   0.0045
2000.3997     -0.0866     -0.0955      0.0070      0.0016   0.0021   0.0045
2000.4025     -0.0889     -0.0992     -0.0019      0.0016   0.0021   0.0045
2000.4052     -0.0866     -0.0958      0.0106      0.0017   0.0022   0.0046
2000.4079     -0.0901     -0.0982     -0.0074      0.0016   0.0021   0.0045
2000.4107     -0.0830     -0.0958      0.0032      0.0016   0.0022   0.0045
2000.4134     -0.0850     -0.0957      0.0030      0.0016   0.0020   0.0044
2000.4162     -0.0847     -0.0991      0.0042      0.0016   0.0021   0.0045
2000.4189     -0.0838     -0.0965     -0.0007      0.0016   0.0021   0.0044
2000.4216     -0.0823     -0.0963      0.0106      0.0016   0.0021   0.0044
2000.4244     -0.0872     -0.0967      0.0055      0.0016   0.0021   0.0044
2000.4271     -0.0869     -0.0973      0.0030      0.0016   0.0021   0.0044
2000.4298     -0.0854     -0.0961      0.0050      0.0016   0.0021   0.0045
2000.4326     -0.0890     -0.1007     -0.0040      0.0017   0.0021   0.0045
2000.4353     -0.0855     -0.1010      0.0074      0.0016   0.0021   0.0045
2000.4381     -0.0828     -0.1003      0.0069      0.0016   0.0021   0.0044
2000.4408     -0.0889     -0.0965      0.0023      0.0016   0.0021   0.0044
2000.4517     -0.0858     -0.0995      0.0039      0.0016   0.0021   0.0045
2000.4545     -0.0855     -0.0968      0.0006      0.0017   0.0022   0.0046
2000.4572     -0.0864     -0.0967      0.0078      0.0016   0.0021   0.0044
2000.4600     -0.0882     -0.0971      0.0005      0.0017   0.0021   0.0045
2000.4627     -0.0844     -0.0979      0.0110      0.0016   0.0021   0.0045
2000.4654     -0.0868     -0.1000     -0.0063      0.0016   0.0021   0.0044
2000.4682     -0.0864     -0.0997      0.0006      0.0016   0.0020   0.0043
2000.4709     -0.0876     -0.0977      0.0018      0.0016   0.0021   0.0044
2000.4736     -0.0816     -0.1016     -0.0055      0.0016   0.0021   0.0045
2000.4764     -0.0881     -0.0969      0.0113      0.0016   0.0022   0.0046
2000.4791     -0.0842     -0.0969     -0.0028      0.0016   0.0020   0.0044
2000.4819     -0.0865     -0.0985     -0.0035      0.0016   0.0020   0.0043
2000.4846     -0.0842     -0.0981     -0.0002      0.0016   0.0021   0.0045
2000.4873     -0.0848     -0.0993     -0.0106      0.0016   0.0021   0.0045
2000.4901     -0.0829     -0.1007      0.0032      0.0016   0.0021   0.0045
2000.4928     -0.0850     -0.0962      0.0061      0.0016   0.0021   0.0044
2000.4956     -0.0892     -0.0995      0.0031      0.0016   0.0021   0.0044
2000.4983     -0.0842     -0.0972      0.0014      0.0016   0.0020   0.0043
2000.5010     -0.0844     -0.0975      0.0091      0.0016   0.0021   0.0044
2000.5038     -0.0859     -0.0937      0.0018      0.0016   0.0021   0.0044
2000.5065     -0.0885     -0.0969     -0.0029      0.0016   0.0021   0.0044
2000.5092     -0.0866     -0.1006      0.0024      0.0016   0.0021   0.0045
2000.5120     -0.0824     -0.0984      0.0057      0.0016   0.0020   0.0043
2000.5147     -0.0850     -0.0970      0.0011      0.0016   0.0021   0.0044
2000.5175     -0.0856     -0.0966      0.0041      0.0016   0.0021   0.0043
2000.5202     -0.0832     -0.0951      0.0055      0.0016   0.0021   0.0044
2000.5229     -0.0852     -0.0962     -0.0040      0.0017   0.0020   0.0044
2000.5257     -0.0858     -0.0945      0.0010      0.0016   0.0020   0.0044
2000.5284     -0.0850     -0.0963     -0.0099      0.0016   0.0021   0.0044
2000.5311     -0.0844     -0.0989     -0.0015      0.0016   0.0020   0.0043
2000.5339     -0.0873     -0.0955     -0.0017      0.0016   0.0021   0.0045
2000.5366     -0.0898     -0.0994     -0.0048      0.0016   0.0021   0.0044
2000.5394     -0.0866     -0.0969      0.0025      0.0016   0.0020   0.0043
2000.5421     -0.0863     -0.0983     -0.0020      0.0016   0.0021   0.0044
2000.5448     -0.0845     -0.0979      0.0041      0.0016   0.0021   0.0045
2000.5476     -0.0843     -0.1005     -0.0066      0.0017   0.0022   0.0047
2000.5503     -0.0842     -0.0995      0.0115      0.0017   0.0022   0.0046
2000.5530     -0.0821     -0.0989     -0.0054      0.0016   0.0021   0.0044
2000.5558     -0.0864     -0.0972     -0.0005      0.0017   0.0021   0.0045
2000.5585     -0.0861     -0.0949     -0.0067      0.0017   0.0021   0.0045
2000.5613     -0.0884     -0.0958     -0.0058      0.0016   0.0020   0.0044
2000.5640     -0.0868     -0.0959     -0.0082      0.0016   0.0021   0.0044
2000.5667     -0.0859     -0.0983     -0.0024      0.0016   0.0020   0.0044
2000.5695     -0.0888     -0.0976      0.0010      0.0016   0.0021   0.0045
2000.5722     -0.0877     -0.0953      0.0014      0.0017   0.0021   0.0045
2000.5749     -0.0845     -0.0979     -0.0021      0.0017   0.0021   0.0045
2000.5777     -0.0880     -0.0942     -0.0046      0.0016   0.0021   0.0044
2000.5804     -0.0887     -0.0951     -0.0116      0.0016   0.0021   0.0044
2000.5832     -0.0876     -0.0983     -0.0046      0.0017   0.0022   0.0047
2000.5859     -0.0881     -0.0960     -0.0089      0.0016   0.0021   0.0045
2000.5886     -0.0867     -0.1008     -0.0061      0.0017   0.0021   0.0045
2000.5914     -0.0856     -0.1013     -0.0003      0.0017   0.0021   0.0045
2000.5941     -0.0863     -0.0982     -0.0109      0.0017   0.0022   0.0046
2000.5969     -0.0861     -0.1008     -0.0081      0.0017   0.0021   0.0045
2000.5996     -0.0873     -0.0961      0.0016      0.0017   0.0020   0.0044
2000.6023     -0.0838     -0.0976     -0.0045      0.0016   0.0020   0.0044
2000.6051     -0.0875     -0.0967     -0.0042      0.0017   0.0022   0.0047
2000.6078     -0.0825     -0.0977     -0.0123      0.0017   0.0022   0.0045
2000.6105     -0.0837     -0.0996     -0.0006      0.0017   0.0021   0.0045
2000.6133     -0.0859     -0.1012     -0.0019      0.0017   0.0021   0.0045
2000.6160     -0.0853     -0.0957     -0.0042      0.0017   0.0021   0.0046
2000.6215     -0.0853     -0.0994     -0.0091      0.0016   0.0021   0.0045
2000.6242     -0.0855     -0.0984     -0.0076      0.0017   0.0021   0.0045
2000.6270     -0.0848     -0.0963     -0.0080      0.0017   0.0022   0.0046
2000.6297     -0.0851     -0.0994     -0.0093      0.0017   0.0021   0.0045
2000.6324     -0.0872     -0.0936     -0.0043      0.0016   0.0020   0.0044
2000.6352     -0.0838     -0.0957     -0.0056      0.0016   0.0021   0.0044
2000.6379     -0.0861     -0.0952      0.0017      0.0016   0.0021   0.0044
2000.6407     -0.0880     -0.0983      0.0006      0.0017   0.0021   0.0045
2000.6434     -0.0866     -0.0985      0.0034      0.0017   0.0021   0.0045
2000.6461     -0.0849     -0.0970     -0.0047      0.0017   0.0022   0.0046
2000.6489     -0.0826     -0.0987      0.0075      0.0017   0.0021   0.0045
2000.6516     -0.0879     -0.0961     -0.0074      0.0017   0.0022   0.0046
2000.6543     -0.0801     -0.0988     -0.0108      0.0017   0.0021   0.0045
2000.6571     -0.0839     -0.0988     -0.0127      0.0017   0.0021   0.0046
2000.6598     -0.0836     -0.0988     -0.0053      0.0017   0.0021   0.0045
2000.6680     -0.0846     -0.0966     -0.0149      0.0017   0.0022   0.0046
2000.6708     -0.0851     -0.0980     -0.0103      0.0017   0.0022   0.0046
2000.6735     -0.0825     -0.1038     -0.0074      0.0017   0.0021   0.0045
2000.6762     -0.0839     -0.0977     -0.0111      0.0017   0.0021   0.0045
2000.6790     -0.0828     -0.0968     -0.0004      0.0017   0.0021   0.0045
2000.6817     -0.0822     -0.0976      0.0061      0.0017   0.0022   0.0046
2000.6845     -0.0832     -0.0979     -0.0010      0.0018   0.0022   0.0047
2000.6872     -0.0803     -0.0984     -0.0038      0.0018   0.0023   0.0047
2000.6899     -0.0841     -0.0974     -0.0154      0.0018   0.0022   0.0047
2000.6927     -0.0810     -0.0945     -0.0069      0.0017   0.0023   0.0049
2000.6954     -0.0851     -0.0936     -0.0079      0.0018   0.0022   0.0048
2000.6982     -0.0842     -0.1007     -0.0073      0.0018   0.0022   0.0046
2000.7009     -0.0843     -0.1015     -0.0118      0.0017   0.0022   0.0046
2000.7036     -0.0860     -0.1000     -0.0051      0.0017   0.0022   0.0046
2000.7064     -0.0840     -0.0991     -0.0137      0.0017   0.0022   0.0047
2000.7118     -0.0850     -0.0964     -0.0175      0.0017   0.0021   0.0045
2000.7146     -0.0845     -0.0936     -0.0171      0.0017   0.0022   0.0047
2000.7173     -0.0790     -0.0923     -0.0108      0.0017   0.0021   0.0045
2000.7201     -0.0817     -0.0956     -0.0014      0.0017   0.0022   0.0046
2000.7228     -0.0815     -0.0952     -0.0199      0.0017   0.0021   0.0046
2000.7255     -0.0809     -0.0979     -0.0035      0.0017   0.0022   0.0047
2000.7283     -0.0806     -0.0994     -0.0232      0.0018   0.0023   0.0048
2000.7310     -0.0792     -0.0947     -0.0118      0.0017   0.0021   0.0046
2000.7337     -0.0832     -0.0952     -0.0097      0.0017   0.0022   0.0046
2000.7392     -0.0776     -0.1005     -0.0037      0.0018   0.0023   0.0048
2000.7529     -0.0827     -0.0965     -0.0186      0.0017   0.0022   0.0048
2000.7556     -0.0803     -0.0963     -0.0160      0.0016   0.0021   0.0045
2000.7584     -0.0808     -0.0949     -0.0057      0.0018   0.0021   0.0047
2000.7611     -0.0816     -0.0935     -0.0113      0.0017   0.0022   0.0047
2000.7639     -0.0808     -0.0963      0.0004      0.0016   0.0021   0.0045
2000.7666     -0.0784     -0.0946      0.0064      0.0017   0.0021   0.0046
2000.7693     -0.0780     -0.0931      0.0027      0.0017   0.0021   0.0045
2000.7721     -0.0804     -0.0948     -0.0111      0.0017   0.0021   0.0045
2000.7748     -0.0810     -0.0913     -0.0020      0.0017   0.0021   0.0045
2000.7775     -0.0823     -0.0940      0.0036      0.0017   0.0022   0.0046
2000.7803     -0.0786     -0.0932      0.0012      0.0017   0.0021   0.0045
2000.7830     -0.0765     -0.0960     -0.0031      0.0018   0.0023   0.0049
2000.7858     -0.0847     -0.0977      0.0055      0.0017   0.0022   0.0047
2000.7885     -0.0852     -0.0944     -0.0087      0.0017   0.0022   0.0046
2000.7912     -0.0796     -0.0985      0.0022      0.0018   0.0022   0.0048
2000.7940     -0.0792     -0.0953     -0.0059      0.0017   0.0022   0.0046
2000.7967     -0.0761     -0.0949     -0.0026      0.0016   0.0021   0.0044
2000.7995     -0.0802     -0.0956     -0.0082      0.0017   0.0022   0.0047
2000.8022     -0.0754     -0.0937     -0.0052      0.0017   0.0021   0.0046
2000.8049     -0.0786     -0.0960     -0.0066      0.0017   0.0021   0.0046
2000.8077     -0.0805     -0.0966     -0.0049      0.0017   0.0022   0.0046
2000.8104     -0.0817     -0.0931     -0.0094      0.0017   0.0022   0.0046
2000.8131     -0.0796     -0.0928     -0.0101      0.0017   0.0021   0.0045
2000.8159     -0.0831     -0.0927     -0.0006      0.0017   0.0022   0.0047
2000.8186     -0.0819     -0.0977      0.0003      0.0018   0.0022   0.0047
2000.8214     -0.0814     -0.1007      0.0050      0.0018   0.0023   0.0049
2000.8241     -0.0790     -0.0953      0.0004      0.0017   0.0021   0.0045
2000.8268     -0.0845     -0.0987      0.0022      0.0019   0.0023   0.0051
2000.8296     -0.0803     -0.0946     -0.0050      0.0017   0.0022   0.0047
2000.8323     -0.0788     -0.0983     -0.0130      0.0018   0.0023   0.0049
2000.8350     -0.0791     -0.0938     -0.0153      0.0017   0.0021   0.0046
2000.8378     -0.0803     -0.0965     -0.0093      0.0017   0.0022   0.0047
2000.8405     -0.0782     -0.0921     -0.0053      0.0018   0.0022   0.0048
2000.8433     -0.0837     -0.0973     -0.0069      0.0017   0.0022   0.0046
2000.8460     -0.0813     -0.0990     -0.0011      0.0017   0.0022   0.0047
2000.8487     -0.0806     -0.0933     -0.0063      0.0018   0.0023   0.0048
2000.8515     -0.0774     -0.0925     -0.0082      0.0017   0.0021   0.0046
2000.8542     -0.0790     -0.0944     -0.0024      0.0018   0.0023   0.0048
2000.8569     -0.0788     -0.0999     -0.0123      0.0017   0.0021   0.0046
2000.8597     -0.0769     -0.0943     -0.0026      0.0017   0.0021   0.0047
2000.8624     -0.0807     -0.0937     -0.0031      0.0017   0.0021   0.0045
2000.8652     -0.0771     -0.0941     -0.0031      0.0017   0.0022   0.0047
2000.8679     -0.0766     -0.0922     -0.0105      0.0016   0.0020   0.0044
2000.8706     -0.0774     -0.0954     -0.0115      0.0017   0.0021   0.0046
2000.8734     -0.0832     -0.0952     -0.0078      0.0016   0.0020   0.0044
2000.8761     -0.0796     -0.0911     -0.0074      0.0016   0.0020   0.0044
2000.8789     -0.0781     -0.0937     -0.0009      0.0016   0.0021   0.0045
2000.8816     -0.0786     -0.0940      0.0027      0.0017   0.0022   0.0046
2000.8843     -0.0823     -0.0950     -0.0004      0.0017   0.0022   0.0046
2000.8871     -0.0780     -0.0940     -0.0059      0.0017   0.0021   0.0045
2000.8898     -0.0773     -0.0932     -0.0041      0.0017   0.0021   0.0045
2000.8925     -0.0786     -0.0967     -0.0003      0.0017   0.0021   0.0045
2000.8953     -0.0812     -0.0939      0.0054      0.0017   0.0021   0.0045
2000.8980     -0.0797     -0.0923     -0.0123      0.0017   0.0022   0.0047
2000.9008     -0.0810     -0.0947     -0.0050      0.0017   0.0021   0.0045
2000.9035     -0.0797     -0.0936     -0.0080      0.0017   0.0021   0.0045
2000.9062     -0.0808     -0.0956     -0.0184      0.0017   0.0021   0.0046
2000.9090     -0.0805     -0.0928     -0.0174      0.0016   0.0021   0.0044
2000.9117     -0.0790     -0.0963     -0.0031      0.0018   0.0022   0.0047
2000.9144     -0.0793     -0.0939      0.0020      0.0017   0.0021   0.0045
2000.9172     -0.0805     -0.0961     -0.0065      0.0017   0.0021   0.0046
2000.9199     -0.0767     -0.0982     -0.0041      0.0017   0.0021   0.0045
2000.9227     -0.0742     -0.0903     -0.0023      0.0017   0.0021   0.0046
2000.9254     -0.0789     -0.0971     -0.0064      0.0017   0.0021   0.0046
2000.9281     -0.0792     -0.0953     -0.0029      0.0017   0.0022   0.0045
2000.9309     -0.0811     -0.0956     -0.0124      0.0017   0.0022   0.0046
2000.9336     -0.0784     -0.0964     -0.0103      0.0017   0.0021   0.0045
2000.9363     -0.0776     -0.0942     -0.0125      0.0017   0.0021   0.0045
2000.9391     -0.0792     -0.0946     -0.0026      0.0016   0.0021   0.0044
2000.9418     -0.0749     -0.0964     -0.0035      0.0016   0.0021   0.0044
2000.9446     -0.0777     -0.0939     -0.0029      0.0017   0.0021   0.0045
2000.9473     -0.0807     -0.0951     -0.0063      0.0016   0.0020   0.0043
2000.9500     -0.0760     -0.0919     -0.0163      0.0016   0.0020   0.0043
2000.9528     -0.0761     -0.0938     -0.0019      0.0016   0.0020   0.0043
2000.9555     -0.0806     -0.0926     -0.0022      0.0016   0.0020   0.0043
2000.9582     -0.0767     -0.0908     -0.0056      0.0016   0.0020   0.0043
2000.9610     -0.0735     -0.0944      0.0100      0.0016   0.0020   0.0044
2000.9637     -0.0796     -0.0938     -0.0036      0.0018   0.0023   0.0050
2000.9692     -0.0796     -0.0936      0.0026      0.0016   0.0021   0.0045
2000.9719     -0.0767     -0.0940     -0.0038      0.0017   0.0021   0.0045
2000.9747     -0.0799     -0.0961      0.0041      0.0016   0.0021   0.0044
2000.9774     -0.0800     -0.0951      0.0029      0.0016   0.0021   0.0044
2000.9802     -0.0794     -0.0957      0.0005      0.0016   0.0021   0.0044
2000.9829     -0.0780     -0.0968      0.0005      0.0016   0.0021   0.0044
2000.9856     -0.0767     -0.0984      0.0059      0.0016   0.0021   0.0044
2000.9884     -0.0799     -0.0974     -0.0092      0.0016   0.0021   0.0044
2000.9911     -0.0786     -0.0957      0.0018      0.0016   0.0020   0.0043
2000.9938     -0.0834     -0.0968      0.0048      0.0016   0.0021   0.0044
2000.9966     -0.0808     -0.0970     -0.0136      0.0016   0.0021   0.0044
2000.9993     -0.0803     -0.0948     -0.0144      0.0016   0.0021   0.0044
2001.0021     -0.0780     -0.0943     -0.0086      0.0016   0.0020   0.0044
2001.0048     -0.0775     -0.0924     -0.0073      0.0016   0.0021   0.0044
2001.0075     -0.0786     -0.0941      0.0012      0.0016   0.0021   0.0044
2001.0103     -0.0761     -0.0953     -0.0017      0.0016   0.0021   0.0044
2001.0130     -0.0787     -0.0909     -0.0050      0.0016   0.0021   0.0044
2001.0157     -0.0766     -0.0938      0.0010      0.0016   0.0020   0.0043
2001.0185     -0.0786     -0.0960     -0.0040      0.0016   0.0020   0.0043
2001.0212     -0.0765     -0.0937      0.0002      0.0016   0.0021   0.0044
2001.0240     -0.0770     -0.0929      0.0022      0.0016   0.0020   0.0043
2001.0267     -0.0770     -0.0928     -0.0029      0.0016   0.0020   0.0043
2001.0294     -0.0771     -0.0947     -0.0027      0.0016   0.0020   0.0043
2001.0322     -0.0775     -0.0924      0.0012      0.0016   0.0021   0.0044
2001.0349     -0.0780     -0.0919     -0.0018      0.0016   0.0020   0.0043
2001.0376     -0.0784     -0.0937     -0.0023      0.0016   0.0021   0.0044
2001.0404     -0.0770     -0.0923     -0.0069      0.0016   0.0020   0.0043
2001.0431     -0.0785     -0.0894     -0.0082      0.0016   0.0020   0.0043
2001.0459     -0.0783     -0.0951     -0.0016      0.0016   0.0020   0.0043
2001.0486     -0.0795     -0.0921     -0.0087      0.0016   0.0021   0.0044
2001.0513     -0.0783     -0.0926     -0.0041      0.0016   0.0021   0.0043
2001.0541     -0.0797     -0.0917      0.0014      0.0016   0.0020   0.0043
2001.0568     -0.0796     -0.0915      0.0099      0.0016   0.0021   0.0044
2001.0595     -0.0761     -0.0907      0.0016      0.0016   0.0021   0.0045
2001.0623     -0.0781     -0.0923     -0.0016      0.0016   0.0021   0.0044
2001.0650     -0.0803     -0.0941     -0.0051      0.0016   0.0021   0.0044
2001.0678     -0.0744     -0.0942     -0.0023      0.0016   0.0021   0.0045
2001.0705     -0.0784     -0.0940     -0.0068      0.0016   0.0020   0.0043
2001.0732     -0.0788     -0.0908     -0.0126      0.0016   0.0021   0.0044
2001.0760     -0.0795     -0.0935     -0.0084      0.0016   0.0020   0.0043
2001.0787     -0.0777     -0.0951     -0.0065      0.0016   0.0020   0.0043
2001.0815     -0.0771     -0.0933     -0.0041      0.0016   0.0020   0.0043
2001.0842     -0.0760     -0.0935     -0.0002      0.0016   0.0021   0.0045
2001.0869     -0.0761     -0.0935     -0.0049      0.0016   0.0020   0.0043
2001.0897     -0.0774     -0.0920     -0.0061      0.0016   0.0020   0.0043
2001.0924     -0.0776     -0.0920     -0.0003      0.0016   0.0020   0.0043
2001.0951     -0.0790     -0.0949      0.0004      0.0016   0.0021   0.0044
2001.0979     -0.0720     -0.0935     -0.0097      0.0016   0.0021   0.0044
2001.1006     -0.0704     -0.0921     -0.0043      0.0016   0.0020   0.0044
2001.1034     -0.0740     -0.0939     -0.0022      0.0016   0.0020   0.0043
2001.1061     -0.0761     -0.0958      0.0002      0.0017   0.0021   0.0046
2001.1088     -0.0758     -0.0927     -0.0005      0.0017   0.0021   0.0045
2001.1116     -0.0751     -0.0922     -0.0005      0.0017   0.0021   0.0045
2001.1143     -0.0753     -0.0911      0.0039      0.0016   0.0021   0.0045
2001.1170     -0.0733     -0.0909      0.0077      0.0017   0.0021   0.0045
2001.1198     -0.0741     -0.0921      0.0036      0.0016   0.0020   0.0044
2001.1225     -0.0741     -0.0900      0.0029      0.0016   0.0020   0.0044
2001.1253     -0.0738     -0.0911     -0.0016      0.0017   0.0021   0.0045
2001.1280     -0.0741     -0.0920      0.0083      0.0016   0.0020   0.0044
2001.1307     -0.0763     -0.0897      0.0018      0.0016   0.0020   0.0043
2001.1335     -0.0748     -0.0902      0.0067      0.0016   0.0020   0.0044
2001.1362     -0.0728     -0.0909     -0.0100      0.0016   0.0021   0.0044
2001.1526     -0.0746     -0.0952      0.0056      0.0016   0.0021   0.0045
2001.1554     -0.0766     -0.0888      0.0067      0.0017   0.0021   0.0045
2001.1581     -0.0762     -0.0924      0.0107      0.0016   0.0020   0.0044
2001.1608     -0.0749     -0.0874     -0.0001      0.0017   0.0021   0.0045
2001.1636     -0.0750     -0.0920     -0.0013      0.0017   0.0022   0.0046
2001.1663     -0.0780     -0.0916     -0.0008      0.0017   0.0023   0.0048
2001.1691     -0.0765     -0.0909      0.0113      0.0016   0.0021   0.0045
2001.1718     -0.0761     -0.0925     -0.0038      0.0016   0.0021   0.0044
2001.1745     -0.0743     -0.0938     -0.0020      0.0017   0.0021   0.0046
2001.1773     -0.0731     -0.0915     -0.0070      0.0016   0.0021   0.0044
2001.1800     -0.0734     -0.0907     -0.0039      0.0016   0.0020   0.0044
2001.1828     -0.0728     -0.0899     -0.0029      0.0016   0.0021   0.0044
2001.1855     -0.0759     -0.0936     -0.0043      0.0016   0.0021   0.0044
2001.1882     -0.0773     -0.0899      0.0011      0.0017   0.0021   0.0045
2001.1910     -0.0735     -0.0912     -0.0021      0.0017   0.0021   0.0046
2001.1937     -0.0794     -0.0901      0.0008      0.0017   0.0022   0.0046
2001.1964     -0.0776     -0.0914      0.0049      0.0016   0.0020   0.0044
2001.1992     -0.0785     -0.0927     -0.0020      0.0016   0.0021   0.0045
2001.2019     -0.0798     -0.0907     -0.0007      0.0016   0.0021   0.0044
2001.2047     -0.0762     -0.0905      0.0057      0.0016   0.0021   0.0045
2001.2074     -0.0775     -0.0929     -0.0041      0.0017   0.0021   0.0046
2001.2101     -0.0724     -0.0924      0.0057      0.0017   0.0021   0.0045
2001.2129     -0.0740     -0.0897     -0.0039      0.0016   0.0021   0.0044
2001.2156     -0.0761     -0.0908     -0.0009      0.0016   0.0021   0.0044
2001.2183     -0.0752     -0.0939     -0.0041      0.0016   0.0021   0.0044
2001.2211     -0.0757     -0.0926     -0.0028      0.0016   0.0021   0.0045
2001.2238     -0.0762     -0.0926      0.0116      0.0017   0.0021   0.0045
2001.2266     -0.0759     -0.0899     -0.0006      0.0016   0.0021   0.0045
2001.2293     -0.0758     -0.0935     -0.0072      0.0017   0.0021   0.0045
2001.2320     -0.0766     -0.0928      0.0024      0.0017   0.0021   0.0045
2001.2348     -0.0756     -0.0947      0.0015      0.0018   0.0023   0.0048
2001.2375     -0.0786     -0.0887     -0.0064      0.0017   0.0022   0.0047
2001.2402     -0.0761     -0.0921     -0.0053      0.0017   0.0022   0.0046
2001.2430     -0.0780     -0.0926     -0.0028      0.0017   0.0021   0.0045
2001.2457     -0.0791     -0.0920      0.0071      0.0017   0.0022   0.0046
2001.2485     -0.0771     -0.0910      0.0034      0.0016   0.0021   0.0045
2001.2512     -0.0735     -0.0914      0.0003      0.0017   0.0021   0.0046
2001.2539     -0.0761     -0.0901     -0.0128      0.0020   0.0026   0.0056
2001.2567     -0.0780     -0.0881      0.0040      0.0017   0.0022   0.0046
2001.2594     -0.0793     -0.0906      0.0067      0.0017   0.0022   0.0047
2001.2621     -0.0750     -0.0914      0.0011      0.0017   0.0022   0.0047
2001.2649     -0.0775     -0.0909      0.0049      0.0016   0.0021   0.0045
2001.2676     -0.0755     -0.0900     -0.0006      0.0017   0.0022   0.0045
2001.2704     -0.0740     -0.0908      0.0126      0.0017   0.0022   0.0046
2001.2731     -0.0758     -0.0898     -0.0036      0.0017   0.0022   0.0046
2001.2758     -0.0750     -0.0934      0.0042      0.0017   0.0021   0.0045
2001.2786     -0.0790     -0.0903     -0.0018      0.0016   0.0022   0.0045
2001.2813     -0.0769     -0.0902      0.0206      0.0017   0.0021   0.0045
2001.2841     -0.0757     -0.0928      0.0136      0.0017   0.0022   0.0046
2001.2923     -0.0766     -0.0936     -0.0068      0.0018   0.0022   0.0047
2001.2950     -0.0735     -0.0905      0.0008      0.0019   0.0022   0.0048
2001.2977     -0.0735     -0.0886      0.0040      0.0016   0.0021   0.0044
2001.3005     -0.0801     -0.0915     -0.0045      0.0016   0.0021   0.0044
2001.3032     -0.0771     -0.0909      0.0106      0.0016   0.0021   0.0045
2001.3060     -0.0760     -0.0934      0.0148      0.0017   0.0022   0.0047
2001.3087     -0.0760     -0.0914      0.0057      0.0017   0.0022   0.0046
2001.3114     -0.0751     -0.0895     -0.0073      0.0017   0.0022   0.0046
2001.3142     -0.0757     -0.0876      0.0052      0.0017   0.0022   0.0046
2001.3169     -0.0744     -0.0930     -0.0025      0.0017   0.0021   0.0045
2001.3196     -0.0786     -0.0911      0.0104      0.0016   0.0021   0.0045
2001.3224     -0.0764     -0.0928      0.0136      0.0016   0.0021   0.0044
2001.3251     -0.0770     -0.0903      0.0021      0.0017   0.0022   0.0046
2001.3279     -0.0737     -0.0880      0.0198      0.0017   0.0022   0.0047
2001.3306     -0.0764     -0.0906      0.0069      0.0017   0.0021   0.0045
2001.3333     -0.0753     -0.0883      0.0026      0.0016   0.0020   0.0044
2001.3361     -0.0720     -0.0886      0.0118      0.0016   0.0020   0.0044
2001.3388     -0.0766     -0.0890      0.0094      0.0016   0.0021   0.0045
2001.3415     -0.0770     -0.0897     -0.0003      0.0016   0.0020   0.0043
2001.3443     -0.0764     -0.0883      0.0000      0.0016   0.0020   0.0044
2001.3470     -0.0762     -0.0886      0.0013      0.0016   0.0020   0.0044
2001.3498     -0.0763     -0.0895      0.0066      0.0017   0.0021   0.0045
2001.3525     -0.0779     -0.0871      0.0081      0.0017   0.0021   0.0046
2001.3552     -0.0760     -0.0875      0.0049      0.0016   0.0020   0.0044
2001.3580     -0.0774     -0.0899      0.0016      0.0017   0.0021   0.0045
2001.3607     -0.0785     -0.0864      0.0018      0.0017   0.0021   0.0045
2001.3634     -0.0762     -0.0860     -0.0063      0.0017   0.0021   0.0045
2001.3662     -0.0781     -0.0888      0.0105      0.0017   0.0021   0.0046
2001.3689     -0.0779     -0.0886      0.0051      0.0017   0.0021   0.0045
2001.3717     -0.0760     -0.0874      0.0088      0.0017   0.0021   0.0045
2001.3744     -0.0777     -0.0895      0.0120      0.0017   0.0021   0.0045
2001.3771     -0.0773     -0.0888     -0.0001      0.0016   0.0020   0.0044
2001.3799     -0.0770     -0.0885     -0.0039      0.0017   0.0021   0.0045
2001.3826     -0.0743     -0.0860     -0.0010      0.0016   0.0021   0.0044
2001.3854     -0.0737     -0.0874     -0.0029      0.0016   0.0021   0.0044
2001.3881     -0.0754     -0.0862      0.0035      0.0017   0.0021   0.0046
2001.3908     -0.0755     -0.0888      0.0098      0.0016   0.0021   0.0045
2001.3936     -0.0744     -0.0891      0.0038      0.0016   0.0021   0.0045
2001.3963     -0.0754     -0.0875      0.0042      0.0016   0.0020   0.0044
2001.3990     -0.0764     -0.0877     -0.0058      0.0017   0.0021   0.0045
2001.4018     -0.0764     -0.0871     -0.0014      0.0017   0.0021   0.0044
2001.4045     -0.0781     -0.0908      0.0025      0.0016   0.0021   0.0044
2001.4073     -0.0746     -0.0900     -0.0030      0.0017   0.0021   0.0045
2001.4127     -0.0760     -0.0898      0.0064      0.0016   0.0021   0.0045
2001.4155     -0.0749     -0.0866      0.0083      0.0016   0.0021   0.0045
2001.4182     -0.0738     -0.0864     -0.0018      0.0017   0.0022   0.0046
2001.4209     -0.0780     -0.0900     -0.0029      0.0016   0.0020   0.0044
2001.4237     -0.0733     -0.0896     -0.0023      0.0017   0.0021   0.0045
2001.4264     -0.0761     -0.0876      0.0135      0.0016   0.0021   0.0044
2001.4292     -0.0752     -0.0873     -0.0019      0.0016   0.0021   0.0044
2001.4319     -0.0775     -0.0921     -0.0070      0.0016   0.0021   0.0045
2001.5989     -0.0732     -0.0859     -0.0049      0.0016   0.0020   0.0044
2001.6838     -0.0716     -0.0847     -0.0059      0.0018   0.0023   0.0050
2001.6865     -0.0690     -0.0882     -0.0091      0.0018   0.0022   0.0048
2001.6893     -0.0715     -0.0849     -0.0025      0.0017   0.0022   0.0048
2001.6947     -0.0687     -0.0862      0.0048      0.0017   0.0022   0.0047
2001.6975     -0.0665     -0.0850     -0.0052      0.0017   0.0022   0.0046
2001.7002     -0.0669     -0.0872      0.0192      0.0017   0.0021   0.0046
2001.7029     -0.0663     -0.0841     -0.0022      0.0017   0.0021   0.0046
2001.7057     -0.0672     -0.0837      0.0039      0.0016   0.0020   0.0044
2001.7084     -0.0695     -0.0824     -0.0002      0.0017   0.0021   0.0045
2001.7112     -0.0686     -0.0841      0.0052      0.0017   0.0021   0.0046
2001.7139     -0.0702     -0.0837      0.0010      0.0017   0.0021   0.0046
2001.7166     -0.0655     -0.0814      0.0029      0.0017   0.0021   0.0046
2001.7194     -0.0684     -0.0835     -0.0064      0.0017   0.0021   0.0047
2001.7221     -0.0698     -0.0846     -0.0090      0.0017   0.0021   0.0046
2001.7248     -0.0712     -0.0830     -0.0158      0.0017   0.0021   0.0046
2001.7276     -0.0684     -0.0817      0.0054      0.0017   0.0021   0.0046
2001.7303     -0.0688     -0.0832      0.0006      0.0016   0.0021   0.0044
2001.7331     -0.0678     -0.0820      0.0045      0.0017   0.0021   0.0046
2001.7358     -0.0717     -0.0817      0.0039      0.0016   0.0021   0.0044
2001.7385     -0.0681     -0.0822     -0.0003      0.0017   0.0022   0.0047
2001.7413     -0.0712     -0.0787      0.0038      0.0017   0.0021   0.0046
2001.7440     -0.0673     -0.0824      0.0050      0.0017   0.0021   0.0046
2001.7467     -0.0683     -0.0837      0.0053      0.0016   0.0021   0.0045
2001.7495     -0.0688     -0.0809     -0.0064      0.0016   0.0021   0.0044
2001.7522     -0.0702     -0.0833     -0.0078      0.0016   0.0021   0.0045
2001.7550     -0.0740     -0.0822     -0.0035      0.0017   0.0021   0.0046
2001.7577     -0.0717     -0.0844     -0.0092      0.0017   0.0021   0.0046
2001.7604     -0.0716     -0.0837      0.0023      0.0017   0.0021   0.0045
2001.7632     -0.0724     -0.0841     -0.0011      0.0017   0.0021   0.0046
2001.7659     -0.0705     -0.0839      0.0027      0.0018   0.0022   0.0048
2001.7687     -0.0713     -0.0852     -0.0090      0.0017   0.0021   0.0045
2001.7714     -0.0705     -0.0817     -0.0093      0.0016   0.0020   0.0044
2001.7741     -0.0695     -0.0821     -0.0114      0.0017   0.0021   0.0045
2001.7769     -0.0662     -0.0839     -0.0119      0.0017   0.0021   0.0046
2001.7796     -0.0671     -0.0825     -0.0084      0.0017   0.0021   0.0045
2001.7878     -0.0672     -0.0818      0.0033      0.0018   0.0023   0.0049
2001.7906     -0.0673     -0.0831     -0.0158      0.0018   0.0022   0.0048
2001.7933     -0.0655     -0.0857     -0.0073      0.0018   0.0022   0.0049
2001.7960     -0.0702     -0.0820     -0.0108      0.0017   0.0022   0.0047
2001.7988     -0.0714     -0.0816      0.0035      0.0018   0.0022   0.0048
2001.8015     -0.0672     -0.0845     -0.0130      0.0017   0.0021   0.0046
2001.8042     -0.0686     -0.0820     -0.0047      0.0017   0.0022   0.0046
2001.8070     -0.0711     -0.0822     -0.0051      0.0018   0.0023   0.0050
2001.8097     -0.0694     -0.0841     -0.0174      0.0017   0.0021   0.0047
2001.8125     -0.0674     -0.0882      0.0029      0.0017   0.0022   0.0047
2001.8152     -0.0651     -0.0820     -0.0126      0.0018   0.0022   0.0048
2001.8179     -0.0691     -0.0810     -0.0047      0.0017   0.0022   0.0047
2001.8207     -0.0685     -0.0828     -0.0193      0.0017   0.0021   0.0047
2001.8234     -0.0709     -0.0850     -0.0006      0.0017   0.0022   0.0047
2001.8261     -0.0699     -0.0835     -0.0168      0.0016   0.0021   0.0045
2001.8289     -0.0675     -0.0828     -0.0102      0.0017   0.0021   0.0045
2001.8316     -0.0701     -0.0780     -0.0166      0.0017   0.0021   0.0046
2001.8344     -0.0665     -0.0837     -0.0060      0.0016   0.0021   0.0045
2001.8371     -0.0704     -0.0791      0.0008      0.0017   0.0022   0.0046
2001.8398     -0.0689     -0.0824     -0.0003      0.0017   0.0022   0.0047
2001.8426     -0.0671     -0.0806     -0.0044      0.0017   0.0021   0.0046
2001.8453     -0.0662     -0.0797      0.0001      0.0017   0.0021   0.0046
2001.8480     -0.0688     -0.0823     -0.0043      0.0019   0.0024   0.0052
2001.8508     -0.0684     -0.0799     -0.0173      0.0016   0.0021   0.0045
2001.8535     -0.0658     -0.0855     -0.0037      0.0018   0.0022   0.0048
2001.8563     -0.0686     -0.0856     -0.0152      0.0017   0.0022   0.0047
2001.8590     -0.0689     -0.0812     -0.0026      0.0017   0.0021   0.0046
2001.8617     -0.0675     -0.0822     -0.0108      0.0016   0.0021   0.0044
2001.8645     -0.0675     -0.0824     -0.0128      0.0017   0.0021   0.0045
2001.8672     -0.0699     -0.0790     -0.0085      0.0017   0.0021   0.0045
2001.8700     -0.0664     -0.0774     -0.0064      0.0017   0.0021   0.0045
2001.8727     -0.0686     -0.0821     -0.0126      0.0017   0.0021   0.0045
2001.8754     -0.0695     -0.0815      0.0009      0.0017   0.0021   0.0046
2001.8782     -0.0705     -0.0817     -0.0033      0.0017   0.0021   0.0045
2001.8809     -0.0681     -0.0805      0.0038      0.0017   0.0021   0.0045
2001.8836     -0.0673     -0.0799     -0.0214      0.0017   0.0021   0.0046
2001.8864     -0.0672     -0.0803     -0.0002      0.0017   0.0021   0.0045
2001.8891     -0.0642     -0.0806     -0.0111      0.0017   0.0021   0.0046
2001.8919     -0.0667     -0.0789     -0.0012      0.0017   0.0021   0.0044
2001.8946     -0.0664     -0.0816     -0.0088      0.0017   0.0021   0.0045
2001.8973     -0.0694     -0.0822     -0.0234      0.0017   0.0022   0.0047
2001.9001     -0.0686     -0.0826     -0.0037      0.0017   0.0021   0.0045
2001.9028     -0.0692     -0.0828      0.0098      0.0017   0.0021   0.0046
2001.9055     -0.0710     -0.0817     -0.0078      0.0016   0.0021   0.0044
2001.9083     -0.0648     -0.0823     -0.0097      0.0018   0.0022   0.0047
2001.9110     -0.0674     -0.0773      0.0030      0.0016   0.0020   0.0043
2001.9138     -0.0634     -0.0814     -0.0058      0.0017   0.0021   0.0045
2001.9165     -0.0658     -0.0814     -0.0028      0.0016   0.0021   0.0044
2001.9192     -0.0663     -0.0793     -0.0112      0.0017   0.0021   0.0045
2001.9220     -0.0650     -0.0835     -0.0094      0.0016   0.0021   0.0044
2001.9247     -0.0695     -0.0842     -0.0157      0.0016   0.0021   0.0044
2001.9274     -0.0690     -0.0814     -0.0032      0.0017   0.0021   0.0045
2001.9302     -0.0671     -0.0782     -0.0086      0.0017   0.0021   0.0044
2001.9329     -0.0677     -0.0803     -0.0102      0.0017   0.0021   0.0045
2001.9357     -0.0652     -0.0824     -0.0093      0.0017   0.0021   0.0045
2001.9384     -0.0676     -0.0824      0.0002      0.0016   0.0021   0.0045
2001.9411     -0.0658     -0.0813     -0.0021      0.0017   0.0021   0.0045
2001.9439     -0.0650     -0.0795     -0.0035      0.0017   0.0021   0.0045
2001.9466     -0.0679     -0.0831     -0.0048      0.0017   0.0021   0.0045
2001.9493     -0.0665     -0.0829     -0.0062      0.0016   0.0021   0.0045
2001.9521     -0.0638     -0.0802     -0.0152      0.0017   0.0022   0.0046
2001.9548     -0.0714     -0.0817     -0.0123      0.0016   0.0021   0.0044
2001.9576     -0.0669     -0.0838     -0.0090      0.0017   0.0021   0.0045
2001.9603     -0.0708     -0.0845      0.0025      0.0016   0.0021   0.0044
2001.9630     -0.0682     -0.0817      0.0034      0.0017   0.0021   0.0046
2001.9658     -0.0662     -0.0797      0.0094      0.0016   0.0021   0.0044
2001.9685     -0.0645     -0.0809     -0.0066      0.0016   0.0021   0.0044
2001.9713     -0.0664     -0.0801     -0.0025      0.0016   0.0020   0.0044
2001.9740     -0.0652     -0.0818     -0.0069      0.0016   0.0021   0.0045
2001.9767     -0.0704     -0.0826     -0.0109      0.0017   0.0021   0.0045
2001.9795     -0.0681     -0.0793     -0.0144      0.0017   0.0021   0.0045
2001.9822     -0.0664     -0.0792      0.0017      0.0016   0.0021   0.0044
2001.9849     -0.0668     -0.0777      0.0063      0.0016   0.0021   0.0044
2001.9877     -0.0693     -0.0822      0.0225      0.0017   0.0021   0.0046
2001.9904     -0.0696     -0.0784     -0.0011      0.0016   0.0021   0.0044
2001.9932     -0.0688     -0.0782     -0.0092      0.0017   0.0021   0.0045
2001.9959     -0.0678     -0.0763      0.0061      0.0017   0.0021   0.0045
2001.9986     -0.0684     -0.0830     -0.0016      0.0016   0.0021   0.0045
2002.0014     -0.0664     -0.0845      0.0018      0.0016   0.0021   0.0044
2002.0041     -0.0667     -0.0815     -0.0003      0.0017   0.0021   0.0046
2002.0068     -0.0666     -0.0805      0.0021      0.0016   0.0021   0.0044
2002.0096     -0.0675     -0.0788      0.0009      0.0017   0.0021   0.0047
2002.0123     -0.0693     -0.0792     -0.0070      0.0017   0.0021   0.0046
2002.0151     -0.0666     -0.0814     -0.0034      0.0016   0.0021   0.0044
2002.0178     -0.0689     -0.0828     -0.0036      0.0016   0.0021   0.0045
2002.0205     -0.0668     -0.0840     -0.0034      0.0017   0.0021   0.0046
2002.0233     -0.0688     -0.0802     -0.0009      0.0017   0.0021   0.0046
2002.0260     -0.0684     -0.0803     -0.0100      0.0017   0.0022   0.0048
2002.0287     -0.0694     -0.0821     -0.0082      0.0016   0.0020   0.0044
2002.0315     -0.0632     -0.0818      0.0043      0.0017   0.0022   0.0047
2002.0342     -0.0682     -0.0787      0.0020      0.0016   0.0021   0.0044
2002.0370     -0.0663     -0.0812     -0.0023      0.0017   0.0021   0.0045
2002.0397     -0.0664     -0.0829      0.0094      0.0017   0.0021   0.0046
2002.0452     -0.0633     -0.0802      0.0120      0.0019   0.0024   0.0052
2002.0479     -0.0639     -0.0781     -0.0007      0.0016   0.0021   0.0045
2002.0507     -0.0679     -0.0821     -0.0052      0.0016   0.0021   0.0045
2002.0534     -0.0654     -0.0815      0.0055      0.0016   0.0021   0.0045
2002.0561     -0.0670     -0.0812      0.0029      0.0016   0.0021   0.0045
2002.0589     -0.0653     -0.0811     -0.0118      0.0017   0.0022   0.0046
2002.0616     -0.0659     -0.0795     -0.0058      0.0016   0.0021   0.0045
2002.0643     -0.0662     -0.0790      0.0072      0.0017   0.0021   0.0045
2002.0671     -0.0652     -0.0783      0.0034      0.0017   0.0021   0.0046
2002.0698     -0.0639     -0.0783      0.0013      0.0017   0.0021   0.0045
2002.0726     -0.0616     -0.0805      0.0041      0.0017   0.0021   0.0045
2002.0753     -0.0642     -0.0806      0.0067      0.0017   0.0021   0.0046
2002.0780     -0.0606     -0.0815     -0.0022      0.0017   0.0021   0.0045
2002.0808     -0.0611     -0.0812     -0.0007      0.0017   0.0022   0.0047
2002.0862     -0.0619     -0.0807      0.0107      0.0017   0.0021   0.0045
2002.0999     -0.0635     -0.0775      0.0021      0.0019   0.0024   0.0053
2002.1027     -0.0661     -0.0789     -0.0021      0.0018   0.0023   0.0048
2002.1136     -0.0649     -0.0755      0.0010      0.0019   0.0025   0.0052
2002.1218     -0.0650     -0.0802     -0.0094      0.0019   0.0025   0.0051
2002.1410     -0.0619     -0.0773     -0.0016      0.0018   0.0024   0.0049
2002.1739     -0.0685     -0.0829      0.0097      0.0021   0.0026   0.0057
2002.1793     -0.0635     -0.0793      0.0060      0.0019   0.0024   0.0051
2002.1821     -0.0632     -0.0791     -0.0047      0.0017   0.0022   0.0047
2002.1848     -0.0623     -0.0768      0.0039      0.0018   0.0023   0.0049
2002.1875     -0.0641     -0.0778     -0.0012      0.0017   0.0021   0.0045
2002.1903     -0.0644     -0.0769      0.0014      0.0017   0.0022   0.0047
2002.1930     -0.0636     -0.0742      0.0045      0.0017   0.0021   0.0045
2002.1958     -0.0653     -0.0786      0.0044      0.0017   0.0022   0.0046
2002.1985     -0.0654     -0.0777      0.0029      0.0017   0.0022   0.0046
2002.2697     -0.0610     -0.0742     -0.0109      0.0017   0.0023   0.0048
2002.2724     -0.0622     -0.0790     -0.0006      0.0017   0.0022   0.0047
2002.2752     -0.0661     -0.0788     -0.0025      0.0017   0.0021   0.0045
2002.2779     -0.0628     -0.0755     -0.0005      0.0017   0.0022   0.0046
2002.2806     -0.0639     -0.0763     -0.0057      0.0017   0.0021   0.0046
2002.2834     -0.0665     -0.0772     -0.0074      0.0017   0.0021   0.0046
2002.2861     -0.0659     -0.0762      0.0046      0.0017   0.0022   0.0047
2002.2916     -0.0657     -0.0748      0.0089      0.0019   0.0024   0.0052
2002.2943     -0.0637     -0.0795      0.0040      0.0018   0.0023   0.0048
2002.2971     -0.0623     -0.0780      0.0097      0.0017   0.0022   0.0046
2002.2998     -0.0637     -0.0759     -0.0045      0.0018   0.0022   0.0048
2002.3025     -0.0650     -0.0741      0.0088      0.0017   0.0022   0.0046
2002.3053     -0.0635     -0.0727      0.0058      0.0017   0.0022   0.0046
2002.3080     -0.0650     -0.0730      0.0047      0.0017   0.0021   0.0046
2002.3107     -0.0644     -0.0774      0.0121      0.0016   0.0021   0.0045
2002.3162     -0.0619     -0.0760      0.0051      0.0017   0.0022   0.0047
2002.3190     -0.0618     -0.0751      0.0017      0.0017   0.0021   0.0046
2002.3217     -0.0626     -0.0775      0.0051      0.0016   0.0021   0.0045
2002.3244     -0.0636     -0.0779      0.0049      0.0017   0.0021   0.0045
2002.3272     -0.0647     -0.0745     -0.0016      0.0016   0.0021   0.0045
2002.3299     -0.0664     -0.0760      0.0020      0.0016   0.0021   0.0045
2002.3326     -0.0646     -0.0735      0.0040      0.0016   0.0021   0.0045
2002.3354     -0.0641     -0.0753     -0.0017      0.0016   0.0021   0.0045
2002.3381     -0.0644     -0.0769     -0.0012      0.0016   0.0021   0.0045
2002.3409     -0.0624     -0.0762      0.0068      0.0016   0.0021   0.0045
2002.3436     -0.0638     -0.0766      0.0048      0.0017   0.0021   0.0046
2002.3463     -0.0630     -0.0783     -0.0036      0.0017   0.0021   0.0045
2002.3874     -0.0603     -0.0778     -0.0040      0.0016   0.0021   0.0044
2002.3901     -0.0608     -0.0758      0.0011      0.0019   0.0025   0.0052
2003.0007     -0.0555     -0.0689     -0.0063      0.0017   0.0021   0.0046
2003.0034     -0.0554     -0.0692     -0.0078      0.0016   0.0021   0.0045
2003.0062     -0.0532     -0.0672     -0.0004      0.0017   0.0021   0.0047
2003.0089     -0.0547     -0.0689     -0.0048      0.0017   0.0022   0.0047
2003.0116     -0.0545     -0.0665      0.0014      0.0017   0.0021   0.0047
2003.0144     -0.0516     -0.0652     -0.0058      0.0019   0.0024   0.0053
2003.0253     -0.0555     -0.0675      0.0029      0.0016   0.0021   0.0045
2003.0281     -0.0550     -0.0652     -0.0069      0.0017   0.0021   0.0046
2003.0308     -0.0532     -0.0691      0.0041      0.0017   0.0021   0.0047
2003.0335     -0.0527     -0.0718      0.0014      0.0016   0.0021   0.0045
2003.0363     -0.0579     -0.0677      0.0003      0.0017   0.0021   0.0047
2003.0390     -0.0497     -0.0664     -0.0069      0.0017   0.0021   0.0046
2003.0418     -0.0519     -0.0685     -0.0028      0.0017   0.0021   0.0047
2003.0445     -0.0560     -0.0673     -0.0042      0.0017   0.0021   0.0047
2003.0472     -0.0540     -0.0653     -0.0038      0.0016   0.0021   0.0045
2003.0500     -0.0494     -0.0659     -0.0060      0.0017   0.0021   0.0046
2003.0527     -0.0512     -0.0673      0.0015      0.0017   0.0021   0.0045
2003.0554     -0.0546     -0.0651     -0.0007      0.0017   0.0021   0.0045
2003.0582     -0.0491     -0.0645      0.0033      0.0017   0.0021   0.0045
2003.0609     -0.0488     -0.0643     -0.0004      0.0017   0.0021   0.0046
2003.0637     -0.0472     -0.0648      0.0004      0.0016   0.0021   0.0046
2003.0664     -0.0552     -0.0679      0.0049      0.0017   0.0021   0.0046
2003.0691     -0.0525     -0.0661     -0.0063      0.0017   0.0021   0.0046
2003.0719     -0.0484     -0.0633      0.0032      0.0017   0.0022   0.0048
2003.0746     -0.0491     -0.0594     -0.0020      0.0017   0.0022   0.0047
2003.0773     -0.0565     -0.0649     -0.0064      0.0017   0.0021   0.0046
2003.0801     -0.0548     -0.0665      0.0000      0.0017   0.0022   0.0046
2003.0828     -0.0587     -0.0661     -0.0032      0.0017   0.0021   0.0046
2003.0856     -0.0516     -0.0655     -0.0028      0.0017   0.0021   0.0046
2003.0883     -0.0510     -0.0650      0.0078      0.0017   0.0021   0.0046
2003.0910     -0.0551     -0.0638      0.0019      0.0017   0.0021   0.0046
2003.0938     -0.0525     -0.0645      0.0028      0.0017   0.0022   0.0047
2003.0965     -0.0518     -0.0630     -0.0095      0.0017   0.0022   0.0047
2003.0992     -0.0507     -0.0658     -0.0013      0.0017   0.0021   0.0046
2003.1020     -0.0521     -0.0658     -0.0058      0.0016   0.0021   0.0045
2003.1075     -0.0500     -0.0641      0.0024      0.0017   0.0022   0.0046
2003.1102     -0.0520     -0.0638     -0.0045      0.0017   0.0022   0.0047
2003.1129     -0.0566     -0.0643     -0.0125      0.0017   0.0022   0.0047
2003.1157     -0.0497     -0.0618      0.0024      0.0017   0.0022   0.0046
2003.1184     -0.0463     -0.0634     -0.0033      0.0017   0.0021   0.0046
2003.1239     -0.0505     -0.0652      0.0008      0.0016   0.0021   0.0044
2003.1266     -0.0493     -0.0631      0.0025      0.0016   0.0021   0.0045
2003.1321     -0.0535     -0.0652      0.0073      0.0017   0.0021   0.0046
2003.1348     -0.0521     -0.0656      0.0167      0.0016   0.0021   0.0045
2003.1376     -0.0523     -0.0645      0.0136      0.0016   0.0021   0.0044
2003.1403     -0.0528     -0.0650      0.0058      0.0016   0.0021   0.0044
2003.1431     -0.0539     -0.0658      0.0068      0.0016   0.0021   0.0044
2003.1458     -0.0504     -0.0634      0.0124      0.0016   0.0021   0.0044
2003.1485     -0.0552     -0.0627      0.0017      0.0016   0.0021   0.0044
2003.1513     -0.0557     -0.0650      0.0081      0.0016   0.0021   0.0045
2003.1540     -0.0504     -0.0649      0.0083      0.0016   0.0020   0.0044
2003.1567     -0.0507     -0.0678      0.0047      0.0017   0.0022   0.0046
2003.1595     -0.0540     -0.0626      0.0110      0.0016   0.0021   0.0044
2003.1622     -0.0505     -0.0644      0.0075      0.0016   0.0021   0.0045
2003.1650     -0.0519     -0.0684      0.0043      0.0017   0.0022   0.0046
2003.1677     -0.0508     -0.0650      0.0165      0.0016   0.0021   0.0045
2003.1704     -0.0523     -0.0640     -0.0020      0.0017   0.0021   0.0046
2003.1732     -0.0520     -0.0646      0.0149      0.0017   0.0022   0.0046
2003.1759     -0.0542     -0.0626     -0.0009      0.0016   0.0021   0.0044
2003.1786     -0.0539     -0.0662      0.0126      0.0017   0.0022   0.0046
2003.1814     -0.0507     -0.0656      0.0040      0.0017   0.0022   0.0046
2003.1841     -0.0512     -0.0668      0.0003      0.0016   0.0021   0.0044
2003.1869     -0.0514     -0.0679      0.0071      0.0016   0.0021   0.0045
2003.1896     -0.0485     -0.0625     -0.0133      0.0016   0.0021   0.0045
2003.1923     -0.0550     -0.0625      0.0036      0.0016   0.0021   0.0045
2003.1951     -0.0527     -0.0652      0.0076      0.0017   0.0022   0.0046
2003.1978     -0.0532     -0.0654      0.0114      0.0017   0.0021   0.0046
2003.2005     -0.0513     -0.0661      0.0049      0.0016   0.0021   0.0045
2003.2033     -0.0523     -0.0643      0.0040      0.0016   0.0021   0.0044
2003.2060     -0.0539     -0.0632      0.0004      0.0016   0.0021   0.0045
2003.2088     -0.0546     -0.0645      0.0118      0.0016   0.0021   0.0045
2003.2115     -0.0527     -0.0640      0.0041      0.0016   0.0021   0.0044
2003.2142     -0.0507     -0.0634      0.0193      0.0017   0.0021   0.0045
2003.2170     -0.0527     -0.0608      0.0070      0.0017   0.0021   0.0045
2003.2197     -0.0499     -0.0644     -0.0057      0.0016   0.0021   0.0045
2003.2225     -0.0531     -0.0624      0.0035      0.0017   0.0022   0.0047
2003.2252     -0.0494     -0.0636      0.0038      0.0016   0.0021   0.0044
2003.2279     -0.0508     -0.0650      0.0173      0.0017   0.0021   0.0045
2003.2307     -0.0519     -0.0633     -0.0088      0.0016   0.0021   0.0045
2003.2334     -0.0497     -0.0648      0.0110      0.0017   0.0022   0.0046
2003.4853     -0.0479     -0.0595     -0.0060      0.0020   0.0025   0.0054
2003.4935     -0.0503     -0.0602      0.0029      0.0016   0.0021   0.0044
2003.4962     -0.0510     -0.0619      0.0094      0.0016   0.0021   0.0044
2003.4990     -0.0494     -0.0611      0.0049      0.0016   0.0021   0.0044
2003.5017     -0.0499     -0.0588      0.0041      0.0016   0.0021   0.0045
2003.5044     -0.0518     -0.0592      0.0045      0.0017   0.0021   0.0045
2003.5072     -0.0519     -0.0619     -0.0032      0.0016   0.0021   0.0045
2003.5099     -0.0511     -0.0610      0.0020      0.0016   0.0021   0.0045
2003.5127     -0.0507     -0.0612     -0.0035      0.0016   0.0021   0.0044
2003.5154     -0.0493     -0.0644     -0.0032      0.0016   0.0021   0.0044
2003.5209     -0.0492     -0.0612      0.0055      0.0016   0.0021   0.0044
2003.5236     -0.0523     -0.0626     -0.0051      0.0016   0.0021   0.0045
2003.5264     -0.0514     -0.0615      0.0050      0.0017   0.0021   0.0045
2003.5291     -0.0499     -0.0602     -0.0108      0.0017   0.0022   0.0046
2003.5346     -0.0526     -0.0607      0.0004      0.0016   0.0021   0.0044
2003.5373     -0.0536     -0.0591     -0.0071      0.0016   0.0021   0.0045
2003.5400     -0.0520     -0.0617      0.0005      0.0016   0.0021   0.0045
2003.5455     -0.0525     -0.0605     -0.0029      0.0016   0.0020   0.0044
2003.5510     -0.0478     -0.0623      0.0017      0.0017   0.0021   0.0046
2003.5565     -0.0502     -0.0613      0.0009      0.0019   0.0025   0.0052
2003.5592     -0.0473     -0.0603      0.0014      0.0016   0.0020   0.0044
2003.7563     -0.0483     -0.0590     -0.0149      0.0017   0.0021   0.0045
2003.7591     -0.0494     -0.0587     -0.0299      0.0016   0.0021   0.0045
2004.5695     -0.0360     -0.0516     -0.0078      0.0019   0.0025   0.0052
2004.5749     -0.0389     -0.0464     -0.0195      0.0017   0.0023   0.0049
2004.5859     -0.0435     -0.0474     -0.0226      0.0022   0.0029   0.0062
2004.5941     -0.0366     -0.0496     -0.0040      0.0018   0.0023   0.0049
2004.5969     -0.0392     -0.0458     -0.0189      0.0017   0.0022   0.0048
2004.5996     -0.0414     -0.0471     -0.0071      0.0018   0.0024   0.0050
2004.6023     -0.0402     -0.0483     -0.0139      0.0018   0.0023   0.0050
2004.6051     -0.0423     -0.0483     -0.0123      0.0018   0.0023   0.0049
2004.6078     -0.0428     -0.0469     -0.0257      0.0017   0.0023   0.0049
2004.6105     -0.0397     -0.0471     -0.0118      0.0017   0.0022   0.0047
2004.6133     -0.0392     -0.0465      0.0002      0.0017   0.0023   0.0049
2004.6160     -0.0399     -0.0477      0.0010      0.0017   0.0023   0.0049
2004.6188     -0.0419     -0.0472     -0.0115      0.0017   0.0022   0.0048
2004.6297     -0.0387     -0.0478     -0.0060      0.0017   0.0022   0.0047
2004.6352     -0.0370     -0.0476     -0.0220      0.0022   0.0029   0.0061
2004.6379     -0.0379     -0.0464     -0.0051      0.0018   0.0023   0.0050
2004.6407     -0.0375     -0.0468     -0.0097      0.0017   0.0022   0.0048
2004.6434     -0.0378     -0.0473     -0.0093      0.0017   0.0022   0.0047
2004.6461     -0.0396     -0.0495     -0.0097      0.0017   0.0022   0.0047
2004.6489     -0.0360     -0.0502     -0.0083      0.0018   0.0023   0.0050
2004.6516     -0.0365     -0.0450      0.0017      0.0017   0.0022   0.0048
2004.6543     -0.0385     -0.0472     -0.0070      0.0018   0.0023   0.0049
2004.6571     -0.0347     -0.0471     -0.0155      0.0018   0.0023   0.0050
2004.6598     -0.0350     -0.0471     -0.0100      0.0018   0.0023   0.0050
2004.6626     -0.0389     -0.0441     -0.0036      0.0017   0.0022   0.0048
2004.6653     -0.0359     -0.0475     -0.0149      0.0017   0.0023   0.0048
2004.6680     -0.0392     -0.0476     -0.0166      0.0017   0.0022   0.0049
2004.6708     -0.0362     -0.0463     -0.0017      0.0017   0.0022   0.0048
2004.6735     -0.0313     -0.0468      0.0001      0.0017   0.0022   0.0048
2004.6762     -0.0383     -0.0494     -0.0161      0.0017   0.0022   0.0047
2004.6790     -0.0401     -0.0478     -0.0115      0.0018   0.0023   0.0049
2004.6817     -0.0358     -0.0478     -0.0039      0.0017   0.0022   0.0048
2004.6845     -0.0366     -0.0459     -0.0120      0.0017   0.0022   0.0047
2004.6872     -0.0393     -0.0504     -0.0171      0.0018   0.0023   0.0050
2004.6899     -0.0364     -0.0468     -0.0150      0.0017   0.0022   0.0047
2004.6927     -0.0348     -0.0473     -0.0242      0.0017   0.0022   0.0046
2004.6954     -0.0403     -0.0465     -0.0071      0.0017   0.0022   0.0047
2004.6982     -0.0364     -0.0470     -0.0116      0.0016   0.0021   0.0046
2004.7009     -0.0371     -0.0487     -0.0030      0.0017   0.0022   0.0048
2004.7036     -0.0386     -0.0481     -0.0121      0.0017   0.0022   0.0048
2004.7064     -0.0405     -0.0478     -0.0178      0.0017   0.0023   0.0049
2004.7091     -0.0398     -0.0477     -0.0056      0.0018   0.0023   0.0049
2004.7118     -0.0363     -0.0462     -0.0158      0.0018   0.0022   0.0048
2004.7255     -0.0328     -0.0493     -0.0013      0.0018   0.0023   0.0049
2004.7283     -0.0388     -0.0465     -0.0120      0.0017   0.0022   0.0047
2004.7420     -0.0357     -0.0488     -0.0021      0.0023   0.0029   0.0062
2004.7474     -0.0381     -0.0471     -0.0073      0.0021   0.0029   0.0060
2004.7529     -0.0380     -0.0435     -0.0061      0.0018   0.0023   0.0049
2004.7556     -0.0369     -0.0448     -0.0054      0.0017   0.0022   0.0047
2004.7584     -0.0360     -0.0462     -0.0110      0.0017   0.0022   0.0047
2004.7611     -0.0313     -0.0457     -0.0060      0.0017   0.0022   0.0048
2004.7639     -0.0371     -0.0458     -0.0141      0.0018   0.0023   0.0050
2004.7666     -0.0395     -0.0591      0.0280      0.0024   0.0032   0.0069
2004.7693     -0.0364     -0.0452     -0.0078      0.0018   0.0022   0.0048
2004.7775     -0.0360     -0.0409     -0.0166      0.0022   0.0028   0.0061
2004.7803     -0.0370     -0.0420     -0.0224      0.0017   0.0022   0.0047
2004.7830     -0.0394     -0.0445     -0.0143      0.0017   0.0022   0.0047
2004.7858     -0.0381     -0.0444     -0.0158      0.0017   0.0022   0.0048
2004.7885     -0.0385     -0.0466     -0.0075      0.0018   0.0023   0.0049
2004.7912     -0.0379     -0.0444      0.0032      0.0017   0.0022   0.0048
2004.7940     -0.0373     -0.0500     -0.0098      0.0017   0.0023   0.0049
2004.7967     -0.0366     -0.0465     -0.0097      0.0017   0.0022   0.0048
2004.8022     -0.0357     -0.0442     -0.0228      0.0018   0.0023   0.0049
2004.8049     -0.0354     -0.0453     -0.0115      0.0017   0.0022   0.0048
2004.8077     -0.0351     -0.0446     -0.0075      0.0018   0.0022   0.0048
2004.8159     -0.0345     -0.0425     -0.0125      0.0020   0.0027   0.0056
2004.8186     -0.0359     -0.0442     -0.0103      0.0017   0.0022   0.0048
2004.8241     -0.0334     -0.0449     -0.0022      0.0018   0.0023   0.0050
2004.8268     -0.0350     -0.0437     -0.0253      0.0017   0.0023   0.0048
2004.8296     -0.0387     -0.0460     -0.0093      0.0018   0.0023   0.0049
2004.8323     -0.0357     -0.0434     -0.0232      0.0018   0.0022   0.0048
2004.8350     -0.0342     -0.0439     -0.0105      0.0017   0.0022   0.0048
2004.8378     -0.0373     -0.0437     -0.0223      0.0018   0.0023   0.0049
2004.8405     -0.0360     -0.0449     -0.0111      0.0018   0.0023   0.0048
2004.8487     -0.0359     -0.0463     -0.0162      0.0017   0.0023   0.0048
2004.8515     -0.0338     -0.0443     -0.0141      0.0018   0.0023   0.0049
2004.8542     -0.0314     -0.0409     -0.0049      0.0023   0.0028   0.0061
2004.8569     -0.0356     -0.0414     -0.0076      0.0018   0.0023   0.0049
2004.8597     -0.0333     -0.0428     -0.0133      0.0017   0.0023   0.0048
2004.8624     -0.0362     -0.0420     -0.0118      0.0017   0.0022   0.0047
2004.8679     -0.0334     -0.0400     -0.0113      0.0017   0.0022   0.0048
2004.8706     -0.0371     -0.0425     -0.0176      0.0018   0.0022   0.0048
2004.8761     -0.0336     -0.0369     -0.0005      0.0020   0.0026   0.0055
2004.8843     -0.0351     -0.0430     -0.0175      0.0017   0.0022   0.0047
2004.8871     -0.0364     -0.0414     -0.0183      0.0017   0.0022   0.0047
2004.9856     -0.0296     -0.0402     -0.0145      0.0016   0.0020   0.0044
2004.9884     -0.0301     -0.0398     -0.0140      0.0016   0.0021   0.0045
2004.9911     -0.0299     -0.0419     -0.0126      0.0016   0.0021   0.0045
2004.9938     -0.0299     -0.0396     -0.0087      0.0016   0.0020   0.0044
2004.9993     -0.0311     -0.0385     -0.0079      0.0016   0.0020   0.0044
2005.0021     -0.0294     -0.0400     -0.0022      0.0016   0.0020   0.0043
2005.0103     -0.0310     -0.0370     -0.0127      0.0016   0.0020   0.0044
2005.0130     -0.0317     -0.0417     -0.0111      0.0016   0.0020   0.0044
2005.0157     -0.0317     -0.0402     -0.0031      0.0016   0.0020   0.0044
2005.0185     -0.0326     -0.0394     -0.0056      0.0016   0.0020   0.0044
2005.0240     -0.0278     -0.0418     -0.0025      0.0016   0.0020   0.0042
2005.0267     -0.0297     -0.0414     -0.0086      0.0016   0.0020   0.0044
2005.0294     -0.0310     -0.0416     -0.0044      0.0016   0.0020   0.0043
2005.0322     -0.0284     -0.0402     -0.0098      0.0016   0.0020   0.0043
2005.0349     -0.0321     -0.0411     -0.0030      0.0016   0.0020   0.0043
2005.0376     -0.0303     -0.0388     -0.0078      0.0016   0.0020   0.0044
2005.0431     -0.0307     -0.0376     -0.0085      0.0016   0.0020   0.0043
2005.0459     -0.0288     -0.0414     -0.0108      0.0016   0.0020   0.0044
2005.0486     -0.0318     -0.0399     -0.0099      0.0016   0.0020   0.0044
2005.0513     -0.0296     -0.0398     -0.0055      0.0016   0.0021   0.0044
2005.0541     -0.0288     -0.0410     -0.0067      0.0016   0.0020   0.0044
2005.0595     -0.0305     -0.0395     -0.0089      0.0016   0.0020   0.0043
2005.0623     -0.0326     -0.0370     -0.0145      0.0016   0.0020   0.0044
2005.0678     -0.0317     -0.0392     -0.0048      0.0016   0.0020   0.0043
2005.0705     -0.0311     -0.0384     -0.0015      0.0016   0.0020   0.0043
2005.0732     -0.0318     -0.0408     -0.0016      0.0016   0.0020   0.0044
2005.0760     -0.0322     -0.0407     -0.0099      0.0016   0.0020   0.0043
2005.0787     -0.0323     -0.0409     -0.0044      0.0016   0.0020   0.0043
2005.0815     -0.0301     -0.0406     -0.0050      0.0016   0.0020   0.0044
2005.0842     -0.0303     -0.0392     -0.0014      0.0016   0.0020   0.0043
2005.0869     -0.0335     -0.0412     -0.0088      0.0016   0.0020   0.0043
2005.0897     -0.0333     -0.0416     -0.0032      0.0022   0.0028   0.0060
2005.0951     -0.0305     -0.0397     -0.0032      0.0015   0.0020   0.0042
2005.0979     -0.0313     -0.0401     -0.0064      0.0016   0.0020   0.0043
2005.1006     -0.0306     -0.0418     -0.0040      0.0015   0.0020   0.0042
2005.1034     -0.0318     -0.0401     -0.0035      0.0016   0.0020   0.0043
2005.1061     -0.0293     -0.0410     -0.0035      0.0016   0.0020   0.0043
2005.1088     -0.0307     -0.0413     -0.0058      0.0016   0.0020   0.0043
2005.1116     -0.0318     -0.0408     -0.0049      0.0016   0.0020   0.0043
2005.1143     -0.0318     -0.0396     -0.0104      0.0015   0.0020   0.0042
2005.1170     -0.0309     -0.0410     -0.0106      0.0016   0.0020   0.0043
2005.1198     -0.0326     -0.0399     -0.0081      0.0016   0.0020   0.0043
2005.1225     -0.0330     -0.0396     -0.0108      0.0016   0.0020   0.0042
2005.1253     -0.0313     -0.0370     -0.0023      0.0016   0.0020   0.0043
2005.1280     -0.0304     -0.0395     -0.0008      0.0016   0.0020   0.0043
2005.1307     -0.0320     -0.0410     -0.0003      0.0016   0.0021   0.0044
2005.1992     -0.0315     -0.0376      0.0020      0.0016   0.0021   0.0044
2005.2019     -0.0317     -0.0374      0.0017      0.0016   0.0021   0.0045
2005.2047     -0.0307     -0.0379     -0.0070      0.0017   0.0021   0.0046
2005.2074     -0.0306     -0.0374     -0.0004      0.0016   0.0020   0.0044
2005.2101     -0.0304     -0.0368     -0.0001      0.0016   0.0020   0.0044
2005.2129     -0.0308     -0.0386     -0.0057      0.0016   0.0021   0.0044
2005.2156     -0.0309     -0.0385      0.0005      0.0016   0.0021   0.0044
2005.2183     -0.0298     -0.0395     -0.0000      0.0016   0.0020   0.0044
2005.2211     -0.0304     -0.0372      0.0025      0.0016   0.0020   0.0043
2005.2238     -0.0300     -0.0374      0.0026      0.0016   0.0020   0.0044
2005.2266     -0.0301     -0.0383      0.0093      0.0016   0.0021   0.0045
2005.2293     -0.0334     -0.0394      0.0034      0.0016   0.0021   0.0045
2005.2320     -0.0313     -0.0373     -0.0061      0.0016   0.0021   0.0045
2005.2348     -0.0320     -0.0376     -0.0109      0.0017   0.0021   0.0045
2005.2375     -0.0289     -0.0404      0.0087      0.0016   0.0021   0.0044
2005.2402     -0.0280     -0.0405      0.0001      0.0017   0.0021   0.0046
2005.2430     -0.0318     -0.0378     -0.0093      0.0016   0.0021   0.0045
2005.2457     -0.0317     -0.0417      0.0104      0.0021   0.0027   0.0057
2005.2485     -0.0291     -0.0397      0.0006      0.0016   0.0021   0.0044
2005.2539     -0.0333     -0.0380     -0.0071      0.0016   0.0021   0.0044
2005.2567     -0.0324     -0.0391     -0.0038      0.0016   0.0020   0.0044
2005.2594     -0.0305     -0.0375      0.0033      0.0016   0.0020   0.0044
2005.2621     -0.0309     -0.0403     -0.0034      0.0016   0.0021   0.0044
2005.2649     -0.0344     -0.0376      0.0249      0.0022   0.0028   0.0059
2005.2676     -0.0298     -0.0379      0.0051      0.0016   0.0021   0.0045
2005.2704     -0.0318     -0.0376      0.0001      0.0016   0.0020   0.0044
2005.2731     -0.0291     -0.0384      0.0055      0.0016   0.0021   0.0044
2005.2758     -0.0315     -0.0384      0.0049      0.0017   0.0021   0.0044
2005.2786     -0.0301     -0.0395     -0.0077      0.0016   0.0021   0.0044
2005.2813     -0.0311     -0.0374     -0.0026      0.0016   0.0020   0.0044
2005.2841     -0.0314     -0.0374     -0.0096      0.0017   0.0022   0.0046
2005.2868     -0.0297     -0.0368      0.0023      0.0017   0.0021   0.0045
2005.2895     -0.0308     -0.0397      0.0050      0.0016   0.0021   0.0045
2005.2950     -0.0275     -0.0384     -0.0044      0.0016   0.0021   0.0044
2005.3087     -0.0300     -0.0367      0.0019      0.0016   0.0020   0.0044
2005.3114     -0.0288     -0.0362      0.0012      0.0016   0.0021   0.0045
2005.3142     -0.0299     -0.0358     -0.0040      0.0016   0.0021   0.0044
2005.3169     -0.0305     -0.0347      0.0005      0.0016   0.0021   0.0045
2005.3196     -0.0311     -0.0377     -0.0067      0.0016   0.0021   0.0044
2005.3251     -0.0306     -0.0396     -0.0043      0.0017   0.0021   0.0046
2005.3279     -0.0305     -0.0415      0.0135      0.0017   0.0021   0.0045
2005.3306     -0.0294     -0.0365     -0.0050      0.0016   0.0021   0.0045
2005.3333     -0.0317     -0.0380      0.0010      0.0016   0.0020   0.0044
2005.3388     -0.0286     -0.0391     -0.0002      0.0016   0.0020   0.0044
2005.3415     -0.0310     -0.0396     -0.0088      0.0016   0.0020   0.0044
2005.3443     -0.0302     -0.0360     -0.0047      0.0016   0.0020   0.0044
2005.3470     -0.0307     -0.0390     -0.0091      0.0016   0.0020   0.0044
2005.3498     -0.0316     -0.0377     -0.0086      0.0017   0.0021   0.0045
2005.3525     -0.0320     -0.0373     -0.0060      0.0016   0.0020   0.0044
2005.3552     -0.0315     -0.0345     -0.0082      0.0016   0.0021   0.0045
2005.3580     -0.0316     -0.0381     -0.0071      0.0016   0.0020   0.0044
2005.3634     -0.0319     -0.0388     -0.0102      0.0017   0.0021   0.0045
2005.3689     -0.0306     -0.0375     -0.0034      0.0016   0.0020   0.0044
2005.3717     -0.0330     -0.0354      0.0006      0.0016   0.0021   0.0044
2005.3771     -0.0315     -0.0387     -0.0069      0.0016   0.0021   0.0046
2005.3799     -0.0310     -0.0377     -0.0071      0.0016   0.0020   0.0044
2005.3826     -0.0295     -0.0381     -0.0036      0.0016   0.0021   0.0045
2005.3854     -0.0313     -0.0368     -0.0128      0.0016   0.0021   0.0044
2005.3908     -0.0354     -0.0383     -0.0112      0.0016   0.0021   0.0045
2005.3936     -0.0309     -0.0358     -0.0013      0.0016   0.0021   0.0044
2005.3963     -0.0317     -0.0370     -0.0103      0.0016   0.0021   0.0045
2005.3990     -0.0303     -0.0346     -0.0052      0.0016   0.0020   0.0044
2005.4073     -0.0335     -0.0356     -0.0057      0.0016   0.0021   0.0044
2005.4100     -0.0313     -0.0355     -0.0037      0.0016   0.0020   0.0044
2005.4127     -0.0283     -0.0370     -0.0001      0.0016   0.0021   0.0045
2005.4155     -0.0300     -0.0352     -0.0095      0.0016   0.0020   0.0044
2005.4182     -0.0315     -0.0370     -0.0081      0.0016   0.0020   0.0043
2005.4209     -0.0317     -0.0385     -0.0051      0.0016   0.0020   0.0044
2005.4237     -0.0325     -0.0414     -0.0072      0.0016   0.0020   0.0043
2005.4264     -0.0282     -0.0380     -0.0005      0.0016   0.0020   0.0044
2005.4292     -0.0284     -0.0365     -0.0071      0.0016   0.0020   0.0043
2005.4319     -0.0314     -0.0363     -0.0060      0.0016   0.0020   0.0043
2005.4346     -0.0317     -0.0364     -0.0015      0.0016   0.0020   0.0043
2005.4374     -0.0303     -0.0373     -0.0101      0.0016   0.0020   0.0044
2005.4401     -0.0305     -0.0372     -0.0112      0.0016   0.0020   0.0044
2005.4428     -0.0288     -0.0365     -0.0072      0.0016   0.0020   0.0044
2005.4456     -0.0317     -0.0348     -0.0028      0.0016   0.0020   0.0043
2005.4483     -0.0315     -0.0355     -0.0052      0.0017   0.0021   0.0045
2005.4511     -0.0313     -0.0378     -0.0027      0.0016   0.0020   0.0044
2005.4538     -0.0333     -0.0382     -0.0086      0.0016   0.0020   0.0043
2005.4565     -0.0322     -0.0376     -0.0074      0.0016   0.0020   0.0044
2005.4593     -0.0307     -0.0338      0.0014      0.0016   0.0021   0.0045
2005.4620     -0.0278     -0.0351     -0.0016      0.0016   0.0021   0.0045
2005.4675     -0.0323     -0.0330     -0.0039      0.0016   0.0020   0.0044
2005.4702     -0.0313     -0.0367     -0.0057      0.0016   0.0020   0.0044
2005.4730     -0.0328     -0.0384     -0.0053      0.0016   0.0020   0.0043
2005.4757     -0.0325     -0.0366     -0.0024      0.0016   0.0020   0.0044
2005.4784     -0.0308     -0.0369     -0.0049      0.0016   0.0020   0.0044
2005.4867     -0.0282     -0.0357      0.0010      0.0016   0.0020   0.0044
2005.4894     -0.0336     -0.0336     -0.0093      0.0016   0.0020   0.0045
2005.5113     -0.0301     -0.0355     -0.0108      0.0016   0.0020   0.0043
2005.5140     -0.0312     -0.0342     -0.0173      0.0016   0.0020   0.0043
2005.5168     -0.0333     -0.0351     -0.0106      0.0016   0.0020   0.0043
2005.5250     -0.0313     -0.0344     -0.0046      0.0018   0.0023   0.0048
2005.5305     -0.0307     -0.0322     -0.0170      0.0018   0.0023   0.0050
2005.5332     -0.0323     -0.0386     -0.0270      0.0016   0.0020   0.0044
2005.5387     -0.0277     -0.0354     -0.0107      0.0018   0.0023   0.0050
2005.5414     -0.0311     -0.0370     -0.0186      0.0016   0.0021   0.0044
2005.5441     -0.0323     -0.0364     -0.0095      0.0016   0.0021   0.0044
2005.5469     -0.0283     -0.0369     -0.0120      0.0016   0.0020   0.0043
2005.5496     -0.0291     -0.0355     -0.0109      0.0016   0.0020   0.0044
2005.5524     -0.0306     -0.0369     -0.0085      0.0016   0.0020   0.0044
2005.5551     -0.0316     -0.0356     -0.0138      0.0016   0.0020   0.0044
2005.5578     -0.0308     -0.0354     -0.0122      0.0016   0.0020   0.0043
2005.5606     -0.0325     -0.0348     -0.0006      0.0016   0.0020   0.0043
2005.5633     -0.0313     -0.0347     -0.0091      0.0016   0.0020   0.0043
2005.5661     -0.0294     -0.0352     -0.0160      0.0016   0.0021   0.0044
2005.5688     -0.0314     -0.0362     -0.0072      0.0016   0.0021   0.0044
2005.5715     -0.0297     -0.0345     -0.0070      0.0016   0.0021   0.0044
2005.5743     -0.0296     -0.0374     -0.0071      0.0016   0.0020   0.0044
2005.5770     -0.0327     -0.0360     -0.0143      0.0016   0.0020   0.0044
2005.5797     -0.0321     -0.0354     -0.0077      0.0016   0.0020   0.0043
2005.5825     -0.0320     -0.0358     -0.0028      0.0016   0.0020   0.0044
2005.5852     -0.0302     -0.0366     -0.0058      0.0016   0.0020   0.0043
2005.5962     -0.0326     -0.0338     -0.0120      0.0016   0.0020   0.0044
2005.5989     -0.0296     -0.0338     -0.0139      0.0016   0.0020   0.0043
2005.6153     -0.0305     -0.0336     -0.0111      0.0016   0.0020   0.0043
2005.6181     -0.0277     -0.0362     -0.0094      0.0016   0.0020   0.0043
2005.6318     -0.0305     -0.0356     -0.0229      0.0016   0.0021   0.0044
2005.6345     -0.0308     -0.0359     -0.0175      0.0016   0.0020   0.0043
2005.6400     -0.0311     -0.0359     -0.0190      0.0016   0.0020   0.0043
2005.6454     -0.0288     -0.0347     -0.0188      0.0016   0.0020   0.0044
2005.6509     -0.0297     -0.0378     -0.0095      0.0016   0.0021   0.0044
2005.6537     -0.0293     -0.0349     -0.0110      0.0016   0.0020   0.0043
2005.6564     -0.0262     -0.0369     -0.0074      0.0016   0.0020   0.0044
2005.6619     -0.0280     -0.0384     -0.0097      0.0016   0.0021   0.0045
2005.6646     -0.0272     -0.0376     -0.0125      0.0016   0.0021   0.0044
2005.6674     -0.0274     -0.0371     -0.0109      0.0016   0.0021   0.0044
2005.6701     -0.0276     -0.0355     -0.0095      0.0016   0.0021   0.0044
2005.6810     -0.0294     -0.0355     -0.0075      0.0016   0.0021   0.0045
2005.6838     -0.0265     -0.0361     -0.0057      0.0016   0.0021   0.0044
2005.9247     -0.0248     -0.0295     -0.0062      0.0016   0.0020   0.0043
2005.9274     -0.0226     -0.0296     -0.0027      0.0016   0.0021   0.0045
2005.9302     -0.0224     -0.0304     -0.0150      0.0016   0.0021   0.0046
2005.9329     -0.0235     -0.0304     -0.0154      0.0016   0.0020   0.0044
2005.9357     -0.0238     -0.0272     -0.0090      0.0016   0.0020   0.0043
2005.9493     -0.0225     -0.0283     -0.0114      0.0015   0.0020   0.0043
2005.9548     -0.0224     -0.0324     -0.0025      0.0016   0.0021   0.0046
2006.0342     -0.0244     -0.0274     -0.0094      0.0021   0.0027   0.0056
2006.0370     -0.0224     -0.0271     -0.0045      0.0016   0.0020   0.0043
2006.0397     -0.0235     -0.0243     -0.0060      0.0016   0.0020   0.0043
2006.0424     -0.0247     -0.0262     -0.0061      0.0016   0.0020   0.0043
2006.0452     -0.0246     -0.0283     -0.0102      0.0016   0.0021   0.0044
2006.0479     -0.0228     -0.0266     -0.0088      0.0016   0.0020   0.0043
2006.0507     -0.0212     -0.0266     -0.0083      0.0016   0.0021   0.0043
2006.0534     -0.0186     -0.0268     -0.0084      0.0016   0.0020   0.0042
2006.0561     -0.0215     -0.0272     -0.0011      0.0015   0.0020   0.0042
2006.0589     -0.0214     -0.0258     -0.0134      0.0016   0.0020   0.0043
2006.0616     -0.0218     -0.0264     -0.0034      0.0015   0.0020   0.0042
2006.0643     -0.0236     -0.0281     -0.0001      0.0016   0.0020   0.0043
2006.0726     -0.0239     -0.0280     -0.0070      0.0015   0.0020   0.0042
2006.0780     -0.0233     -0.0273     -0.0065      0.0016   0.0020   0.0042
2006.0808     -0.0212     -0.0287     -0.0037      0.0015   0.0020   0.0042
2006.0835     -0.0229     -0.0268     -0.0040      0.0015   0.0019   0.0042
2006.0862     -0.0207     -0.0292     -0.0062      0.0015   0.0020   0.0043
2006.0890     -0.0216     -0.0274     -0.0011      0.0015   0.0020   0.0042
2006.0917     -0.0243     -0.0284     -0.0020      0.0015   0.0020   0.0042
2006.0945     -0.0226     -0.0278     -0.0051      0.0015   0.0020   0.0042
2006.0972     -0.0219     -0.0301     -0.0110      0.0016   0.0020   0.0043
2006.0999     -0.0215     -0.0272     -0.0059      0.0016   0.0020   0.0043
2006.1027     -0.0229     -0.0274     -0.0032      0.0015   0.0020   0.0042
2006.1081     -0.0233     -0.0268      0.0000      0.0015   0.0020   0.0042
2006.1109     -0.0234     -0.0253     -0.0038      0.0016   0.0020   0.0043
2006.1136     -0.0246     -0.0270     -0.0062      0.0015   0.0020   0.0042
2006.1191     -0.0247     -0.0267     -0.0099      0.0015   0.0020   0.0042
2006.1246     -0.0223     -0.0263     -0.0099      0.0015   0.0020   0.0042
2006.1273     -0.0240     -0.0262     -0.0065      0.0015   0.0020   0.0042
2006.1300     -0.0215     -0.0260     -0.0064      0.0016   0.0020   0.0043
2006.1328     -0.0216     -0.0264     -0.0043      0.0016   0.0020   0.0043
2006.1355     -0.0196     -0.0273     -0.0062      0.0015   0.0020   0.0043
2006.1410     -0.0226     -0.0268     -0.0086      0.0015   0.0020   0.0042
2006.1437     -0.0232     -0.0288      0.0031      0.0015   0.0020   0.0043
2006.1465     -0.0210     -0.0268     -0.0012      0.0015   0.0020   0.0042
2006.1492     -0.0217     -0.0248     -0.0086      0.0015   0.0020   0.0042
2006.1520     -0.0211     -0.0259     -0.0024      0.0015   0.0020   0.0042
2006.1547     -0.0208     -0.0265      0.0011      0.0015   0.0020   0.0042
2006.1574     -0.0230     -0.0258     -0.0009      0.0015   0.0020   0.0042
2006.1602     -0.0229     -0.0256     -0.0054      0.0015   0.0020   0.0042
2006.1629     -0.0244     -0.0244     -0.0001      0.0016   0.0020   0.0043
2006.1656     -0.0229     -0.0271      0.0008      0.0015   0.0020   0.0042
2006.1684     -0.0245     -0.0265      0.0003      0.0016   0.0020   0.0043
2006.1711     -0.0208     -0.0252     -0.0046      0.0016   0.0020   0.0043
2006.1739     -0.0194     -0.0257     -0.0058      0.0016   0.0020   0.0043
2006.1793     -0.0213     -0.0262     -0.0074      0.0015   0.0020   0.0042
2006.1930     -0.0211     -0.0255     -0.0123      0.0016   0.0020   0.0043
2006.1958     -0.0219     -0.0282     -0.0017      0.0016   0.0020   0.0043
2006.1985     -0.0221     -0.0275     -0.0022      0.0016   0.0020   0.0043
2006.2012     -0.0211     -0.0266     -0.0023      0.0016   0.0020   0.0044
2006.2040     -0.0223     -0.0249      0.0007      0.0016   0.0021   0.0044
2006.2067     -0.0224     -0.0250      0.0004      0.0016   0.0020   0.0043
2006.2094     -0.0212     -0.0263      0.0000      0.0016   0.0020   0.0043
2006.2122     -0.0228     -0.0258      0.0047      0.0016   0.0020   0.0044
2006.2149     -0.0208     -0.0250     -0.0023      0.0016   0.0020   0.0044
2006.2177     -0.0223     -0.0260      0.0007      0.0016   0.0020   0.0042
2006.2204     -0.0195     -0.0251     -0.0011      0.0016   0.0020   0.0043
2006.2231     -0.0199     -0.0253      0.0020      0.0016   0.0021   0.0044
2006.2259     -0.0227     -0.0266      0.0054      0.0016   0.0020   0.0043
2006.2286     -0.0235     -0.0234     -0.0037      0.0016   0.0020   0.0043
2006.2313     -0.0201     -0.0225      0.0066      0.0016   0.0020   0.0043
2006.2341     -0.0236     -0.0264     -0.0030      0.0016   0.0020   0.0043
2006.2368     -0.0214     -0.0256      0.0017      0.0015   0.0020   0.0042
2006.2396     -0.0237     -0.0260      0.0016      0.0015   0.0020   0.0042
2006.5133     -0.0201     -0.0212     -0.0117      0.0016   0.0020   0.0043
2006.5161     -0.0209     -0.0223     -0.0124      0.0016   0.0020   0.0043
2006.5188     -0.0225     -0.0227     -0.0161      0.0016   0.0020   0.0043
2006.5216     -0.0224     -0.0230     -0.0160      0.0016   0.0021   0.0043
2006.5243     -0.0216     -0.0198     -0.0153      0.0016   0.0020   0.0043
2006.5270     -0.0207     -0.0238     -0.0137      0.0016   0.0020   0.0043
2006.5298     -0.0206     -0.0226     -0.0105      0.0016   0.0020   0.0042
2006.5325     -0.0220     -0.0222     -0.0059      0.0016   0.0020   0.0043
2006.5352     -0.0225     -0.0230     -0.0067      0.0016   0.0020   0.0043
2006.5380     -0.0209     -0.0226     -0.0120      0.0016   0.0020   0.0043
2006.5407     -0.0233     -0.0213     -0.0119      0.0016   0.0020   0.0044
2006.5435     -0.0197     -0.0249     -0.0144      0.0016   0.0020   0.0043
2006.5818     -0.0226     -0.0213     -0.0087      0.0016   0.0020   0.0043
2006.5845     -0.0219     -0.0235      0.0037      0.0016   0.0020   0.0043
2006.5900     -0.0222     -0.0230     -0.0131      0.0016   0.0021   0.0044
2006.5927     -0.0202     -0.0222     -0.0199      0.0016   0.0021   0.0045
2006.5955     -0.0214     -0.0207     -0.0046      0.0016   0.0020   0.0044
2006.5982     -0.0190     -0.0231     -0.0042      0.0016   0.0020   0.0044
2006.6010     -0.0218     -0.0241     -0.0115      0.0016   0.0020   0.0043
2006.6037     -0.0225     -0.0235      0.0044      0.0016   0.0020   0.0043
2006.6064     -0.0217     -0.0192     -0.0073      0.0015   0.0020   0.0042
2006.6092     -0.0209     -0.0191     -0.0036      0.0016   0.0020   0.0043
2006.6119     -0.0195     -0.0220     -0.0167      0.0016   0.0020   0.0043
2006.6146     -0.0211     -0.0218     -0.0058      0.0016   0.0020   0.0043
2006.6174     -0.0197     -0.0232     -0.0101      0.0016   0.0020   0.0043
2006.7324     -0.0190     -0.0176     -0.0076      0.0028   0.0036   0.0072
2006.7351     -0.0180     -0.0195     -0.0137      0.0018   0.0023   0.0050
2006.7488     -0.0153     -0.0227      0.0064      0.0018   0.0023   0.0049
2006.7707     -0.0203     -0.0186      0.0053      0.0021   0.0028   0.0059
2006.7762     -0.0118     -0.0151     -0.0093      0.0021   0.0027   0.0057
2006.8200     -0.0135     -0.0192     -0.0251      0.0017   0.0021   0.0046
2006.8227     -0.0132     -0.0162     -0.0024      0.0016   0.0020   0.0044
2006.8255     -0.0168     -0.0198     -0.0131      0.0017   0.0021   0.0045
2006.8282     -0.0154     -0.0203     -0.0099      0.0016   0.0020   0.0044
2006.8309     -0.0148     -0.0149     -0.0052      0.0018   0.0023   0.0050
2006.8392     -0.0186     -0.0173     -0.0042      0.0016   0.0021   0.0044
2006.8419     -0.0151     -0.0203     -0.0015      0.0016   0.0021   0.0045
2006.8446     -0.0185     -0.0176     -0.0052      0.0016   0.0020   0.0044
2006.8474     -0.0173     -0.0190     -0.0083      0.0016   0.0020   0.0043
2006.8501     -0.0156     -0.0178     -0.0112      0.0016   0.0021   0.0045
2006.8528     -0.0158     -0.0162     -0.0078      0.0016   0.0021   0.0045
2006.8583     -0.0179     -0.0162     -0.0081      0.0016   0.0021   0.0045
2006.8611     -0.0140     -0.0176     -0.0068      0.0017   0.0021   0.0046
2006.8638     -0.0179     -0.0185     -0.0080      0.0016   0.0021   0.0045
2006.8665     -0.0182     -0.0177     -0.0170      0.0016   0.0021   0.0045
2006.8693     -0.0190     -0.0198     -0.0047      0.0016   0.0021   0.0045
2006.8884     -0.0181     -0.0164     -0.0136      0.0016   0.0020   0.0045
2006.8912     -0.0158     -0.0177     -0.0141      0.0016   0.0020   0.0043
2006.8939     -0.0161     -0.0203     -0.0030      0.0016   0.0020   0.0044
2006.8966     -0.0126     -0.0179     -0.0024      0.0016   0.0020   0.0044
2006.8994     -0.0137     -0.0172     -0.0071      0.0016   0.0020   0.0043
2006.9021     -0.0139     -0.0157     -0.0127      0.0015   0.0020   0.0043
2006.9049     -0.0135     -0.0167     -0.0129      0.0016   0.0020   0.0043
2006.9103     -0.0162     -0.0171     -0.0240      0.0022   0.0028   0.0060
2006.9131     -0.0147     -0.0169     -0.0116      0.0016   0.0020   0.0044
2006.9158     -0.0140     -0.0180     -0.0079      0.0016   0.0020   0.0043
2006.9185     -0.0161     -0.0197     -0.0059      0.0016   0.0020   0.0043
2006.9213     -0.0128     -0.0169     -0.0102      0.0016   0.0020   0.0044
2006.9240     -0.0126     -0.0165     -0.0118      0.0016   0.0020   0.0042
2006.9268     -0.0145     -0.0179     -0.0071      0.0016   0.0020   0.0043
2006.9295     -0.0145     -0.0180      0.0006      0.0016   0.0020   0.0044
2006.9322     -0.0149     -0.0182     -0.0055      0.0016   0.0020   0.0043
2006.9350     -0.0147     -0.0199     -0.0103      0.0016   0.0020   0.0044
2006.9377     -0.0138     -0.0175     -0.0112      0.0016   0.0020   0.0044
2006.9405     -0.0159     -0.0183     -0.0149      0.0016   0.0021   0.0044
2006.9432     -0.0146     -0.0177     -0.0037      0.0016   0.0020   0.0043
2006.9459     -0.0146     -0.0196     -0.0117      0.0016   0.0020   0.0044
2006.9487     -0.0166     -0.0202     -0.0181      0.0016   0.0020   0.0044
2006.9514     -0.0131     -0.0236      0.0035      0.0016   0.0020   0.0045
2006.9541     -0.0140     -0.0148     -0.0105      0.0017   0.0022   0.0046
2006.9569     -0.0135     -0.0183     -0.0146      0.0016   0.0020   0.0043
2006.9596     -0.0140     -0.0168     -0.0176      0.0016   0.0020   0.0043
2006.9624     -0.0133     -0.0159     -0.0107      0.0016   0.0020   0.0043
2006.9651     -0.0135     -0.0164     -0.0121      0.0016   0.0020   0.0044
2006.9678     -0.0149     -0.0183     -0.0105      0.0016   0.0020   0.0043
2006.9706     -0.0149     -0.0178     -0.0075      0.0016   0.0020   0.0042
2006.9733     -0.0142     -0.0161     -0.0054      0.0016   0.0020   0.0043
2006.9760     -0.0145     -0.0171     -0.0096      0.0016   0.0020   0.0043
2006.9788     -0.0163     -0.0175     -0.0146      0.0016   0.0020   0.0043
2006.9815     -0.0132     -0.0159     -0.0072      0.0016   0.0020   0.0043
2006.9843     -0.0132     -0.0160     -0.0089      0.0016   0.0020   0.0044
2006.9870     -0.0141     -0.0158     -0.0138      0.0016   0.0020   0.0044
2006.9897     -0.0146     -0.0167     -0.0035      0.0016   0.0020   0.0044
2007.0062     -0.0158     -0.0153     -0.0139      0.0016   0.0020   0.0044
2007.0089     -0.0149     -0.0166     -0.0042      0.0016   0.0020   0.0043
2007.0116     -0.0135     -0.0148     -0.0081      0.0016   0.0020   0.0043
2007.0144     -0.0128     -0.0186     -0.0090      0.0016   0.0020   0.0043
2007.0171     -0.0131     -0.0151     -0.0084      0.0016   0.0020   0.0043
2007.0198     -0.0115     -0.0163     -0.0044      0.0016   0.0020   0.0043
2007.0226     -0.0105     -0.0155     -0.0075      0.0016   0.0020   0.0043
2007.0253     -0.0121     -0.0155     -0.0033      0.0016   0.0020   0.0043
2007.0281     -0.0116     -0.0158     -0.0097      0.0016   0.0020   0.0043
2007.0308     -0.0117     -0.0139     -0.0063      0.0016   0.0020   0.0043
2007.0335     -0.0131     -0.0174     -0.0085      0.0016   0.0020   0.0043
2007.0363     -0.0119     -0.0163     -0.0038      0.0015   0.0020   0.0043
2007.0390     -0.0114     -0.0156     -0.0041      0.0016   0.0020   0.0043
2007.0418     -0.0114     -0.0142     -0.0052      0.0016   0.0020   0.0043
2007.0445     -0.0130     -0.0148     -0.0077      0.0016   0.0020   0.0042
2007.0472     -0.0116     -0.0164     -0.0104      0.0016   0.0020   0.0043
2007.0500     -0.0115     -0.0146     -0.0028      0.0016   0.0020   0.0043
2007.0527     -0.0096     -0.0158     -0.0024      0.0016   0.0020   0.0043
2007.0554     -0.0118     -0.0149     -0.0120      0.0016   0.0020   0.0043
2007.0582     -0.0130     -0.0174     -0.0044      0.0015   0.0019   0.0042
2007.0609     -0.0115     -0.0162     -0.0024      0.0016   0.0020   0.0042
2007.0637     -0.0109     -0.0161     -0.0097      0.0015   0.0020   0.0042
2007.0664     -0.0115     -0.0160     -0.0095      0.0016   0.0020   0.0043
2007.0691     -0.0100     -0.0150     -0.0098      0.0015   0.0019   0.0042
2007.0719     -0.0103     -0.0140     -0.0048      0.0016   0.0020   0.0043
2007.0746     -0.0134     -0.0144     -0.0018      0.0016   0.0020   0.0043
2007.0773     -0.0099     -0.0138     -0.0120      0.0016   0.0020   0.0043
2007.0801     -0.0133     -0.0151     -0.0040      0.0015   0.0020   0.0042
2007.0828     -0.0116     -0.0142     -0.0044      0.0016   0.0020   0.0043
2007.0856     -0.0120     -0.0143     -0.0082      0.0016   0.0020   0.0043
2007.0883     -0.0103     -0.0152     -0.0058      0.0015   0.0020   0.0042
2007.0910     -0.0121     -0.0132     -0.0064      0.0016   0.0020   0.0043
2007.0938     -0.0142     -0.0146     -0.0015      0.0016   0.0020   0.0043
2007.0965     -0.0101     -0.0151     -0.0057      0.0015   0.0020   0.0043
2007.1102     -0.0117     -0.0160     -0.0034      0.0015   0.0020   0.0043
2007.1129     -0.0101     -0.0140     -0.0060      0.0015   0.0020   0.0043
2007.1157     -0.0127     -0.0167     -0.0030      0.0015   0.0020   0.0043
2007.1184     -0.0104     -0.0139     -0.0028      0.0015   0.0020   0.0043
2007.1211     -0.0109     -0.0158     -0.0049      0.0016   0.0020   0.0043
2007.1239     -0.0126     -0.0154     -0.0073      0.0016   0.0020   0.0044
2007.1266     -0.0117     -0.0145      0.0096      0.0016   0.0020   0.0044
2007.1294     -0.0117     -0.0158      0.0070      0.0016   0.0020   0.0044
2007.1321     -0.0115     -0.0150      0.0031      0.0016   0.0020   0.0044
2007.1348     -0.0119     -0.0139     -0.0017      0.0015   0.0020   0.0043
2007.1376     -0.0106     -0.0135     -0.0016      0.0016   0.0020   0.0043
2007.1403     -0.0129     -0.0156     -0.0020      0.0016   0.0020   0.0043
2007.1431     -0.0101     -0.0145     -0.0080      0.0016   0.0020   0.0043
2007.1485     -0.0121     -0.0122     -0.0043      0.0018   0.0022   0.0048
2007.1567     -0.0103     -0.0131      0.0002      0.0016   0.0020   0.0043
2007.1595     -0.0079     -0.0157      0.0002      0.0016   0.0020   0.0043
2007.1622     -0.0088     -0.0153      0.0027      0.0016   0.0020   0.0043
2007.1650     -0.0073     -0.0161      0.0023      0.0016   0.0020   0.0044
2007.1677     -0.0094     -0.0160      0.0008      0.0016   0.0020   0.0042
2007.1704     -0.0100     -0.0159      0.0008      0.0016   0.0020   0.0043
2007.1732     -0.0077     -0.0143     -0.0006      0.0016   0.0020   0.0043
2007.1759     -0.0104     -0.0146      0.0011      0.0016   0.0020   0.0044
2007.1786     -0.0077     -0.0143      0.0003      0.0016   0.0020   0.0044
2007.1841     -0.0096     -0.0152      0.0060      0.0016   0.0020   0.0043
2007.1869     -0.0087     -0.0149      0.0013      0.0016   0.0020   0.0043
2007.1896     -0.0088     -0.0152      0.0088      0.0016   0.0020   0.0044
2007.1923     -0.0110     -0.0129      0.0054      0.0016   0.0020   0.0044
2007.1951     -0.0121     -0.0130     -0.0022      0.0016   0.0020   0.0043
2007.1978     -0.0124     -0.0117     -0.0022      0.0015   0.0020   0.0042
2007.2005     -0.0125     -0.0153      0.0011      0.0016   0.0020   0.0043
2007.2033     -0.0092     -0.0134      0.0124      0.0016   0.0020   0.0043
2007.2060     -0.0110     -0.0137      0.0026      0.0016   0.0020   0.0043
2007.2088     -0.0105     -0.0154      0.0013      0.0016   0.0020   0.0043
2007.2115     -0.0112     -0.0156     -0.0129      0.0016   0.0020   0.0043
2007.2142     -0.0096     -0.0153     -0.0007      0.0016   0.0020   0.0043
2007.2170     -0.0089     -0.0124     -0.0055      0.0016   0.0020   0.0044
2007.2197     -0.0111     -0.0124     -0.0035      0.0016   0.0020   0.0043
2007.2225     -0.0079     -0.0121     -0.0020      0.0015   0.0020   0.0043
2007.2252     -0.0075     -0.0106     -0.0060      0.0017   0.0022   0.0048
2007.2334     -0.0103     -0.0153      0.0018      0.0020   0.0026   0.0055
2007.2361     -0.0102     -0.0123      0.0023      0.0016   0.0020   0.0043
2007.2389     -0.0093     -0.0113     -0.0087      0.0016   0.0020   0.0043
2007.2416     -0.0082     -0.0155      0.0081      0.0016   0.0020   0.0043
2007.2444     -0.0096     -0.0110     -0.0045      0.0016   0.0020   0.0043
2007.2471     -0.0114     -0.0122     -0.0016      0.0016   0.0020   0.0043
2007.2498     -0.0105     -0.0139     -0.0054      0.0016   0.0020   0.0043
2007.2526     -0.0126     -0.0129      0.0005      0.0016   0.0020   0.0043
2007.2553     -0.0104     -0.0134      0.0029      0.0016   0.0020   0.0043
2007.2580     -0.0113     -0.0157     -0.0008      0.0016   0.0020   0.0044
2007.2608     -0.0095     -0.0149     -0.0044      0.0016   0.0020   0.0044
2007.2635     -0.0131     -0.0132     -0.0059      0.0016   0.0020   0.0042
2007.2663     -0.0110     -0.0151     -0.0014      0.0016   0.0020   0.0043
2007.2690     -0.0102     -0.0129     -0.0024      0.0016   0.0020   0.0043
2007.2717     -0.0130     -0.0128     -0.0049      0.0016   0.0020   0.0044
2007.2745     -0.0114     -0.0150      0.0106      0.0016   0.0020   0.0044
2007.2772     -0.0127     -0.0112     -0.0038      0.0016   0.0020   0.0043
2007.2799     -0.0106     -0.0138      0.0056      0.0016   0.0020   0.0044
2007.2827     -0.0121     -0.0115     -0.0020      0.0016   0.0020   0.0045
2007.2854     -0.0119     -0.0124      0.0007      0.0016   0.0021   0.0044
2007.2882     -0.0121     -0.0111     -0.0068      0.0016   0.0020   0.0043
2007.2909     -0.0096     -0.0116     -0.0019      0.0016   0.0020   0.0043
2007.2936     -0.0122     -0.0128     -0.0002      0.0016   0.0020   0.0043
2007.2964     -0.0103     -0.0110      0.0004      0.0016   0.0020   0.0043
2007.2991     -0.0094     -0.0134      0.0032      0.0016   0.0020   0.0045
2007.3018     -0.0092     -0.0118     -0.0035      0.0017   0.0021   0.0046
2007.3046     -0.0131     -0.0113     -0.0188      0.0016   0.0020   0.0043
2007.3073     -0.0104     -0.0128     -0.0098      0.0016   0.0020   0.0044
2007.3101     -0.0088     -0.0130      0.0005      0.0016   0.0020   0.0044
2007.3155     -0.0104     -0.0109     -0.0120      0.0017   0.0022   0.0048
2007.3183     -0.0129     -0.0118     -0.0024      0.0021   0.0027   0.0058
2007.3210     -0.0128     -0.0138     -0.0090      0.0016   0.0020   0.0043
2007.3238     -0.0118     -0.0117     -0.0045      0.0016   0.0020   0.0043
2007.3265     -0.0148     -0.0160      0.0018      0.0016   0.0020   0.0044
2007.3292     -0.0117     -0.0111     -0.0063      0.0016   0.0020   0.0043
2007.3320     -0.0090     -0.0115     -0.0045      0.0016   0.0020   0.0043
2007.3347     -0.0107     -0.0122     -0.0100      0.0016   0.0020   0.0043
2007.3374     -0.0109     -0.0124     -0.0046      0.0015   0.0020   0.0042
2007.3402     -0.0117     -0.0115     -0.0032      0.0016   0.0020   0.0043
2007.3429     -0.0100     -0.0117     -0.0046      0.0016   0.0020   0.0043
2007.3457     -0.0119     -0.0130     -0.0029      0.0016   0.0020   0.0043
2007.3484     -0.0112     -0.0118     -0.0025      0.0015   0.0020   0.0042
2007.3511     -0.0113     -0.0128     -0.0048      0.0015   0.0020   0.0043
2007.3539     -0.0105     -0.0119     -0.0072      0.0016   0.0020   0.0043
2007.3566     -0.0108     -0.0121     -0.0108      0.0016   0.0020   0.0044
2007.3593     -0.0143     -0.0113     -0.0091      0.0016   0.0020   0.0042
2007.3621     -0.0123     -0.0144     -0.0051      0.0016   0.0020   0.0043
2007.3648     -0.0104     -0.0120     -0.0113      0.0016   0.0020   0.0043
2007.3676     -0.0125     -0.0099     -0.0050      0.0016   0.0020   0.0043
2007.3703     -0.0117     -0.0127     -0.0056      0.0016   0.0020   0.0043
2007.3730     -0.0103     -0.0102     -0.0036      0.0016   0.0020   0.0044
2007.3758     -0.0105     -0.0134     -0.0075      0.0016   0.0020   0.0043
2007.3785     -0.0111     -0.0111     -0.0097      0.0016   0.0020   0.0043
2007.3812     -0.0138     -0.0130     -0.0060      0.0016   0.0020   0.0043
2007.3840     -0.0133     -0.0110     -0.0022      0.0015   0.0020   0.0042
2007.3867     -0.0126     -0.0124      0.0007      0.0016   0.0020   0.0044
2007.3895     -0.0092     -0.0130     -0.0130      0.0016   0.0020   0.0044
2007.3949     -0.0096     -0.0095     -0.0111      0.0016   0.0020   0.0043
2007.3977     -0.0114     -0.0115     -0.0064      0.0016   0.0020   0.0043
2007.4004     -0.0088     -0.0123     -0.0145      0.0016   0.0020   0.0043
2007.4031     -0.0092     -0.0113     -0.0059      0.0016   0.0020   0.0043
2007.4059     -0.0125     -0.0102     -0.0130      0.0016   0.0020   0.0043
2007.4086     -0.0109     -0.0097     -0.0052      0.0016   0.0020   0.0043
2007.4114     -0.0120     -0.0107     -0.0144      0.0016   0.0020   0.0043
2007.4141     -0.0110     -0.0107     -0.0107      0.0016   0.0020   0.0043
2007.4168     -0.0107     -0.0121     -0.0101      0.0016   0.0020   0.0044
2007.4196     -0.0130     -0.0116     -0.0098      0.0016   0.0020   0.0043
2007.4223     -0.0134     -0.0127     -0.0033      0.0016   0.0020   0.0043
2007.4251     -0.0110     -0.0113     -0.0024      0.0016   0.0020   0.0043
2007.4278     -0.0118     -0.0099     -0.0167      0.0016   0.0020   0.0044
2007.4305     -0.0151     -0.0097     -0.0093      0.0016   0.0021   0.0045
2007.4333     -0.0107     -0.0102     -0.0132      0.0016   0.0020   0.0043
2007.4360     -0.0080     -0.0099     -0.0159      0.0016   0.0020   0.0043
2007.4387     -0.0104     -0.0113     -0.0025      0.0016   0.0020   0.0043
2007.4415     -0.0107     -0.0109     -0.0130      0.0016   0.0020   0.0043
2007.4442     -0.0109     -0.0131     -0.0119      0.0016   0.0020   0.0043
2007.4470     -0.0114     -0.0094     -0.0007      0.0016   0.0020   0.0044
2007.4497     -0.0095     -0.0110     -0.0134      0.0016   0.0020   0.0043
2007.4524     -0.0115     -0.0113     -0.0128      0.0016   0.0020   0.0043
2007.4552     -0.0102     -0.0114     -0.0178      0.0016   0.0020   0.0043
2007.4579     -0.0105     -0.0120     -0.0183      0.0016   0.0020   0.0044
2007.4606     -0.0103     -0.0106     -0.0094      0.0016   0.0020   0.0044
2007.4634     -0.0097     -0.0128     -0.0157      0.0016   0.0020   0.0043
2007.4661     -0.0113     -0.0106     -0.0115      0.0016   0.0020   0.0043
2007.4689     -0.0119     -0.0104     -0.0159      0.0016   0.0020   0.0043
2007.4716     -0.0107     -0.0102     -0.0145      0.0016   0.0020   0.0043
2007.4743     -0.0094     -0.0122     -0.0014      0.0016   0.0020   0.0044
2007.4771     -0.0079     -0.0117     -0.0140      0.0016   0.0020   0.0043
2007.4798     -0.0089     -0.0116     -0.0192      0.0016   0.0020   0.0043
2007.4825     -0.0113     -0.0081     -0.0151      0.0016   0.0020   0.0044
2007.4853     -0.0078     -0.0102     -0.0052      0.0016   0.0020   0.0043
2007.4880     -0.0103     -0.0111     -0.0109      0.0016   0.0020   0.0043
2007.4908     -0.0127     -0.0101     -0.0094      0.0016   0.0020   0.0043
2007.4935     -0.0097     -0.0098     -0.0114      0.0016   0.0020   0.0044
2007.4962     -0.0086     -0.0104     -0.0106      0.0016   0.0020   0.0043
2007.4990     -0.0076     -0.0108     -0.0116      0.0016   0.0020   0.0043
2007.5017     -0.0100     -0.0111     -0.0148      0.0015   0.0020   0.0043
2007.5044     -0.0098     -0.0092     -0.0051      0.0016   0.0020   0.0043
2007.5072     -0.0091     -0.0101     -0.0114      0.0016   0.0020   0.0042
2007.5099     -0.0096     -0.0083     -0.0102      0.0016   0.0020   0.0043
2007.5127     -0.0083     -0.0121     -0.0060      0.0016   0.0020   0.0043
2007.5154     -0.0096     -0.0099     -0.0136      0.0015   0.0020   0.0042
2007.5181     -0.0082     -0.0093     -0.0160      0.0015   0.0020   0.0042
2007.5209     -0.0090     -0.0095     -0.0145      0.0015   0.0020   0.0042
2007.5236     -0.0089     -0.0106     -0.0094      0.0016   0.0020   0.0043
2007.5264     -0.0089     -0.0111     -0.0185      0.0016   0.0020   0.0043
2007.5291     -0.0091     -0.0065     -0.0088      0.0016   0.0020   0.0044
2007.5318     -0.0091     -0.0109     -0.0134      0.0016   0.0020   0.0043
2007.5346     -0.0103     -0.0135     -0.0066      0.0016   0.0020   0.0044
2007.5373     -0.0096     -0.0097     -0.0047      0.0016   0.0020   0.0044
2007.5400     -0.0103     -0.0098     -0.0153      0.0016   0.0020   0.0044
2007.5428     -0.0109     -0.0088     -0.0107      0.0016   0.0020   0.0044
2007.5455     -0.0097     -0.0101     -0.0114      0.0016   0.0021   0.0045
2007.5483     -0.0081     -0.0106     -0.0170      0.0016   0.0020   0.0043
2007.5510     -0.0089     -0.0097     -0.0190      0.0016   0.0020   0.0043
2007.5537     -0.0092     -0.0107     -0.0065      0.0016   0.0020   0.0044
2007.5565     -0.0082     -0.0106     -0.0174      0.0016   0.0020   0.0043
2007.5592     -0.0118     -0.0113     -0.0208      0.0016   0.0021   0.0045
2007.5619     -0.0108     -0.0101     -0.0070      0.0016   0.0021   0.0044
2007.5647     -0.0117     -0.0093     -0.0033      0.0016   0.0021   0.0044
2007.5674     -0.0106     -0.0133     -0.0046      0.0016   0.0020   0.0044
2007.5702     -0.0085     -0.0074     -0.0095      0.0016   0.0020   0.0044
2007.5729     -0.0109     -0.0111     -0.0134      0.0016   0.0020   0.0044
2007.5756     -0.0098     -0.0119     -0.0073      0.0016   0.0020   0.0043
2007.5784     -0.0084     -0.0118     -0.0147      0.0016   0.0020   0.0043
2007.5811     -0.0113     -0.0124     -0.0165      0.0016   0.0021   0.0045
2007.5838     -0.0099     -0.0084     -0.0163      0.0016   0.0020   0.0043
2007.5866     -0.0066     -0.0091     -0.0032      0.0016   0.0020   0.0044
2007.5893     -0.0073     -0.0106     -0.0153      0.0016   0.0020   0.0044
2007.5921     -0.0059     -0.0079     -0.0112      0.0016   0.0021   0.0044
2007.5948     -0.0067     -0.0092     -0.0102      0.0016   0.0020   0.0044
2007.5975     -0.0087     -0.0110     -0.0131      0.0016   0.0020   0.0044
2007.6003     -0.0053     -0.0115     -0.0112      0.0016   0.0021   0.0045
2007.6030     -0.0079     -0.0137     -0.0077      0.0016   0.0020   0.0044
2007.6057     -0.0084     -0.0114     -0.0091      0.0016   0.0020   0.0043
2007.6085     -0.0080     -0.0081     -0.0192      0.0016   0.0020   0.0044
2007.6112     -0.0083     -0.0093     -0.0157      0.0016   0.0020   0.0043
2007.6140     -0.0082     -0.0101     -0.0043      0.0016   0.0020   0.0044
2007.6167     -0.0056     -0.0096     -0.0061      0.0016   0.0021   0.0045
2007.6194     -0.0040     -0.0124     -0.0085      0.0017   0.0021   0.0046
2007.6222     -0.0103     -0.0089     -0.0242      0.0016   0.0021   0.0045
2007.6277     -0.0089     -0.0115     -0.0131      0.0016   0.0021   0.0044
2007.6304     -0.0087     -0.0078     -0.0053      0.0016   0.0020   0.0044
2007.6331     -0.0068     -0.0089     -0.0062      0.0016   0.0020   0.0043
2007.6386     -0.0084     -0.0103     -0.0083      0.0016   0.0020   0.0044
2007.6413     -0.0067     -0.0066     -0.0112      0.0016   0.0020   0.0044
2007.6441     -0.0060     -0.0105     -0.0130      0.0016   0.0021   0.0045
2007.6468     -0.0076     -0.0095     -0.0118      0.0017   0.0021   0.0046
2007.6496     -0.0059     -0.0078     -0.0106      0.0016   0.0021   0.0045
2007.6523     -0.0064     -0.0068     -0.0154      0.0016   0.0020   0.0044
2007.6550     -0.0070     -0.0075     -0.0136      0.0016   0.0020   0.0044
2007.6578     -0.0061     -0.0084     -0.0175      0.0016   0.0021   0.0045
2007.6605     -0.0064     -0.0108     -0.0086      0.0016   0.0021   0.0045
2007.6632     -0.0085     -0.0073     -0.0082      0.0016   0.0020   0.0044
2007.6660     -0.0078     -0.0088     -0.0099      0.0016   0.0020   0.0044
2007.6687     -0.0053     -0.0109     -0.0189      0.0016   0.0020   0.0044
2007.6715     -0.0040     -0.0085     -0.0139      0.0016   0.0020   0.0044
2007.6742     -0.0055     -0.0079     -0.0082      0.0016   0.0020   0.0044
2007.6769     -0.0049     -0.0073     -0.0118      0.0016   0.0020   0.0044
2007.6824     -0.0059     -0.0072     -0.0104      0.0016   0.0020   0.0045
2007.6851     -0.0033     -0.0071     -0.0084      0.0016   0.0021   0.0045
2007.6879     -0.0078     -0.0059     -0.0182      0.0016   0.0021   0.0045
2007.6906     -0.0065     -0.0121     -0.0063      0.0016   0.0020   0.0044
2007.6934     -0.0064     -0.0085     -0.0086      0.0016   0.0020   0.0045
2007.6961     -0.0038     -0.0084     -0.0155      0.0016   0.0020   0.0044
2007.7016     -0.0040     -0.0109     -0.0131      0.0017   0.0021   0.0045
2007.7043     -0.0054     -0.0091     -0.0168      0.0016   0.0021   0.0046
2007.7070     -0.0042     -0.0065     -0.0056      0.0020   0.0026   0.0055
2007.7098     -0.0069     -0.0096     -0.0120      0.0016   0.0020   0.0044
2007.7125     -0.0043     -0.0111     -0.0140      0.0016   0.0020   0.0044
2007.7153     -0.0066     -0.0083     -0.0121      0.0016   0.0020   0.0044
2007.7180     -0.0067     -0.0092     -0.0084      0.0016   0.0020   0.0043
2007.7207     -0.0040     -0.0100     -0.0258      0.0016   0.0020   0.0044
2007.7235     -0.0044     -0.0098     -0.0278      0.0016   0.0020   0.0043
2007.7262     -0.0053     -0.0103     -0.0135      0.0016   0.0020   0.0044
2007.7290     -0.0047     -0.0123     -0.0359      0.0017   0.0021   0.0045
2007.7317     -0.0050     -0.0095     -0.0178      0.0016   0.0020   0.0044
2007.7344     -0.0093     -0.0074     -0.0140      0.0016   0.0021   0.0044
2007.7372     -0.0073     -0.0064     -0.0187      0.0016   0.0021   0.0044
2007.7399     -0.0044     -0.0081     -0.0159      0.0016   0.0021   0.0044
2007.7426     -0.0054     -0.0087     -0.0203      0.0016   0.0021   0.0044
2007.7454     -0.0077     -0.0065     -0.0219      0.0016   0.0021   0.0045
2007.7481     -0.0045     -0.0103     -0.0306      0.0016   0.0021   0.0045
2007.7509     -0.0052     -0.0070     -0.0184      0.0016   0.0021   0.0044
2007.7536     -0.0067     -0.0044     -0.0089      0.0017   0.0021   0.0045
2007.7563     -0.0037     -0.0069     -0.0176      0.0016   0.0021   0.0044
2007.7591     -0.0047     -0.0059     -0.0328      0.0017   0.0021   0.0045
2007.7618     -0.0035     -0.0043     -0.0214      0.0016   0.0020   0.0043
2007.7645     -0.0051     -0.0063     -0.0111      0.0016   0.0021   0.0044
2007.7673     -0.0056     -0.0051     -0.0152      0.0016   0.0021   0.0044
2007.7700     -0.0043     -0.0061     -0.0058      0.0016   0.0021   0.0045
2007.7728     -0.0051     -0.0066     -0.0163      0.0016   0.0020   0.0044
2007.7755     -0.0052     -0.0068     -0.0106      0.0016   0.0020   0.0043
2007.7782     -0.0033     -0.0059      0.0026      0.0016   0.0021   0.0045
2007.7810     -0.0071     -0.0045     -0.0180      0.0016   0.0021   0.0044
2007.7837     -0.0095     -0.0080     -0.0104      0.0016   0.0020   0.0044
2007.7864     -0.0053     -0.0061     -0.0228      0.0016   0.0021   0.0044
2007.7892     -0.0066     -0.0049     -0.0177      0.0016   0.0020   0.0044
2007.7919     -0.0050     -0.0069     -0.0141      0.0016   0.0020   0.0044
2007.7947     -0.0057     -0.0050     -0.0176      0.0016   0.0021   0.0044
2007.7974     -0.0058     -0.0048     -0.0152      0.0016   0.0021   0.0045
2007.8001     -0.0087     -0.0059     -0.0158      0.0016   0.0021   0.0044
2007.8029     -0.0069     -0.0022     -0.0314      0.0016   0.0020   0.0044
2007.8056     -0.0052     -0.0069     -0.0200      0.0016   0.0020   0.0043
2007.8084     -0.0063     -0.0034     -0.0196      0.0016   0.0020   0.0044
2007.8111     -0.0052     -0.0045     -0.0186      0.0016   0.0020   0.0044
2007.8138     -0.0055     -0.0063     -0.0066      0.0017   0.0021   0.0045
2007.8166     -0.0059     -0.0041     -0.0195      0.0016   0.0020   0.0044
2007.8193     -0.0041     -0.0071     -0.0220      0.0017   0.0021   0.0045
2007.8220     -0.0029     -0.0085     -0.0162      0.0016   0.0021   0.0044
2007.8248     -0.0074     -0.0051     -0.0191      0.0016   0.0021   0.0044
2007.8275     -0.0051     -0.0047     -0.0202      0.0016   0.0020   0.0044
2007.8303     -0.0037     -0.0041     -0.0187      0.0016   0.0020   0.0044
2007.8330     -0.0031     -0.0056     -0.0139      0.0016   0.0021   0.0045
2007.8357     -0.0048     -0.0052     -0.0168      0.0016   0.0021   0.0044
2007.8385     -0.0043     -0.0073     -0.0138      0.0016   0.0020   0.0043
2007.8412     -0.0037     -0.0064     -0.0174      0.0016   0.0021   0.0044
2007.8439     -0.0042     -0.0014     -0.0027      0.0016   0.0021   0.0045
2007.8467     -0.0021     -0.0067     -0.0208      0.0016   0.0021   0.0044
2007.8494     -0.0023     -0.0082     -0.0146      0.0016   0.0021   0.0045
2007.8522     -0.0058     -0.0073     -0.0248      0.0019   0.0027   0.0055
2007.8658     -0.0086      0.0046     -0.0201      0.0025   0.0033   0.0072
2007.8686     -0.0039     -0.0046     -0.0082      0.0016   0.0021   0.0044
2007.8713     -0.0023     -0.0037     -0.0151      0.0016   0.0021   0.0044
2007.8741     -0.0050     -0.0035     -0.0219      0.0016   0.0021   0.0044
2007.8768     -0.0046     -0.0047     -0.0232      0.0016   0.0020   0.0044
2007.8795     -0.0039     -0.0061     -0.0163      0.0016   0.0021   0.0044
2007.8823     -0.0019     -0.0073     -0.0147      0.0016   0.0020   0.0043
2007.8850     -0.0037     -0.0050     -0.0239      0.0016   0.0020   0.0043
2007.8877     -0.0013     -0.0058     -0.0101      0.0016   0.0020   0.0044
2007.8905     -0.0032     -0.0052     -0.0217      0.0016   0.0021   0.0044
2007.8932     -0.0013     -0.0058     -0.0133      0.0016   0.0021   0.0045
2007.8960     -0.0026     -0.0066     -0.0151      0.0016   0.0020   0.0044
2007.8987     -0.0039     -0.0052     -0.0168      0.0016   0.0021   0.0044
2007.9014     -0.0017     -0.0067     -0.0138      0.0016   0.0020   0.0044
2007.9042     -0.0021     -0.0071     -0.0144      0.0016   0.0020   0.0044
2007.9069     -0.0031     -0.0082     -0.0285      0.0016   0.0020   0.0043
2007.9097      0.0000     -0.0065     -0.0113      0.0016   0.0020   0.0044
2007.9124     -0.0037     -0.0072     -0.0192      0.0016   0.0020   0.0043
2007.9151     -0.0029     -0.0068     -0.0199      0.0016   0.0021   0.0044
2007.9179     -0.0028     -0.0077     -0.0098      0.0016   0.0020   0.0043
2007.9206     -0.0036     -0.0056     -0.0189      0.0016   0.0020   0.0043
2007.9233     -0.0018     -0.0019     -0.0135      0.0015   0.0020   0.0043
2007.9288     -0.0005     -0.0044     -0.0262      0.0016   0.0020   0.0043
2007.9316      0.0000     -0.0056     -0.0221      0.0016   0.0020   0.0043
2007.9480     -0.0024     -0.0050     -0.0116      0.0016   0.0020   0.0042
2007.9507     -0.0002     -0.0048     -0.0111      0.0016   0.0020   0.0042
2007.9562     -0.0013     -0.0081     -0.0046      0.0017   0.0022   0.0046
2007.9589     -0.0026     -0.0062     -0.0055      0.0018   0.0022   0.0047
2007.9617     -0.0016     -0.0045     -0.0224      0.0016   0.0020   0.0043
2007.9644     -0.0039     -0.0056     -0.0185      0.0016   0.0020   0.0044
2007.9699     -0.0022     -0.0036     -0.0147      0.0016   0.0020   0.0043
2007.9726     -0.0026     -0.0034     -0.0187      0.0016   0.0020   0.0043
2007.9754     -0.0027     -0.0021     -0.0173      0.0016   0.0020   0.0043
2007.9781     -0.0021     -0.0036     -0.0099      0.0016   0.0020   0.0043
2007.9808     -0.0045     -0.0035     -0.0062      0.0016   0.0020   0.0043
2007.9836     -0.0021     -0.0043     -0.0084      0.0016   0.0020   0.0043
2007.9863     -0.0030     -0.0052     -0.0079      0.0016   0.0020   0.0043
2007.9890      0.0002     -0.0038     -0.0164      0.0016   0.0021   0.0044
2007.9918      0.0001     -0.0043     -0.0150      0.0016   0.0020   0.0043
2007.9945     -0.0001     -0.0026     -0.0171      0.0016   0.0020   0.0043
2007.9973     -0.0015     -0.0035     -0.0097      0.0016   0.0020   0.0042
2008.0000      0.0007     -0.0022     -0.0188      0.0016   0.0020   0.0043
2008.0027     -0.0015     -0.0042     -0.0291      0.0020   0.0025   0.0054
2008.0055      0.0010     -0.0032     -0.0158      0.0016   0.0020   0.0043
2008.0082     -0.0012     -0.0038     -0.0101      0.0016   0.0020   0.0043
2008.0110     -0.0010     -0.0023     -0.0153      0.0015   0.0020   0.0043
2008.0137     -0.0006     -0.0038     -0.0152      0.0016   0.0020   0.0042
2008.0164     -0.0012     -0.0028     -0.0172      0.0015   0.0020   0.0042
2008.0192     -0.0011     -0.0032     -0.0142      0.0016   0.0021   0.0043
2008.0219     -0.0013     -0.0037     -0.0109      0.0016   0.0020   0.0043
2008.0246     -0.0021     -0.0022     -0.0180      0.0016   0.0020   0.0043
2008.0274     -0.0020     -0.0020     -0.0124      0.0016   0.0020   0.0043
2008.0301     -0.0016     -0.0028     -0.0099      0.0016   0.0020   0.0043
2008.0329     -0.0002     -0.0037     -0.0162      0.0016   0.0021   0.0043
2008.0356      0.0010     -0.0030     -0.0078      0.0016   0.0020   0.0043
2008.0383      0.0002     -0.0048     -0.0062      0.0017   0.0022   0.0047
2008.0411      0.0018     -0.0026     -0.0107      0.0016   0.0021   0.0044
2008.0438      0.0006     -0.0036     -0.0091      0.0016   0.0021   0.0044
2008.0465      0.0007     -0.0023     -0.0121      0.0016   0.0020   0.0043
2008.0493      0.0010     -0.0019     -0.0147      0.0016   0.0020   0.0044
2008.0520      0.0000     -0.0034     -0.0162      0.0016   0.0020   0.0043
2008.0548      0.0010     -0.0025     -0.0179      0.0016   0.0020   0.0043
2008.0575      0.0010     -0.0033     -0.0107      0.0016   0.0020   0.0043
2008.0602      0.0008     -0.0018     -0.0114      0.0015   0.0020   0.0043
2008.0630      0.0009     -0.0005     -0.0179      0.0016   0.0020   0.0043
2008.1862     -0.0004     -0.0029     -0.0161      0.0016   0.0020   0.0043
2008.1889      0.0020     -0.0038     -0.0102      0.0015   0.0020   0.0042
2008.1916      0.0003     -0.0023     -0.0077      0.0015   0.0020   0.0042
2008.1944      0.0001     -0.0008     -0.0115      0.0016   0.0020   0.0042
2008.1971     -0.0009      0.0002     -0.0125      0.0016   0.0020   0.0043
2008.1999      0.0011     -0.0021     -0.0102      0.0019   0.0025   0.0053
2008.2327      0.0016     -0.0010     -0.0124      0.0021   0.0027   0.0056
2008.2355     -0.0004      0.0011     -0.0137      0.0017   0.0022   0.0046
2008.2382      0.0008      0.0001     -0.0099      0.0017   0.0023   0.0047
2008.2656      0.0011     -0.0009     -0.0073      0.0023   0.0031   0.0065
2008.2765      0.0012      0.0023     -0.0071      0.0016   0.0020   0.0043
2008.2793      0.0036     -0.0036     -0.0051      0.0016   0.0020   0.0043
2008.2820     -0.0003      0.0000     -0.0104      0.0015   0.0020   0.0042
2008.2847      0.0020      0.0017     -0.0144      0.0016   0.0020   0.0043
2008.2875      0.0011     -0.0001     -0.0034      0.0016   0.0020   0.0043
2008.2902      0.0023      0.0014     -0.0102      0.0016   0.0020   0.0043
2008.2930     -0.0010     -0.0007      0.0014      0.0024   0.0030   0.0064
2008.2957     -0.0007      0.0038     -0.0094      0.0015   0.0020   0.0042
2008.2984      0.0015      0.0035     -0.0044      0.0016   0.0020   0.0042
2008.3012      0.0021     -0.0000     -0.0098      0.0016   0.0020   0.0043
2008.3039      0.0004      0.0015     -0.0055      0.0016   0.0020   0.0043
2008.3066      0.0038     -0.0001     -0.0081      0.0015   0.0020   0.0042
2008.3094      0.0041      0.0004     -0.0041      0.0016   0.0020   0.0043
2008.3121      0.0038      0.0004     -0.0013      0.0016   0.0020   0.0043
2008.3149      0.0011     -0.0006     -0.0092      0.0016   0.0020   0.0043
2008.3176      0.0041      0.0008     -0.0057      0.0016   0.0020   0.0043
2008.3203      0.0053     -0.0017     -0.0028      0.0016   0.0021   0.0044
2008.3231     -0.0001     -0.0005     -0.0146      0.0016   0.0021   0.0044
2008.3258      0.0022      0.0013     -0.0049      0.0016   0.0021   0.0044
2008.3285      0.0032      0.0022     -0.0059      0.0016   0.0020   0.0044
2008.3313      0.0009     -0.0017      0.0222      0.0025   0.0031   0.0068
2008.3340      0.0025     -0.0038     -0.0108      0.0025   0.0031   0.0068
2008.3368      0.0004      0.0014     -0.0077      0.0019   0.0025   0.0052
2008.3395     -0.0013      0.0010     -0.0272      0.0024   0.0030   0.0065
2008.3422      0.0004      0.0024     -0.0195      0.0024   0.0030   0.0065
2008.3450      0.0046     -0.0012     -0.0090      0.0019   0.0025   0.0052
2008.3477      0.0008      0.0016     -0.0099      0.0015   0.0020   0.0042
2008.3504     -0.0006     -0.0019     -0.0073      0.0016   0.0020   0.0043
2008.3532      0.0004      0.0007     -0.0088      0.0015   0.0020   0.0042
2008.3559      0.0009      0.0022     -0.0057      0.0016   0.0020   0.0042
2008.3587     -0.0013      0.0001     -0.0079      0.0016   0.0020   0.0043
2008.3614     -0.0008      0.0008     -0.0142      0.0016   0.0020   0.0044
2008.3641     -0.0005      0.0006     -0.0145      0.0016   0.0020   0.0043
2008.3669      0.0007      0.0008     -0.0118      0.0016   0.0020   0.0043
2008.3696      0.0012      0.0014     -0.0150      0.0016   0.0020   0.0043
2008.3723      0.0037      0.0016     -0.0048      0.0016   0.0020   0.0043
2008.3751      0.0013      0.0008     -0.0050      0.0016   0.0020   0.0043
2008.3778      0.0024      0.0014     -0.0112      0.0016   0.0020   0.0043
2008.3806      0.0006     -0.0003     -0.0048      0.0016   0.0020   0.0043
2008.3833      0.0019      0.0011     -0.0090      0.0016   0.0020   0.0043
2008.3860     -0.0002     -0.0018     -0.0088      0.0016   0.0020   0.0043
2008.3888      0.0019     -0.0001     -0.0031      0.0016   0.0020   0.0043
2008.3915      0.0016     -0.0003     -0.0177      0.0016   0.0020   0.0042
2008.3943      0.0013      0.0001     -0.0228      0.0016   0.0020   0.0043
2008.3970      0.0015     -0.0011     -0.0137      0.0016   0.0021   0.0044
2008.3997      0.0013     -0.0011     -0.0104      0.0016   0.0020   0.0043
2008.4025      0.0022      0.0003     -0.0179      0.0016   0.0020   0.0043
2008.4052      0.0040      0.0014     -0.0151      0.0016   0.0020   0.0043
2008.4079      0.0021      0.0035     -0.0133      0.0016   0.0020   0.0043
2008.4107      0.0030      0.0009     -0.0189      0.0017   0.0022   0.0046
2008.4134      0.0019      0.0013     -0.0182      0.0016   0.0020   0.0043
2008.4162      0.0015      0.0027     -0.0115      0.0016   0.0020   0.0043
2008.4189      0.0015      0.0009     -0.0004      0.0016   0.0020   0.0043
2008.4216      0.0029      0.0008     -0.0223      0.0016   0.0020   0.0044
2008.4244      0.0031     -0.0005     -0.0184      0.0016   0.0021   0.0044
2008.4271      0.0012     -0.0005     -0.0195      0.0016   0.0021   0.0044
2008.4298      0.0025      0.0012     -0.0182      0.0017   0.0022   0.0047
2008.4326      0.0008      0.0021     -0.0099      0.0016   0.0021   0.0045
2008.4353      0.0030     -0.0003     -0.0215      0.0016   0.0020   0.0044
2008.4381     -0.0002     -0.0008     -0.0150      0.0016   0.0020   0.0044
2008.4408      0.0025      0.0017     -0.0156      0.0016   0.0020   0.0043
2008.4435      0.0012      0.0010     -0.0218      0.0016   0.0020   0.0043
2008.4463      0.0023      0.0019     -0.0159      0.0020   0.0024   0.0053
2008.4545     -0.0002     -0.0008     -0.0176      0.0016   0.0020   0.0044
2008.4572      0.0012      0.0021     -0.0197      0.0016   0.0020   0.0042
2008.4600      0.0043     -0.0003     -0.0133      0.0016   0.0020   0.0043
2008.4627      0.0039     -0.0004     -0.0207      0.0016   0.0020   0.0043
2008.4654      0.0000      0.0000      0.0000      0.0016   0.0020   0.0044
2008.4682      0.0020      0.0009     -0.0218      0.0016   0.0020   0.0044
2008.4709      0.0021      0.0012     -0.0158      0.0016   0.0020   0.0043
2008.4736      0.0044     -0.0007     -0.0289      0.0016   0.0020   0.0044
2008.4764      0.0009      0.0006     -0.0227      0.0015   0.0020   0.0042
2008.4791      0.0014      0.0008     -0.0180      0.0016   0.0020   0.0043
2008.4819      0.0012      0.0002     -0.0097      0.0016   0.0020   0.0043
2008.4846      0.0004      0.0023     -0.0145      0.0016   0.0020   0.0043
2008.4873      0.0018      0.0042     -0.0139      0.0016   0.0020   0.0042
2008.4901      0.0001      0.0018     -0.0134      0.0016   0.0020   0.0043
2008.4928      0.0009      0.0024     -0.0190      0.0016   0.0020   0.0043
2008.4956      0.0003      0.0032     -0.0179      0.0016   0.0020   0.0043
2008.4983      0.0007      0.0003     -0.0215      0.0016   0.0020   0.0043
2008.5010      0.0025      0.0022     -0.0175      0.0016   0.0020   0.0043
2008.5038      0.0010      0.0006     -0.0164      0.0016   0.0020   0.0043
2008.5065     -0.0006      0.0011     -0.0164      0.0016   0.0020   0.0043
2008.5092      0.0004      0.0019     -0.0276      0.0016   0.0020   0.0043
2008.5120      0.0011      0.0008     -0.0075      0.0016   0.0020   0.0044
2008.5147     -0.0015      0.0015     -0.0241      0.0016   0.0020   0.0044
2008.5175      0.0018      0.0029     -0.0144      0.0016   0.0021   0.0045
2008.5229     -0.0018      0.0021     -0.0210      0.0022   0.0027   0.0057
2008.5257      0.0013      0.0023     -0.0278      0.0016   0.0020   0.0043
2008.5311     -0.0002      0.0036     -0.0196      0.0016   0.0020   0.0043
2008.5339     -0.0007      0.0001     -0.0136      0.0016   0.0020   0.0044
2008.5366     -0.0010      0.0011     -0.0031      0.0016   0.0020   0.0044
2008.5394      0.0010      0.0008     -0.0158      0.0016   0.0020   0.0043
2008.5421     -0.0018      0.0015     -0.0207      0.0016   0.0020   0.0042
2008.5448      0.0004      0.0033     -0.0237      0.0016   0.0020   0.0043
2008.5476      0.0005      0.0014     -0.0250      0.0016   0.0021   0.0044
2008.5503      0.0011      0.0035     -0.0203      0.0015   0.0020   0.0042
2008.5530      0.0002      0.0022     -0.0214      0.0016   0.0020   0.0043
2008.5558      0.0000      0.0001     -0.0247      0.0016   0.0020   0.0043
2008.5585      0.0006      0.0009     -0.0129      0.0016   0.0020   0.0043
2008.5613      0.0008      0.0014     -0.0166      0.0016   0.0020   0.0043
2008.5640     -0.0012      0.0022     -0.0139      0.0016   0.0020   0.0042
2008.5667      0.0006      0.0026     -0.0135      0.0015   0.0020   0.0043
2008.5695      0.0017      0.0025     -0.0104      0.0016   0.0020   0.0043
2008.5722      0.0018      0.0011     -0.0178      0.0016   0.0020   0.0043
2008.5749      0.0007      0.0037     -0.0116      0.0016   0.0020   0.0043
2008.5777      0.0006      0.0027     -0.0268      0.0016   0.0020   0.0043
2008.5804      0.0033      0.0027     -0.0165      0.0016   0.0020   0.0044
2008.5832      0.0015      0.0004     -0.0203      0.0016   0.0020   0.0043
2008.5859      0.0011      0.0002     -0.0181      0.0016   0.0020   0.0042
2008.5886      0.0024      0.0014     -0.0089      0.0016   0.0020   0.0043
2008.5914      0.0011      0.0033     -0.0065      0.0016   0.0020   0.0043
2008.5941      0.0023      0.0033     -0.0138      0.0016   0.0021   0.0044
2008.5969      0.0003      0.0027     -0.0238      0.0016   0.0020   0.0043
2008.5996      0.0022      0.0012     -0.0140      0.0016   0.0020   0.0043
2008.6023      0.0025      0.0026     -0.0201      0.0016   0.0020   0.0044
2008.6051      0.0037      0.0015     -0.0125      0.0016   0.0021   0.0044
2008.6078      0.0027      0.0017     -0.0182      0.0016   0.0020   0.0044
2008.6105      0.0040      0.0013     -0.0086      0.0016   0.0020   0.0044
2008.6133      0.0020      0.0025     -0.0195      0.0016   0.0020   0.0042
2008.6160      0.0015      0.0023     -0.0137      0.0016   0.0020   0.0044
2008.6188      0.0049      0.0004     -0.0163      0.0016   0.0020   0.0043
2008.6215      0.0032      0.0034     -0.0211      0.0016   0.0020   0.0043
2008.6242      0.0043      0.0031     -0.0177      0.0016   0.0020   0.0043
2008.6297      0.0042      0.0004     -0.0106      0.0016   0.0021   0.0044
2008.6324      0.0026      0.0018     -0.0146      0.0016   0.0020   0.0043
2013.0404      0.0562      0.0571      0.1097      0.0014   0.0019   0.0040
2013.0431      0.0562      0.0564     -0.0224      0.0015   0.0019   0.0040
2013.0459      0.0564      0.0592     -0.0211      0.0015   0.0019   0.0040
2013.0486      0.0556      0.0569     -0.0206      0.0015   0.0019   0.0040
2013.0513      0.0572      0.0562     -0.0236      0.0014   0.0018   0.0039
2013.0541      0.0558      0.0555     -0.0201      0.0014   0.0018   0.0039
2013.0568      0.0544      0.0592     -0.0231      0.0015   0.0019   0.0040
2013.0595      0.0558      0.0609     -0.0232      0.0015   0.0019   0.0040
2013.0623      0.0544      0.0590     -0.0198      0.0015   0.0018   0.0039
2013.0650      0.0535      0.0586     -0.0174      0.0014   0.0019   0.0039
2013.0678      0.0558      0.0594     -0.0258      0.0015   0.0019   0.0040
2013.0705      0.0562      0.0579     -0.0187      0.0014   0.0018   0.0039
2013.0732      0.0544      0.0591     -0.0191      0.0014   0.0018   0.0039
2013.0760      0.0559      0.0585     -0.0217      0.0014   0.0018   0.0039
2013.0787      0.0552      0.0594     -0.0240      0.0014   0.0018   0.0039
2013.0815      0.0547      0.0602     -0.0256      0.0014   0.0018   0.0039
2013.0842      0.0549      0.0595     -0.0218      0.0014   0.0018   0.0039
2013.0869      0.0569      0.0591     -0.0279      0.0014   0.0019   0.0039
2013.0897      0.0555      0.0598     -0.0254      0.0014   0.0019   0.0039
2013.0924      0.0563      0.0581     -0.0226      0.0014   0.0018   0.0039
2013.0951      0.0565      0.0591     -0.0230      0.0014   0.0018   0.0039
2013.0979      0.0558      0.0584     -0.0219      0.0015   0.0019   0.0040
2013.1006      0.0578      0.0587     -0.0229      0.0015   0.0019   0.0040
2013.1034      0.0575      0.0595     -0.0248      0.0015   0.0019   0.0040
2013.1061      0.0578      0.0595     -0.0196      0.0014   0.0018   0.0039
2013.1088      0.0561      0.0604     -0.0210      0.0015   0.0019   0.0040
2013.1116      0.0575      0.0603     -0.0241      0.0015   0.0019   0.0040
2013.1143      0.0564      0.0590     -0.0272      0.0014   0.0019   0.0039
2013.1170      0.0584      0.0598     -0.0259      0.0015   0.0019   0.0040
2013.1198      0.0609      0.0578     -0.0241      0.0015   0.0019   0.0041
2013.1225      0.0571      0.0605     -0.0273      0.0015   0.0019   0.0040
2013.1253      0.0559      0.0587     -0.0309      0.0015   0.0019   0.0040
2013.1280      0.0555      0.0587     -0.0288      0.0015   0.0018   0.0039
2013.1307      0.0591      0.0610     -0.0264      0.0015   0.0019   0.0040
2013.1335      0.0587      0.0626     -0.0350      0.0015   0.0019   0.0040
2013.1362      0.0585      0.0609     -0.0305      0.0015   0.0019   0.0040
2013.1389      0.0589      0.0591     -0.0195      0.0015   0.0019   0.0040
2013.1417      0.0574      0.0592     -0.0269      0.0015   0.0019   0.0040
2013.1444      0.0574      0.0607     -0.0214      0.0015   0.0019   0.0040
2013.1472      0.0551      0.0600     -0.0225      0.0015   0.0019   0.0040
2013.1499      0.0589      0.0598     -0.0290      0.0014   0.0019   0.0040
2013.1526      0.0592      0.0613     -0.0221      0.0014   0.0018   0.0039
2013.1554      0.0572      0.0598     -0.0290      0.0014   0.0018   0.0039
2013.1581      0.0581      0.0605     -0.0231      0.0014   0.0019   0.0040
2013.1608      0.0553      0.0588     -0.0215      0.0015   0.0019   0.0039
2013.1636      0.0573      0.0593     -0.0317      0.0015   0.0019   0.0040
2013.1663      0.0558      0.0598     -0.0318      0.0015   0.0019   0.0040
2013.1691      0.0569      0.0588     -0.0289      0.0015   0.0020   0.0042
2013.1718      0.0585      0.0609     -0.0206      0.0015   0.0019   0.0040
2013.1745      0.0564      0.0603     -0.0296      0.0015   0.0019   0.0039
2013.1773      0.0573      0.0610     -0.0264      0.0017   0.0022   0.0045
2013.1800      0.0568      0.0592     -0.0294      0.0015   0.0019   0.0040
2013.1828      0.0564      0.0585     -0.0274      0.0015   0.0019   0.0040
2013.1855      0.0565      0.0608     -0.0292      0.0015   0.0019   0.0040
2013.1882      0.0547      0.0578     -0.0272      0.0015   0.0019   0.0040
2013.1910      0.0560      0.0582     -0.0254      0.0015   0.0018   0.0040
2013.1937      0.0561      0.0598     -0.0214      0.0015   0.0019   0.0041
2013.1964      0.0569      0.0576     -0.0295      0.0015   0.0019   0.0041
2013.1992      0.0591      0.0565     -0.0345      0.0015   0.0019   0.0040
2013.2019      0.0551      0.0576     -0.0320      0.0015   0.0019   0.0040
2013.2047      0.0569      0.0589     -0.0244      0.0015   0.0019   0.0040
2013.2074      0.0561      0.0590     -0.0285      0.0015   0.0019   0.0040
2013.2101      0.0554      0.0596     -0.0329      0.0015   0.0019   0.0039
2013.2129      0.0555      0.0574     -0.0256      0.0015   0.0019   0.0040
2013.2156      0.0537      0.0571     -0.0228      0.0015   0.0019   0.0040
2013.2183      0.0572      0.0566     -0.0250      0.0014   0.0019   0.0040
2013.2211      0.0547      0.0590     -0.0244      0.0014   0.0018   0.0039
2013.2238      0.0567      0.0594     -0.0237      0.0014   0.0018   0.0039
2013.2266      0.0561      0.0574     -0.0210      0.0015   0.0019   0.0039
2013.2293      0.0576      0.0591     -0.0220      0.0015   0.0019   0.0040
2013.2320      0.0574      0.0605     -0.0320      0.0015   0.0019   0.0040
2013.2348      0.0576      0.0599     -0.0318      0.0015   0.0019   0.0040
2013.2375      0.0568      0.0582     -0.0306      0.0015   0.0019   0.0041
2013.2402      0.0590      0.0607     -0.0356      0.0015   0.0019   0.0041
2013.2430      0.0566      0.0587     -0.0246      0.0015   0.0019   0.0040
2013.2457      0.0554      0.0584     -0.0217      0.0015   0.0019   0.0040
2013.2485      0.0546      0.0585     -0.0268      0.0015   0.0019   0.0040
2013.2512      0.0590      0.0561     -0.0146      0.0015   0.0019   0.0041
2013.2539      0.0563      0.0598     -0.0300      0.0015   0.0019   0.0040
2013.2567      0.0569      0.0596     -0.0172      0.0015   0.0019   0.0041
2013.2594      0.0565      0.0593     -0.0189      0.0015   0.0020   0.0042
2013.2621      0.0560      0.0584     -0.0270      0.0015   0.0019   0.0040
2013.2649      0.0565      0.0597     -0.0245      0.0015   0.0019   0.0040
2013.2676      0.0560      0.0598     -0.0281      0.0015   0.0019   0.0041
2013.2704      0.0567      0.0603     -0.0240      0.0015   0.0019   0.0041
2013.2731      0.0575      0.0570     -0.0267      0.0015   0.0019   0.0040
2013.2758      0.0556      0.0586     -0.0286      0.0015   0.0019   0.0040
2013.2786      0.0559      0.0587     -0.0183      0.0015   0.0019   0.0041
2013.2813      0.0574      0.0594     -0.0225      0.0015   0.0019   0.0040
2013.2841      0.0587      0.0560     -0.0183      0.0015   0.0019   0.0040
2013.2868      0.0549      0.0620     -0.0123      0.0015   0.0019   0.0041
2013.2895      0.0586      0.0599     -0.0255      0.0015   0.0019   0.0040
2013.2923      0.0558      0.0602     -0.0247      0.0015   0.0019   0.0040
2013.2950      0.0565      0.0600     -0.0220      0.0015   0.0019   0.0041
2013.2977      0.0555      0.0610     -0.0237      0.0015   0.0019   0.0040
2013.3005      0.0582      0.0590     -0.0229      0.0015   0.0019   0.0040
2013.3032      0.0586      0.0571     -0.0232      0.0015   0.0019   0.0040
2013.3060      0.0569      0.0602     -0.0262      0.0015   0.0019   0.0040
2013.3087      0.0578      0.0605     -0.0283      0.0015   0.0019   0.0040
2013.3114      0.0567      0.0593     -0.0279      0.0015   0.0019   0.0041
2013.3142      0.0559      0.0602     -0.0323      0.0015   0.0019   0.0040
2013.3169      0.0573      0.0602     -0.0209      0.0015   0.0019   0.0040
2013.3196      0.0565      0.0611     -0.0221      0.0015   0.0019   0.0040
2013.3224      0.0553      0.0596     -0.0261      0.0015   0.0019   0.0040
2013.3251      0.0563      0.0601     -0.0312      0.0015   0.0019   0.0041
2013.3279      0.0572      0.0612     -0.0225      0.0015   0.0019   0.0040
2013.3306      0.0581      0.0608     -0.0256      0.0015   0.0019   0.0040
2013.3333      0.0568      0.0605     -0.0243      0.0015   0.0019   0.0040
2013.3361      0.0548      0.0612     -0.0294      0.0015   0.0019   0.0040
2013.3388      0.0546      0.0622     -0.0290      0.0015   0.0019   0.0040
2013.3415      0.0552      0.0609     -0.0272      0.0015   0.0019   0.0040
2013.3443      0.0565      0.0618     -0.0201      0.0015   0.0019   0.0041
2013.3470      0.0566      0.0619     -0.0291      0.0015   0.0019   0.0040
2013.3498      0.0550      0.0612     -0.0276      0.0015   0.0019   0.0041
2013.3525      0.0551      0.0610     -0.0320      0.0015   0.0019   0.0041
2013.3552      0.0564      0.0615     -0.0320      0.0015   0.0019   0.0041
2013.3580      0.0528      0.0611     -0.0195      0.0016   0.0020   0.0043
2013.3607      0.0557      0.0636     -0.0303      0.0020   0.0026   0.0056
2013.3634      0.0577      0.0595     -0.0208      0.0018   0.0024   0.0051
2013.3662      0.0552      0.0625     -0.0206      0.0017   0.0022   0.0046
2013.3689      0.0550      0.0590     -0.0218      0.0017   0.0022   0.0047
2013.3717      0.0549      0.0611     -0.0294      0.0016   0.0021   0.0044
2013.3744      0.0568      0.0608     -0.0148      0.0016   0.0021   0.0044
2013.3771      0.0540      0.0626     -0.0318      0.0015   0.0019   0.0041
2013.3799      0.0556      0.0609     -0.0281      0.0015   0.0020   0.0042
2013.3826      0.0562      0.0612     -0.0165      0.0015   0.0019   0.0041
2013.3854      0.0556      0.0612     -0.0253      0.0015   0.0019   0.0040
2013.3881      0.0547      0.0636     -0.0262      0.0015   0.0019   0.0040
2013.3908      0.0546      0.0628     -0.0357      0.0016   0.0020   0.0042
2013.3936      0.0559      0.0620     -0.0245      0.0015   0.0019   0.0040
2013.3963      0.0577      0.0627     -0.0282      0.0015   0.0019   0.0040
2013.4073      0.0570      0.0625     -0.0228      0.0018   0.0023   0.0049
2013.4100      0.0570      0.0612     -0.0276      0.0015   0.0019   0.0040
2013.4127      0.0569      0.0598     -0.0277      0.0015   0.0019   0.0040
2013.4155      0.0542      0.0609     -0.0263      0.0015   0.0019   0.0040
2013.4182      0.0530      0.0624     -0.0338      0.0015   0.0019   0.0040
2013.4209      0.0549      0.0633     -0.0275      0.0015   0.0019   0.0040
2013.4237      0.0571      0.0608     -0.0188      0.0015   0.0019   0.0041
2013.4264      0.0577      0.0609     -0.0280      0.0015   0.0019   0.0041
2013.4292      0.0551      0.0619     -0.0232      0.0015   0.0019   0.0041
2013.4319      0.0563      0.0625     -0.0222      0.0015   0.0019   0.0041
2013.4346      0.0545      0.0622     -0.0300      0.0015   0.0019   0.0040
2013.4374      0.0544      0.0617     -0.0284      0.0015   0.0019   0.0040
2013.4401      0.0552      0.0616     -0.0274      0.0015   0.0019   0.0040
2013.4428      0.0552      0.0630     -0.0195      0.0015   0.0020   0.0042
2013.4456      0.0576      0.0610     -0.0302      0.0015   0.0019   0.0040
2013.4483      0.0571      0.0641     -0.0239      0.0015   0.0019   0.0041
2013.4511      0.0556      0.0610     -0.0182      0.0015   0.0019   0.0041
2013.4538      0.0535      0.0620     -0.0264      0.0015   0.0020   0.0042
2013.4565      0.0535      0.0637     -0.0332      0.0015   0.0019   0.0040
2013.4593      0.0551      0.0645     -0.0248      0.0015   0.0019   0.0040
2013.4620      0.0551      0.0642     -0.0293      0.0015   0.0019   0.0040
2013.4648      0.0535      0.0605     -0.0246      0.0015   0.0019   0.0041
2013.4675      0.0545      0.0626     -0.0309      0.0015   0.0019   0.0041
2013.4702      0.0554      0.0633     -0.0343      0.0015   0.0019   0.0040
2013.4730      0.0555      0.0618     -0.0275      0.0015   0.0019   0.0040
2013.4757      0.0552      0.0619     -0.0322      0.0015   0.0019   0.0040
2013.4784      0.0543      0.0617     -0.0300      0.0016   0.0020   0.0044
2013.4839      0.0564      0.0640     -0.0281      0.0015   0.0019   0.0042
2013.4867      0.0566      0.0659     -0.0316      0.0015   0.0018   0.0039
2013.4894      0.0559      0.0622     -0.0399      0.0015   0.0019   0.0039
2013.4921      0.0559      0.0636     -0.0376      0.0015   0.0019   0.0041
2013.4949      0.0563      0.0629     -0.0278      0.0015   0.0019   0.0040
2013.4976      0.0553      0.0637     -0.0300      0.0015   0.0019   0.0040
2013.5003      0.0558      0.0642     -0.0304      0.0015   0.0019   0.0040
2013.5031      0.0541      0.0627     -0.0254      0.0015   0.0019   0.0040
2013.5058      0.0557      0.0615     -0.0227      0.0015   0.0019   0.0040
2013.5086      0.0608      0.0640     -0.0254      0.0016   0.0020   0.0043
2013.5113      0.0511      0.0633     -0.0236      0.0017   0.0021   0.0046
2013.5195      0.0549      0.0633     -0.0394      0.0018   0.0023   0.0050
2013.5222      0.0568      0.0626     -0.0348      0.0015   0.0019   0.0040
2013.5250      0.0557      0.0626     -0.0267      0.0015   0.0019   0.0041
2013.5277      0.0556      0.0648     -0.0358      0.0017   0.0022   0.0046
2013.5305      0.0542      0.0642     -0.0398      0.0016   0.0020   0.0044
2013.5332      0.0561      0.0627     -0.0252      0.0015   0.0019   0.0040
2013.5359      0.0565      0.0629     -0.0317      0.0015   0.0019   0.0041
2013.5387      0.0568      0.0633     -0.0220      0.0015   0.0019   0.0040
2013.5414      0.0571      0.0643     -0.0240      0.0016   0.0021   0.0045
2013.5441      0.0592      0.0650     -0.0279      0.0016   0.0020   0.0043
2013.5469      0.0568      0.0613     -0.0325      0.0015   0.0019   0.0042
2013.5496      0.0554      0.0637     -0.0202      0.0016   0.0021   0.0045
2013.5524      0.0575      0.0638     -0.0303      0.0016   0.0020   0.0042
2013.5551      0.0600      0.0661     -0.0221      0.0020   0.0026   0.0055
2013.5578      0.0565      0.0632     -0.0334      0.0015   0.0019   0.0040
2013.5606      0.0577      0.0649     -0.0307      0.0015   0.0019   0.0041
2013.5633      0.0544      0.0639     -0.0334      0.0015   0.0020   0.0042
2013.5661      0.0589      0.0634     -0.0246      0.0015   0.0019   0.0040
2013.5688      0.0589      0.0653     -0.0316      0.0015   0.0019   0.0040
2013.5715      0.0576      0.0655     -0.0249      0.0015   0.0019   0.0040
2013.5743      0.0574      0.0650     -0.0278      0.0015   0.0019   0.0040
2013.5770      0.0572      0.0659     -0.0216      0.0015   0.0019   0.0041
2013.5797      0.0558      0.0640     -0.0279      0.0015   0.0019   0.0041
2013.5825      0.0587      0.0634     -0.0270      0.0017   0.0022   0.0046
2013.5852      0.0562      0.0632     -0.0306      0.0015   0.0019   0.0041
2013.5880      0.0593      0.0646     -0.0278      0.0015   0.0019   0.0040
2013.5907      0.0578      0.0633     -0.0287      0.0015   0.0019   0.0040
2013.5934      0.0566      0.0637     -0.0272      0.0015   0.0019   0.0040
2013.5962      0.0582      0.0638     -0.0238      0.0015   0.0019   0.0040
2013.5989      0.0580      0.0647     -0.0366      0.0015   0.0019   0.0041
2013.6016      0.0581      0.0642     -0.0355      0.0015   0.0019   0.0041
2013.6044      0.0587      0.0651     -0.0275      0.0015   0.0019   0.0041
2013.6071      0.0567      0.0638     -0.0269      0.0015   0.0019   0.0040
2013.6099      0.0579      0.0643     -0.0245      0.0015   0.0019   0.0040
2013.6153      0.0593      0.0663     -0.0285      0.0015   0.0019   0.0040
2013.6181      0.0585      0.0648     -0.0296      0.0015   0.0019   0.0040
2013.6208      0.0581      0.0643     -0.0235      0.0015   0.0019   0.0040
2013.6235      0.0579      0.0640     -0.0224      0.0015   0.0020   0.0042
2013.6345      0.0601      0.0645     -0.0320      0.0015   0.0019   0.0041
2013.6372      0.0576      0.0648     -0.0349      0.0015   0.0020   0.0042
2013.6400      0.0579      0.0641     -0.0271      0.0015   0.0019   0.0040
2013.6427      0.0599      0.0630     -0.0287      0.0015   0.0019   0.0041
2013.6454      0.0573      0.0656     -0.0281      0.0015   0.0019   0.0041
2013.6509      0.0571      0.0618     -0.0419      0.0015   0.0019   0.0041
2013.6537      0.0588      0.0639     -0.0334      0.0016   0.0020   0.0043
2013.6564      0.0577      0.0657     -0.0273      0.0015   0.0019   0.0040
2013.6591      0.0610      0.0667     -0.0237      0.0015   0.0020   0.0042
2013.6619      0.0599      0.0666     -0.0293      0.0017   0.0021   0.0045
2013.6646      0.0600      0.0638     -0.0337      0.0016   0.0020   0.0043
2013.6674      0.0597      0.0643     -0.0354      0.0015   0.0019   0.0041
2013.6701      0.0610      0.0660     -0.0292      0.0017   0.0021   0.0045
2013.6756      0.0586      0.0646     -0.0142      0.0017   0.0022   0.0046
2013.6783      0.0588      0.0641     -0.0285      0.0017   0.0022   0.0048
2013.7194      0.0595      0.0648     -0.0374      0.0018   0.0023   0.0049
2013.7221      0.0597      0.0660     -0.0248      0.0038   0.0040   0.0088
2013.7276      0.0571      0.0772     -0.0635      0.0027   0.0034   0.0082
2013.7303      0.0612      0.0627     -0.0286      0.0015   0.0019   0.0040
2013.7522      0.0644      0.0649     -0.0268      0.0018   0.0023   0.0049
2013.7550      0.0608      0.0650     -0.0404      0.0015   0.0019   0.0041
2013.7577      0.0597      0.0683     -0.0381      0.0018   0.0023   0.0049
2013.7604      0.0608      0.0664     -0.0245      0.0015   0.0019   0.0040
2013.7632      0.0596      0.0661     -0.0273      0.0015   0.0019   0.0040
2013.7659      0.0610      0.0699     -0.0323      0.0015   0.0019   0.0041
2013.7687      0.0602      0.0651     -0.0331      0.0015   0.0019   0.0041
2013.7714      0.0584      0.0656     -0.0271      0.0016   0.0021   0.0044
2013.7741      0.0603      0.0636     -0.0276      0.0017   0.0022   0.0047
2013.7769      0.0620      0.0636     -0.0383      0.0020   0.0026   0.0053
2013.7796      0.0643      0.0659     -0.0324      0.0015   0.0019   0.0040
2013.7823      0.0630      0.0632     -0.0299      0.0015   0.0019   0.0041
2013.7851      0.0629      0.0664     -0.0265      0.0016   0.0020   0.0043
2013.7878      0.0619      0.0679     -0.0269      0.0015   0.0019   0.0041
2013.7906      0.0603      0.0666     -0.0252      0.0015   0.0020   0.0042
2013.7933      0.0624      0.0648     -0.0287      0.0015   0.0019   0.0040
2013.7960      0.0615      0.0678     -0.0308      0.0016   0.0020   0.0043
2013.7988      0.0627      0.0669     -0.0299      0.0016   0.0020   0.0043
2013.8015      0.0649      0.0667     -0.0318      0.0017   0.0021   0.0046
2013.8070      0.0627      0.0666     -0.0354      0.0018   0.0024   0.0050
2013.8097      0.0606      0.0669     -0.0260      0.0015   0.0019   0.0040
2013.8152      0.0644      0.0674     -0.0218      0.0027   0.0034   0.0074
2013.8179      0.0632      0.0655     -0.0345      0.0015   0.0019   0.0041
2013.8207      0.0653      0.0658     -0.0226      0.0015   0.0019   0.0041
2013.8234      0.0624      0.0676     -0.0264      0.0018   0.0023   0.0049
2013.8316      0.0642      0.0665     -0.0333      0.0016   0.0021   0.0045
2013.8645      0.0660      0.0673     -0.0242      0.0021   0.0027   0.0055
2013.8809      0.0618      0.0616     -0.0319      0.0026   0.0034   0.0070
2013.8836      0.0678      0.0640     -0.0237      0.0021   0.0026   0.0054
2013.8864      0.0632      0.0667     -0.0192      0.0016   0.0021   0.0045
2013.8919      0.0594      0.0649     -0.0558      0.0036   0.0039   0.0085
2013.8946      0.0627      0.0654     -0.0299      0.0015   0.0019   0.0041
2013.8973      0.0653      0.0664     -0.0317      0.0015   0.0019   0.0041
2013.9001      0.0640      0.0665     -0.0347      0.0015   0.0019   0.0041
2013.9028      0.0641      0.0661     -0.0183      0.0015   0.0020   0.0042
2013.9055      0.0633      0.0642     -0.0328      0.0016   0.0020   0.0043
2013.9083      0.0630      0.0666     -0.0307      0.0016   0.0020   0.0042
2013.9110      0.0622      0.0653     -0.0276      0.0016   0.0020   0.0043
2013.9138      0.0637      0.0668     -0.0358      0.0015   0.0019   0.0040
2013.9165      0.0629      0.0683     -0.0270      0.0014   0.0019   0.0040
2013.9192      0.0633      0.0680     -0.0296      0.0015   0.0019   0.0041
2013.9220      0.0678      0.0648     -0.0289      0.0016   0.0020   0.0042
2013.9247      0.0654      0.0688     -0.0255      0.0016   0.0020   0.0042
2013.9274      0.0632      0.0670     -0.0300      0.0015   0.0020   0.0042
2013.9329      0.0654      0.0690     -0.0283      0.0015   0.0019   0.0040
2013.9357      0.0623      0.0705     -0.0303      0.0015   0.0019   0.0041
2013.9384      0.0629      0.0667     -0.0202      0.0016   0.0020   0.0044
2013.9411      0.0665      0.0686     -0.0292      0.0017   0.0021   0.0045
2013.9439      0.0661      0.0672     -0.0255      0.0015   0.0019   0.0040
2013.9466      0.0672      0.0660     -0.0304      0.0016   0.0021   0.0044
2013.9493      0.0652      0.0675     -0.0282      0.0015   0.0019   0.0041
2013.9521      0.0641      0.0653     -0.0321      0.0016   0.0020   0.0042
2013.9548      0.0670      0.0671     -0.0307      0.0015   0.0019   0.0040
2013.9576      0.0658      0.0669     -0.0245      0.0016   0.0021   0.0045
2013.9603      0.0625      0.0664     -0.0233      0.0028   0.0035   0.0076
2013.9630      0.0654      0.0674     -0.0195      0.0015   0.0020   0.0042
2013.9658      0.0665      0.0687     -0.0268      0.0015   0.0019   0.0040
2013.9685      0.0664      0.0681     -0.0186      0.0016   0.0020   0.0044
2013.9713      0.0672      0.0681     -0.0277      0.0015   0.0019   0.0040
2013.9740      0.0639      0.0680     -0.0254      0.0015   0.0019   0.0040
2013.9767      0.0647      0.0670     -0.0305      0.0015   0.0020   0.0042
2013.9795      0.0652      0.0693     -0.0261      0.0015   0.0019   0.0040
2013.9822      0.0676      0.0675     -0.0249      0.0015   0.0019   0.0040
2013.9849      0.0667      0.0678     -0.0325      0.0016   0.0020   0.0043
2013.9877      0.0669      0.0676     -0.0276      0.0016   0.0020   0.0043
2013.9904      0.0666      0.0692     -0.0363      0.0015   0.0019   0.0040
2013.9932      0.0663      0.0689     -0.0278      0.0015   0.0019   0.0040
2013.9959      0.0657      0.0705     -0.0289      0.0015   0.0019   0.0040
2014.0205      0.0687      0.0685     -0.0283      0.0017   0.0021   0.0045
2014.0233      0.0688      0.0705     -0.0248      0.0016   0.0021   0.0046
2014.0260      0.0665      0.0690     -0.0244      0.0017   0.0021   0.0045
2014.0287      0.0669      0.0715     -0.0205      0.0019   0.0023   0.0050
2014.0424      0.0671      0.0721     -0.0244      0.0016   0.0021   0.0044
2014.0452      0.0610      0.0738      0.0006      0.0034   0.0047   0.0097
2014.0479      0.0690      0.0716     -0.0303      0.0015   0.0019   0.0040
2014.0507      0.0683      0.0714     -0.0288      0.0016   0.0020   0.0043
2014.0561      0.0639      0.0694     -0.0314      0.0016   0.0020   0.0043
2014.0589      0.0651      0.0705     -0.0315      0.0016   0.0020   0.0043
2014.0616      0.0637      0.0731     -0.0237      0.0021   0.0027   0.0057
2014.0643      0.0653      0.0692     -0.0310      0.0021   0.0026   0.0056
2014.0671      0.0671      0.0713     -0.0268      0.0016   0.0020   0.0043
2014.0698      0.0661      0.0711     -0.0275      0.0015   0.0019   0.0041
2014.0726      0.0673      0.0718     -0.0281      0.0017   0.0022   0.0047
2014.0917      0.0645      0.0739     -0.0331      0.0021   0.0026   0.0056
2014.0945      0.0693      0.0695     -0.0288      0.0018   0.0023   0.0049
2014.0972      0.0650      0.0670     -0.0282      0.0020   0.0025   0.0053
2014.0999      0.0720      0.0718     -0.0193      0.0017   0.0022   0.0047
2014.1027      0.0683      0.0710     -0.0040      0.0033   0.0045   0.0091
2014.1054      0.0675      0.0690     -0.0233      0.0015   0.0019   0.0040
2014.1081      0.0691      0.0684     -0.0231      0.0015   0.0019   0.0041
2014.1109      0.0664      0.0699     -0.0263      0.0017   0.0021   0.0046
2014.1300      0.0650      0.0766     -0.0379      0.0020   0.0026   0.0055
2014.1328      0.0658      0.0722     -0.0302      0.0015   0.0019   0.0041
2014.1355      0.0670      0.0711     -0.0333      0.0016   0.0020   0.0043
2014.1383      0.0686      0.0709     -0.0324      0.0016   0.0020   0.0043
2014.1410      0.0664      0.0709     -0.0368      0.0016   0.0020   0.0042
2014.1437      0.0672      0.0706     -0.0237      0.0015   0.0019   0.0041
2014.1465      0.0660      0.0710     -0.0322      0.0015   0.0019   0.0041
2014.1492      0.0685      0.0712     -0.0361      0.0017   0.0022   0.0047
2014.1602      0.0670      0.0695     -0.0325      0.0030   0.0037   0.0080
2014.1629      0.0701      0.0708     -0.0322      0.0015   0.0020   0.0042
2014.1656      0.0704      0.0700     -0.0261      0.0015   0.0019   0.0041
2014.1684      0.0694      0.0699     -0.0380      0.0016   0.0020   0.0045
2014.1711      0.0683      0.0693     -0.0264      0.0019   0.0023   0.0050
2014.1793      0.0651      0.0714     -0.0198      0.0019   0.0024   0.0051
2014.1821      0.0678      0.0686     -0.0311      0.0016   0.0020   0.0042
2014.1848      0.0681      0.0685     -0.0247      0.0015   0.0019   0.0041
2014.1875      0.0681      0.0719     -0.0391      0.0017   0.0022   0.0047
2014.3135      0.0696      0.0741     -0.0286      0.0024   0.0032   0.0065
2014.3901      0.0681      0.0714     -0.0202      0.0015   0.0019   0.0040
2014.4312      0.0671      0.0719     -0.0329      0.0015   0.0019   0.0041
2014.4422      0.0670      0.0732     -0.0194      0.0015   0.0019   0.0040
2014.5352      0.0674      0.0756     -0.0177      0.0015   0.0019   0.0040
2014.5380      0.0698      0.0765     -0.0316      0.0015   0.0019   0.0040
2014.5407      0.0685      0.0770     -0.0293      0.0017   0.0023   0.0047
2014.5435      0.0685      0.0747     -0.0286      0.0015   0.0019   0.0040
2014.5462      0.0700      0.0739     -0.0208      0.0015   0.0019   0.0040
2014.5489      0.0672      0.0731     -0.0375      0.0015   0.0019   0.0040
2014.5517      0.0682      0.0762     -0.0357      0.0015   0.0019   0.0040
2014.5544      0.0692      0.0754     -0.0186      0.0015   0.0019   0.0040
2014.5572      0.0695      0.0732     -0.0313      0.0015   0.0020   0.0042
2014.5599      0.0698      0.0745     -0.0309      0.0016   0.0020   0.0042
2014.5736      0.0689      0.0792     -0.0313      0.0019   0.0025   0.0051
2014.5763      0.0693      0.0762     -0.0254      0.0015   0.0019   0.0040
2014.5791      0.0690      0.0735     -0.0380      0.0014   0.0019   0.0040
2014.5818      0.0708      0.0738     -0.0240      0.0015   0.0019   0.0040
2014.5845      0.0707      0.0746     -0.0359      0.0015   0.0019   0.0040
2014.5873      0.0701      0.0755     -0.0359      0.0015   0.0019   0.0041
2014.5900      0.0688      0.0753     -0.0349      0.0015   0.0019   0.0040
2014.5927      0.0714      0.0766     -0.0355      0.0016   0.0021   0.0044
2014.8474      0.0740      0.0794     -0.0334      0.0015   0.0019   0.0040
2014.8501      0.0714      0.0780     -0.0351      0.0015   0.0019   0.0041
2014.8528      0.0748      0.0782     -0.0362      0.0015   0.0018   0.0040
2014.8556      0.0765      0.0815     -0.0371      0.0015   0.0019   0.0041
2014.8583      0.0749      0.0813     -0.0296      0.0015   0.0019   0.0041
2014.8611      0.0757      0.0769     -0.0327      0.0015   0.0019   0.0040
2014.8638      0.0753      0.0779     -0.0348      0.0015   0.0020   0.0042
2014.8665      0.0743      0.0751     -0.0210      0.0015   0.0019   0.0042
2014.8693      0.0755      0.0783     -0.0389      0.0015   0.0019   0.0042
2014.8720      0.0746      0.0792     -0.0274      0.0015   0.0019   0.0041
2014.8747      0.0743      0.0791     -0.0291      0.0015   0.0019   0.0041
2014.8775      0.0742      0.0776     -0.0330      0.0015   0.0019   0.0041
2014.8802      0.0726      0.0778     -0.0378      0.0015   0.0019   0.0041
2014.8830      0.0766      0.0790     -0.0255      0.0015   0.0019   0.0041
2014.8857      0.0766      0.0802     -0.0301      0.0016   0.0020   0.0043
2014.8884      0.0719      0.0797     -0.0148      0.0017   0.0022   0.0047
2014.8912      0.0729      0.0814     -0.0273      0.0015   0.0019   0.0042
2014.8939      0.0740      0.0822     -0.0297      0.0015   0.0019   0.0041
2014.8966      0.0721      0.0818     -0.0299      0.0016   0.0020   0.0042
2014.8994      0.0752      0.0807     -0.0315      0.0015   0.0020   0.0042
2014.9021      0.0750      0.0804     -0.0309      0.0015   0.0019   0.0041
2014.9049      0.0758      0.0807     -0.0302      0.0016   0.0020   0.0042
2014.9076      0.0762      0.0819     -0.0311      0.0015   0.0019   0.0040
2014.9103      0.0760      0.0814     -0.0242      0.0015   0.0019   0.0040
2014.9131      0.0764      0.0790     -0.0323      0.0016   0.0020   0.0044
2014.9158      0.0730      0.0808     -0.0289      0.0015   0.0019   0.0040
2014.9185      0.0747      0.0794     -0.0281      0.0015   0.0019   0.0040
2014.9213      0.0763      0.0803     -0.0230      0.0015   0.0019   0.0041
2014.9240      0.0746      0.0789     -0.0324      0.0015   0.0019   0.0042
2014.9268      0.0752      0.0790     -0.0353      0.0015   0.0019   0.0041
2014.9295      0.0769      0.0781     -0.0320      0.0015   0.0019   0.0040
2014.9322      0.0763      0.0799     -0.0303      0.0015   0.0019   0.0040
2014.9350      0.0768      0.0796     -0.0288      0.0015   0.0019   0.0040
2014.9377      0.0766      0.0783     -0.0333      0.0015   0.0019   0.0040
2014.9405      0.0751      0.0793     -0.0294      0.0016   0.0020   0.0043
2014.9432      0.0741      0.0815     -0.0390      0.0016   0.0020   0.0042
2014.9459      0.0770      0.0780     -0.0182      0.0015   0.0019   0.0040
2014.9487      0.0728      0.0832     -0.0313      0.0016   0.0021   0.0044
2014.9541      0.0805      0.0808     -0.0247      0.0019   0.0025   0.0052
2014.9569      0.0731      0.0817     -0.0284      0.0015   0.0019   0.0040
2014.9596      0.0752      0.0818     -0.0311      0.0015   0.0019   0.0041
2014.9624      0.0749      0.0790     -0.0279      0.0015   0.0019   0.0041
2014.9651      0.0734      0.0810     -0.0233      0.0015   0.0019   0.0041
2016.5010      0.0927      0.0988     -0.0403      0.0015   0.0018   0.0040
2016.5038      0.0904      0.1008     -0.0332      0.0015   0.0019   0.0040
2016.5065      0.0927      0.1014     -0.0340      0.0015   0.0019   0.0041
2016.5092      0.0892      0.0996     -0.0389      0.0015   0.0019   0.0040
2016.5120      0.0885      0.0996     -0.0395      0.0015   0.0019   0.0040
2016.5147      0.0899      0.1007     -0.0322      0.0015   0.0018   0.0040
2016.5229      0.0889      0.1004     -0.0352      0.0016   0.0020   0.0044
2016.5257      0.0891      0.1002     -0.0402      0.0016   0.0020   0.0042
2016.5284      0.0906      0.0978     -0.0364      0.0015   0.0019   0.0040
2016.5311      0.0918      0.0991     -0.0378      0.0015   0.0019   0.0040
2016.5339      0.0913      0.0999     -0.0280      0.0015   0.0019   0.0041
2016.5613      0.0918      0.1026     -0.0378      0.0015   0.0019   0.0041
2016.5640      0.0898      0.0986     -0.0323      0.0015   0.0019   0.0041
2016.5667      0.0909      0.1000     -0.0399      0.0015   0.0019   0.0040
2016.5695      0.0907      0.1022     -0.0348      0.0015   0.0018   0.0040
2016.5722      0.0933      0.1012     -0.0461      0.0015   0.0019   0.0042
2016.5749      0.0925      0.1007     -0.0345      0.0015   0.0019   0.0040
2016.5777      0.0920      0.1026     -0.0388      0.0015   0.0018   0.0040
2016.5804      0.0932      0.0994     -0.0378      0.0015   0.0019   0.0040
2016.5832      0.0928      0.0968     -0.0238      0.0015   0.0019   0.0041
2016.5859      0.0916      0.1002     -0.0348      0.0015   0.0018   0.0040
2016.5886      0.0906      0.0993     -0.0403      0.0015   0.0019   0.0040
2016.5914      0.0920      0.1001     -0.0348      0.0015   0.0018   0.0040
2016.5941      0.0920      0.1008     -0.0343      0.0014   0.0018   0.0039
2016.5969      0.0918      0.1024     -0.0310      0.0015   0.0019   0.0040
2016.5996      0.0908      0.1004     -0.0376      0.0015   0.0018   0.0040
2016.6023      0.0928      0.1021     -0.0351      0.0015   0.0019   0.0040
2016.6051      0.0927      0.1023     -0.0436      0.0015   0.0019   0.0041
2016.6078      0.0933      0.1012     -0.0275      0.0015   0.0019   0.0040
2016.6105      0.0922      0.1015     -0.0372      0.0015   0.0018   0.0040
2016.6133      0.0914      0.1002     -0.0406      0.0015   0.0018   0.0040
2016.6160      0.0920      0.1004     -0.0321      0.0014   0.0018   0.0040
2016.6188      0.0914      0.1004     -0.0412      0.0015   0.0018   0.0040
2016.6242      0.0944      0.0989     -0.0230      0.0015   0.0019   0.0041
2016.6270      0.0923      0.1026     -0.0396      0.0015   0.0018   0.0040
2016.6297      0.0933      0.1018     -0.0359      0.0015   0.0019   0.0040
2016.6324      0.0930      0.1019     -0.0263      0.0015   0.0019   0.0041
2016.6352      0.0925      0.0999     -0.0310      0.0015   0.0018   0.0040
2016.6379      0.0910      0.1030     -0.0425      0.0015   0.0019   0.0040
2016.6407      0.0901      0.1028     -0.0326      0.0015   0.0018   0.0040
2016.6434      0.0912      0.1012     -0.0409      0.0015   0.0019   0.0040
2016.6461      0.0930      0.1019     -0.0294      0.0015   0.0019   0.0040
2016.6489      0.0939      0.1032     -0.0344      0.0015   0.0019   0.0040
2016.6516      0.0936      0.1013     -0.0203      0.0015   0.0019   0.0041
2016.6543      0.0931      0.0999     -0.0359      0.0014   0.0018   0.0040
2016.6571      0.0905      0.0997     -0.0385      0.0015   0.0018   0.0040
2016.6598      0.0912      0.0998     -0.0389      0.0014   0.0018   0.0040
2016.6626      0.0954      0.1017     -0.0356      0.0015   0.0019   0.0041
2016.6653      0.0908      0.1008     -0.0394      0.0015   0.0019   0.0040
2016.6680      0.0920      0.1004     -0.0379      0.0015   0.0019   0.0041
2016.6708      0.0919      0.0996     -0.0460      0.0015   0.0019   0.0041
2016.6735      0.0925      0.0987     -0.0388      0.0015   0.0018   0.0040
2016.6762      0.0942      0.0987     -0.0323      0.0015   0.0018   0.0040
2016.6790      0.0930      0.1014     -0.0341      0.0015   0.0018   0.0040
2016.6817      0.0926      0.0988     -0.0374      0.0015   0.0018   0.0039
2016.6845      0.0903      0.1015     -0.0399      0.0015   0.0019   0.0042
2016.6872      0.0920      0.1017     -0.0367      0.0015   0.0019   0.0041
2016.6899      0.0945      0.0990     -0.0381      0.0015   0.0019   0.0040
2016.6927      0.0949      0.1000     -0.0296      0.0015   0.0019   0.0040
2016.6954      0.0957      0.1009     -0.0295      0.0015   0.0018   0.0040
2016.6982      0.0917      0.0988     -0.0453      0.0015   0.0019   0.0040
2016.7009      0.0904      0.1024     -0.0349      0.0015   0.0019   0.0040
2016.7036      0.0945      0.1013     -0.0314      0.0015   0.0019   0.0040
2016.7064      0.0933      0.1029     -0.0413      0.0015   0.0020   0.0042
2016.7091      0.0897      0.0981     -0.0367      0.0015   0.0019   0.0041
2016.7118      0.0916      0.1016     -0.0398      0.0015   0.0019   0.0040
2016.7146      0.0916      0.1023     -0.0351      0.0015   0.0018   0.0040
2016.7173      0.0925      0.1018     -0.0375      0.0015   0.0018   0.0040
2016.7201      0.0930      0.1011     -0.0412      0.0015   0.0018   0.0040
2016.7228      0.0928      0.1016     -0.0378      0.0016   0.0021   0.0044
2016.7255      0.0931      0.1021     -0.0316      0.0015   0.0019   0.0041
2016.7283      0.0917      0.1043     -0.0303      0.0015   0.0019   0.0041
2016.7310      0.0929      0.1020     -0.0387      0.0015   0.0018   0.0040
2016.7337      0.0923      0.0998     -0.0265      0.0015   0.0019   0.0040
2016.7365      0.0916      0.0968     -0.0362      0.0016   0.0019   0.0042
2016.7392      0.0935      0.1009     -0.0392      0.0015   0.0019   0.0041
2016.7420      0.0923      0.1002     -0.0396      0.0015   0.0019   0.0040
2016.7447      0.0952      0.1005     -0.0329      0.0015   0.0019   0.0041
2016.7474      0.0966      0.1011     -0.0351      0.0015   0.0019   0.0041
2016.7556      0.0940      0.1019     -0.0286      0.0015   0.0019   0.0041
2016.7584      0.0960      0.1020     -0.0284      0.0015   0.0018   0.0040
2016.7611      0.0952      0.1019     -0.0400      0.0015   0.0019   0.0040
2016.7639      0.0963      0.1026     -0.0321      0.0015   0.0018   0.0040
2016.7666      0.0955      0.1037     -0.0302      0.0015   0.0019   0.0040
2016.7693      0.0953      0.0984     -0.0429      0.0015   0.0019   0.0042
2016.7721      0.0935      0.1024     -0.0288      0.0015   0.0019   0.0040
2016.7748      0.0938      0.1021     -0.0393      0.0015   0.0019   0.0041
2016.7775      0.0923      0.1044     -0.0419      0.0015   0.0019   0.0041
2016.7803      0.0954      0.1044     -0.0360      0.0015   0.0019   0.0040
2016.7830      0.0950      0.1024     -0.0321      0.0015   0.0018   0.0039
2016.7858      0.0976      0.1042     -0.0365      0.0015   0.0019   0.0040
2016.7885      0.0951      0.1049     -0.0241      0.0015   0.0018   0.0039
2016.7912      0.0953      0.1040     -0.0278      0.0015   0.0019   0.0041
2016.8049      0.0955      0.1035     -0.0353      0.0015   0.0019   0.0040
2016.8077      0.0962      0.1055     -0.0361      0.0015   0.0019   0.0041
2016.8104      0.0976      0.1042     -0.0203      0.0015   0.0019   0.0041
2016.8131      0.0975      0.1065     -0.0355      0.0015   0.0019   0.0041
2016.8159      0.0971      0.1003     -0.0325      0.0015   0.0019   0.0041
2016.8186      0.0986      0.1025     -0.0337      0.0015   0.0019   0.0040
2016.8214      0.0983      0.1041     -0.0340      0.0014   0.0018   0.0039
2016.8241      0.0978      0.1075     -0.0386      0.0015   0.0018   0.0040
2016.8268      0.0962      0.1052     -0.0394      0.0015   0.0019   0.0040
2016.8296      0.0942      0.1041     -0.0381      0.0015   0.0019   0.0040
2016.8323      0.0995      0.1014     -0.0297      0.0015   0.0019   0.0041
2016.8350      0.0964      0.1057     -0.0523      0.0015   0.0020   0.0042
2016.8378      0.0973      0.1030     -0.0288      0.0021   0.0027   0.0058
2016.8405      0.0945      0.1051     -0.0415      0.0015   0.0019   0.0041
2016.8433      0.0948      0.1020     -0.0380      0.0017   0.0021   0.0045
2017.3498      0.1006      0.1097     -0.0333      0.0015   0.0019   0.0041
2017.3552      0.0999      0.1140     -0.0447      0.0022   0.0027   0.0058
2017.3580      0.1029      0.1104     -0.0402      0.0015   0.0019   0.0041
2017.3634      0.1001      0.1093     -0.0337      0.0015   0.0019   0.0040
2017.3662      0.1008      0.1085     -0.0295      0.0015   0.0018   0.0040
2017.3689      0.1004      0.1110     -0.0307      0.0015   0.0019   0.0040
2017.3744      0.0983      0.1101     -0.0448      0.0017   0.0021   0.0046
2017.3771      0.0974      0.1101     -0.0408      0.0016   0.0020   0.0043
2017.3799      0.1029      0.1130     -0.0369      0.0015   0.0019   0.0041
2017.3826      0.1029      0.1108     -0.0349      0.0015   0.0019   0.0040
2017.3854      0.1023      0.1131     -0.0344      0.0015   0.0019   0.0040
2017.3881      0.0993      0.1128     -0.0422      0.0016   0.0021   0.0045
2017.3936      0.1011      0.1126     -0.0394      0.0015   0.0019   0.0040
2017.3963      0.0994      0.1129     -0.0347      0.0015   0.0019   0.0040
2017.3990      0.1010      0.1115     -0.0493      0.0015   0.0019   0.0041
2017.4018      0.1014      0.1112     -0.0438      0.0015   0.0019   0.0041
2017.4045      0.1037      0.1101     -0.0309      0.0015   0.0019   0.0040
2017.4073      0.1029      0.1130     -0.0414      0.0015   0.0019   0.0041
2017.4100      0.1016      0.1124     -0.0445      0.0015   0.0019   0.0041
2017.4127      0.1014      0.1115     -0.0395      0.0015   0.0019   0.0040
2017.4155      0.1010      0.1138     -0.0414      0.0015   0.0019   0.0041
2017.4182      0.1546      0.0705     -0.1713      0.0045   0.0055   0.0119
2017.4264      0.0998      0.1123     -0.0429      0.0023   0.0029   0.0064
2017.4292      0.0994      0.1136     -0.0399      0.0015   0.0019   0.0040
2017.4319      0.1006      0.1109     -0.0339      0.0015   0.0019   0.0041
2017.4346      0.0993      0.1125     -0.0303      0.0015   0.0019   0.0041
2017.4374      0.0989      0.1124     -0.0401      0.0015   0.0019   0.0042
2017.4456      0.1016      0.1172     -0.0242      0.0020   0.0025   0.0054
2017.4483      0.1020      0.1151     -0.0355      0.0015   0.0019   0.0041
2017.4511      0.1013      0.1145     -0.0364      0.0015   0.0019   0.0040
2017.4565      0.1016      0.1153     -0.0418      0.0017   0.0021   0.0046
2017.4730      0.1002      0.1142     -0.0479      0.0017   0.0022   0.0046
2017.4757      0.1011      0.1143     -0.0447      0.0017   0.0022   0.0046
2017.4894      0.1030      0.1140     -0.0414      0.0043   0.0099   0.0109
2017.7248      0.1037      0.1152     -0.0396      0.0017   0.0022   0.0047
2017.7331      0.1072      0.1178     -0.0434      0.0015   0.0019   0.0040
2017.7358      0.1055      0.1157     -0.0355      0.0015   0.0019   0.0040
2017.7385      0.1048      0.1155     -0.0428      0.0015   0.0019   0.0040
2017.7413      0.1049      0.1154     -0.0492      0.0015   0.0019   0.0041
2017.8398      0.1052      0.1169     -0.0452      0.0015   0.0019   0.0041
2017.8426      0.1041      0.1151     -0.0433      0.0018   0.0022   0.0049
2018.1684      0.1104      0.1212     -0.0313      0.0015   0.0019   0.0040
2018.1711      0.1091      0.1191     -0.0363      0.0015   0.0019   0.0040
2018.1739      0.1076      0.1189     -0.0336      0.0015   0.0019   0.0040
2018.1766      0.1085      0.1225     -0.0318      0.0015   0.0019   0.0040
2018.1821      0.1078      0.1218     -0.0305      0.0015   0.0019   0.0040
2018.1848      0.1080      0.1205     -0.0308      0.0015   0.0019   0.0040
2018.1875      0.1087      0.1196     -0.0380      0.0015   0.0019   0.0041
2018.1903      0.1068      0.1203     -0.0248      0.0015   0.0019   0.0041
2018.1930      0.1092      0.1201     -0.0326      0.0015   0.0019   0.0040
2018.1958      0.1086      0.1195     -0.0405      0.0015   0.0019   0.0040
2018.1985      0.1077      0.1231     -0.0342      0.0015   0.0019   0.0040
2018.2012      0.1093      0.1211     -0.0359      0.0015   0.0019   0.0041
2018.2067      0.1085      0.1228     -0.0249      0.0015   0.0019   0.0040
2018.2094      0.1067      0.1210     -0.0332      0.0015   0.0019   0.0041
2018.2122      0.1108      0.1194     -0.0420      0.0015   0.0019   0.0040
2018.2149      0.1104      0.1206     -0.0307      0.0015   0.0019   0.0041
2018.2177      0.1097      0.1228     -0.0288      0.0015   0.0018   0.0040
2018.2204      0.1108      0.1227     -0.0310      0.0015   0.0018   0.0039
2018.2231      0.1104      0.1228     -0.0267      0.0015   0.0019   0.0040
2018.2259      0.1117      0.1209     -0.0331      0.0015   0.0018   0.0040
2018.2286      0.1116      0.1228     -0.0315      0.0015   0.0018   0.0039
2018.2313      0.1102      0.1220     -0.0309      0.0015   0.0019   0.0040
2018.2341      0.1108      0.1224     -0.0304      0.0015   0.0018   0.0040
2018.2368      0.1113      0.1202     -0.0359      0.0015   0.0018   0.0040
2018.2396      0.1096      0.1209     -0.0366      0.0015   0.0018   0.0040
2018.2423      0.1070      0.1209     -0.0255      0.0015   0.0019   0.0040
2018.2450      0.1106      0.1221     -0.0329      0.0015   0.0019   0.0040
2018.2478      0.1117      0.1232     -0.0336      0.0015   0.0019   0.0040
2018.2505      0.1110      0.1240     -0.0348      0.0014   0.0018   0.0039
2018.2533      0.1109      0.1225     -0.0254      0.0015   0.0018   0.0040
2018.2560      0.1108      0.1224     -0.0303      0.0015   0.0019   0.0040
2018.2587      0.1130      0.1226     -0.0278      0.0015   0.0019   0.0041
2018.2615      0.1134      0.1213     -0.0244      0.0015   0.0019   0.0041
2018.2642      0.1102      0.1207     -0.0301      0.0015   0.0019   0.0040
2018.2669      0.1112      0.1231     -0.0386      0.0015   0.0019   0.0040
2018.2697      0.1097      0.1195     -0.0296      0.0015   0.0018   0.0040
2018.2724      0.1124      0.1222     -0.0366      0.0015   0.0019   0.0041
2018.2752      0.1065      0.1215     -0.0268      0.0015   0.0019   0.0040
2018.2779      0.1081      0.1218     -0.0292      0.0015   0.0019   0.0041
2018.2806      0.1111      0.1184     -0.0345      0.0015   0.0019   0.0040
2018.2834      0.1109      0.1232     -0.0323      0.0015   0.0019   0.0041
2018.2861      0.1119      0.1203     -0.0371      0.0015   0.0019   0.0040
2018.2888      0.1105      0.1232     -0.0418      0.0015   0.0019   0.0040
2018.2916      0.1095      0.1208     -0.0382      0.0015   0.0019   0.0040
2018.2943      0.1089      0.1191     -0.0375      0.0015   0.0019   0.0040
2018.2971      0.1085      0.1201     -0.0360      0.0015   0.0018   0.0040
2018.2998      0.1097      0.1217     -0.0366      0.0015   0.0019   0.0040
2018.3025      0.1076      0.1216     -0.0359      0.0015   0.0019   0.0040
2018.3053      0.1096      0.1240     -0.0293      0.0015   0.0019   0.0040
2018.3080      0.1093      0.1237     -0.0406      0.0015   0.0019   0.0041
2018.3107      0.1090      0.1232     -0.0306      0.0015   0.0019   0.0040
2018.3135      0.1095      0.1221     -0.0240      0.0015   0.0019   0.0040
2018.3162      0.1096      0.1231     -0.0375      0.0015   0.0019   0.0040
2018.3190      0.1100      0.1210     -0.0304      0.0015   0.0019   0.0041
2018.3217      0.1115      0.1216     -0.0313      0.0015   0.0019   0.0040
2018.3244      0.1086      0.1210     -0.0290      0.0014   0.0018   0.0040
2018.3272      0.1094      0.1201     -0.0281      0.0015   0.0019   0.0041
2018.3299      0.1116      0.1268     -0.0409      0.0015   0.0019   0.0042
2018.3326      0.1142      0.1249     -0.0394      0.0016   0.0020   0.0043
2018.3436      0.1122      0.1246     -0.0324      0.0015   0.0019   0.0040
2018.3463      0.1105      0.1262     -0.0319      0.0015   0.0019   0.0040
2018.3491      0.1119      0.1224     -0.0313      0.0015   0.0019   0.0041
2018.3518      0.1066      0.1240     -0.0393      0.0015   0.0019   0.0040
2018.3546      0.1069      0.1223     -0.0361      0.0015   0.0019   0.0040
2018.3573      0.1069      0.1255     -0.0344      0.0015   0.0019   0.0040
2018.3600      0.1097      0.1230     -0.0278      0.0015   0.0019   0.0040
2018.3628      0.1115      0.1221     -0.0270      0.0015   0.0019   0.0041
2018.3655      0.1107      0.1222     -0.0386      0.0015   0.0019   0.0040
2018.3682      0.1089      0.1257     -0.0419      0.0015   0.0018   0.0040
2018.3710      0.1085      0.1266     -0.0396      0.0015   0.0018   0.0040
2018.3737      0.1099      0.1249     -0.0367      0.0015   0.0019   0.0040
2018.3765      0.1090      0.1250     -0.0357      0.0015   0.0018   0.0040
2018.3792      0.1114      0.1221     -0.0330      0.0015   0.0019   0.0040
2018.3819      0.1077      0.1278     -0.0378      0.0015   0.0018   0.0040
2018.3847      0.1084      0.1262     -0.0396      0.0014   0.0018   0.0040
2018.3874      0.1108      0.1270     -0.0323      0.0014   0.0018   0.0039
2018.3901      0.1094      0.1258     -0.0378      0.0015   0.0018   0.0040
2018.3929      0.1077      0.1259     -0.0427      0.0015   0.0019   0.0040
2018.3956      0.1089      0.1264     -0.0356      0.0015   0.0018   0.0040
2018.3984      0.1111      0.1268     -0.0346      0.0015   0.0018   0.0040
2018.4011      0.1111      0.1253     -0.0422      0.0015   0.0019   0.0040
2018.4038      0.1075      0.1266     -0.0402      0.0015   0.0019   0.0040
2018.4066      0.1074      0.1261     -0.0425      0.0015   0.0019   0.0040
2018.4093      0.1061      0.1253     -0.0391      0.0015   0.0019   0.0040
2018.4120      0.1071      0.1254     -0.0427      0.0014   0.0018   0.0040
2018.4148      0.1094      0.1251     -0.0382      0.0015   0.0019   0.0040
2018.4175      0.1095      0.1232     -0.0365      0.0017   0.0021   0.0046
2018.4203      0.1105      0.1284     -0.0335      0.0015   0.0018   0.0040
2018.4230      0.1077      0.1267     -0.0355      0.0015   0.0019   0.0040
2018.4257      0.1112      0.1290     -0.0371      0.0015   0.0019   0.0041
2018.4285      0.1103      0.1269     -0.0378      0.0015   0.0018   0.0040
2018.4312      0.1098      0.1286     -0.0497      0.0015   0.0019   0.0041
2018.4339      0.1115      0.1259     -0.0334      0.0014   0.0018   0.0040
2018.4367      0.1103      0.1256     -0.0366      0.0014   0.0018   0.0040
2018.4394      0.1098      0.1247     -0.0366      0.0015   0.0019   0.0040
2018.4422      0.1107      0.1251     -0.0418      0.0015   0.0019   0.0041
2018.4449      0.1106      0.1259     -0.0388      0.0015   0.0019   0.0040
2018.4476      0.1095      0.1262     -0.0435      0.0015   0.0019   0.0040
2018.4504      0.1127      0.1268     -0.0414      0.0015   0.0019   0.0040
2018.4531      0.1127      0.1278     -0.0397      0.0014   0.0018   0.0039
2018.4559      0.1119      0.1279     -0.0455      0.0014   0.0018   0.0040
2018.4586      0.1102      0.1284     -0.0460      0.0014   0.0018   0.0040
2018.4613      0.1075      0.1281     -0.0496      0.0015   0.0019   0.0040
2018.4641      0.1104      0.1289     -0.0396      0.0015   0.0019   0.0040
2018.4668      0.1103      0.1284     -0.0452      0.0015   0.0019   0.0040
2018.4695      0.1091      0.1286     -0.0413      0.0015   0.0019   0.0040
2018.4723      0.1120      0.1282     -0.0403      0.0015   0.0019   0.0040
2018.4750      0.1100      0.1267     -0.0464      0.0015   0.0019   0.0040
2018.4778      0.1118      0.1281     -0.0399      0.0015   0.0019   0.0040
2018.4805      0.1113      0.1274     -0.0391      0.0014   0.0018   0.0040
2018.4832      0.1130      0.1263     -0.0423      0.0015   0.0018   0.0040
2018.4860      0.1123      0.1276     -0.0406      0.0015   0.0019   0.0040
2018.4887      0.1110      0.1276     -0.0457      0.0015   0.0019   0.0040
2018.4914      0.1100      0.1275     -0.0459      0.0015   0.0019   0.0040
2018.4942      0.1122      0.1279     -0.0426      0.0015   0.0019   0.0040
2018.4969      0.1115      0.1265     -0.0443      0.0015   0.0019   0.0040
2018.4997      0.1103      0.1273     -0.0448      0.0015   0.0019   0.0040
2018.5024      0.1122      0.1274     -0.0372      0.0015   0.0019   0.0040
2018.5051      0.1132      0.1276     -0.0444      0.0015   0.0018   0.0040
2018.5079      0.1119      0.1285     -0.0385      0.0015   0.0019   0.0040
2018.5106      0.1136      0.1269     -0.0406      0.0015   0.0019   0.0040
2018.5133      0.1139      0.1274     -0.0424      0.0015   0.0018   0.0040
2018.5161      0.1141      0.1275     -0.0427      0.0014   0.0018   0.0040
2018.5188      0.1128      0.1270     -0.0421      0.0015   0.0019   0.0040
2018.5216      0.1124      0.1270     -0.0520      0.0015   0.0018   0.0040
2018.5243      0.1136      0.1279     -0.0372      0.0015   0.0019   0.0041
2018.5270      0.1115      0.1283     -0.0432      0.0015   0.0019   0.0040
2018.5298      0.1103      0.1281     -0.0429      0.0014   0.0018   0.0039
2018.5462      0.1134      0.1275     -0.0456      0.0015   0.0018   0.0039
2018.5489      0.1147      0.1278     -0.0353      0.0015   0.0019   0.0040
2018.5517      0.1139      0.1279     -0.0410      0.0014   0.0018   0.0040
2018.5544      0.1115      0.1282     -0.0394      0.0014   0.0018   0.0040
2018.5572      0.1097      0.1277     -0.0404      0.0015   0.0019   0.0040
2018.5599      0.1100      0.1268     -0.0463      0.0015   0.0019   0.0041
2018.5626      0.1126      0.1300     -0.0420      0.0015   0.0019   0.0040
2018.5654      0.1132      0.1298     -0.0396      0.0015   0.0019   0.0041
2018.5681      0.1136      0.1288     -0.0383      0.0015   0.0019   0.0041
2018.5708      0.1127      0.1274     -0.0390      0.0015   0.0019   0.0040
2018.5736      0.1141      0.1262     -0.0371      0.0015   0.0019   0.0040
2018.5763      0.1105      0.1261     -0.0388      0.0015   0.0019   0.0041
2018.5791      0.1110      0.1272     -0.0379      0.0015   0.0019   0.0041
2018.5818      0.1116      0.1276     -0.0435      0.0015   0.0019   0.0040
2018.5845      0.1115      0.1275     -0.0418      0.0015   0.0019   0.0040
2018.5873      0.1129      0.1276     -0.0503      0.0015   0.0019   0.0040
2018.5900      0.1106      0.1278     -0.0413      0.0015   0.0018   0.0040
2018.5927      0.1149      0.1312     -0.0471      0.0015   0.0019   0.0040
2018.5955      0.1133      0.1284     -0.0423      0.0014   0.0018   0.0039
2018.5982      0.1113      0.1283     -0.0481      0.0014   0.0018   0.0039
2018.6010      0.1116      0.1283     -0.0338      0.0015   0.0018   0.0040
2018.6037      0.1132      0.1285     -0.0455      0.0015   0.0019   0.0040
2018.6064      0.1122      0.1279     -0.0414      0.0014   0.0018   0.0039
2018.6092      0.1105      0.1278     -0.0404      0.0015   0.0019   0.0040
2018.6119      0.1114      0.1316     -0.0454      0.0015   0.0019   0.0040
2018.6146      0.1118      0.1282     -0.0347      0.0015   0.0019   0.0040
2018.6174      0.1150      0.1310     -0.0394      0.0015   0.0019   0.0041
2018.6201      0.1116      0.1302     -0.0434      0.0015   0.0019   0.0040
2018.6229      0.1144      0.1290     -0.0423      0.0015   0.0019   0.0040
2018.6256      0.1140      0.1279     -0.0423      0.0015   0.0019   0.0040
2018.6283      0.1122      0.1287     -0.0404      0.0015   0.0019   0.0040
2018.6311      0.1133      0.1302     -0.0370      0.0015   0.0019   0.0040
2018.6338      0.1112      0.1299     -0.0415      0.0015   0.0019   0.0040
2018.6366      0.1106      0.1314     -0.0496      0.0015   0.0019   0.0041
2018.6393      0.1116      0.1297     -0.0381      0.0015   0.0019   0.0041
2018.6420      0.1121      0.1270     -0.0394      0.0015   0.0019   0.0041
2018.6448      0.1139      0.1284     -0.0398      0.0015   0.0019   0.0040
2018.6475      0.1132      0.1285     -0.0412      0.0014   0.0018   0.0039
2018.6502      0.1140      0.1294     -0.0475      0.0015   0.0019   0.0040
2018.6530      0.1138      0.1280     -0.0443      0.0015   0.0019   0.0040
2018.6557      0.1141      0.1302     -0.0470      0.0015   0.0019   0.0040
2018.6585      0.1157      0.1287     -0.0313      0.0015   0.0019   0.0040
2018.6612      0.1141      0.1270     -0.0389      0.0015   0.0019   0.0040
2018.6639      0.1125      0.1303     -0.0408      0.0014   0.0019   0.0040
2018.6667      0.1142      0.1292     -0.0396      0.0015   0.0019   0.0040
2018.6694      0.1130      0.1246     -0.0302      0.0015   0.0019   0.0040
2018.6721      0.1160      0.1292     -0.0346      0.0015   0.0019   0.0040
2018.6749      0.1150      0.1309     -0.0334      0.0015   0.0019   0.0041
2018.6776      0.1157      0.1317     -0.0389      0.0015   0.0018   0.0040
2018.6804      0.1144      0.1308     -0.0415      0.0015   0.0019   0.0040
2018.6831      0.1157      0.1299     -0.0344      0.0015   0.0019   0.0041
2018.6858      0.1149      0.1317     -0.0357      0.0014   0.0018   0.0039
2018.6886      0.1149      0.1316     -0.0366      0.0015   0.0018   0.0040
2018.6913      0.1164      0.1320     -0.0367      0.0015   0.0019   0.0041
2018.6940      0.1173      0.1296     -0.0389      0.0015   0.0019   0.0041
2018.6968      0.1162      0.1298     -0.0372      0.0015   0.0019   0.0041
2018.6995      0.1168      0.1284     -0.0339      0.0015   0.0019   0.0041
2018.7023      0.1161      0.1318     -0.0440      0.0015   0.0019   0.0041
2018.7050      0.1172      0.1271     -0.0307      0.0015   0.0019   0.0041
2018.7077      0.1188      0.1285     -0.0376      0.0015   0.0019   0.0041
2018.7105      0.1189      0.1287     -0.0393      0.0015   0.0019   0.0041
2018.7132      0.1158      0.1290     -0.0444      0.0015   0.0018   0.0040
2018.7159      0.1162      0.1291     -0.0355      0.0015   0.0019   0.0040
2018.7187      0.1173      0.1272     -0.0381      0.0014   0.0018   0.0040
2018.7214      0.1148      0.1267     -0.0352      0.0015   0.0019   0.0040
2018.7242      0.1166      0.1278     -0.0281      0.0015   0.0019   0.0040
2018.7269      0.1169      0.1301     -0.0334      0.0015   0.0019   0.0040
2018.7296      0.1175      0.1301     -0.0439      0.0015   0.0018   0.0040
2018.7324      0.1175      0.1292     -0.0413      0.0015   0.0019   0.0040
2018.7351      0.1157      0.1309     -0.0424      0.0014   0.0019   0.0040
2018.7379      0.1175      0.1308     -0.0317      0.0014   0.0018   0.0040
2018.7406      0.1150      0.1290     -0.0348      0.0015   0.0019   0.0040
2018.7433      0.1176      0.1300     -0.0416      0.0015   0.0018   0.0040
2018.7461      0.1163      0.1281     -0.0400      0.0014   0.0018   0.0040
2018.7488      0.1186      0.1304     -0.0436      0.0015   0.0018   0.0040
2018.7515      0.1176      0.1284     -0.0375      0.0015   0.0019   0.0040
2018.7543      0.1181      0.1275     -0.0419      0.0015   0.0019   0.0040
2018.7570      0.1169      0.1256     -0.0385      0.0015   0.0019   0.0040
2018.7598      0.1172      0.1282     -0.0342      0.0015   0.0019   0.0040
2018.7625      0.1207      0.1307     -0.0347      0.0015   0.0019   0.0040
2018.7652      0.1156      0.1289     -0.0439      0.0015   0.0019   0.0040
2018.7680      0.1174      0.1269     -0.0357      0.0014   0.0019   0.0040
2018.7707      0.1174      0.1322     -0.0320      0.0015   0.0019   0.0041
2018.7734      0.1185      0.1289     -0.0438      0.0015   0.0019   0.0040
2018.7762      0.1133      0.1240     -0.0379      0.0015   0.0019   0.0041
2018.7789      0.1142      0.1267     -0.0397      0.0015   0.0019   0.0040
2018.7817      0.1154      0.1309     -0.0346      0.0015   0.0019   0.0041
2018.7844      0.1151      0.1335     -0.0397      0.0015   0.0019   0.0040
2018.7871      0.1159      0.1306     -0.0395      0.0015   0.0019   0.0040
2018.7899      0.1141      0.1307     -0.0370      0.0015   0.0019   0.0040
2018.7926      0.1190      0.1294     -0.0393      0.0015   0.0019   0.0041
2018.7953      0.1195      0.1318     -0.0384      0.0015   0.0019   0.0040
2018.7981      0.1160      0.1295     -0.0405      0.0015   0.0019   0.0041
2018.8008      0.1186      0.1268     -0.0461      0.0015   0.0019   0.0040
2018.8036      0.1161      0.1344     -0.0386      0.0015   0.0019   0.0041
2018.8063      0.1168      0.1316     -0.0413      0.0015   0.0019   0.0041
2018.8090      0.1154      0.1307     -0.0339      0.0015   0.0019   0.0040
2018.8118      0.1171      0.1298     -0.0415      0.0015   0.0020   0.0042
2018.8145      0.1164      0.1318     -0.0395      0.0015   0.0019   0.0041
2018.8172      0.1178      0.1260     -0.0425      0.0015   0.0019   0.0041
2018.8200      0.1142      0.1293     -0.0551      0.0015   0.0019   0.0041
2018.8227      0.1179      0.1308     -0.0425      0.0015   0.0019   0.0041
2018.8255      0.1185      0.1313     -0.0349      0.0015   0.0019   0.0041
2018.8282      0.1175      0.1321     -0.0386      0.0015   0.0019   0.0040
2018.8309      0.1133      0.1323     -0.0382      0.0015   0.0019   0.0040
2018.8337      0.1161      0.1347     -0.0369      0.0015   0.0019   0.0040
2018.8364      0.1140      0.1335     -0.0391      0.0015   0.0019   0.0040
2018.8392      0.1155      0.1318     -0.0354      0.0015   0.0019   0.0040
2018.8419      0.1139      0.1320     -0.0420      0.0015   0.0019   0.0040
2018.8446      0.1143      0.1327     -0.0543      0.0015   0.0018   0.0040
2018.8474      0.1153      0.1309     -0.0381      0.0015   0.0019   0.0041
2018.8501      0.1166      0.1327     -0.0396      0.0015   0.0019   0.0040
2018.8528      0.1166      0.1322     -0.0370      0.0014   0.0018   0.0040
2018.8556      0.1169      0.1312     -0.0406      0.0015   0.0018   0.0040
2018.8583      0.1179      0.1316     -0.0362      0.0015   0.0019   0.0040
2018.8611      0.1185      0.1294     -0.0383      0.0015   0.0018   0.0040
2018.8638      0.1180      0.1324     -0.0337      0.0015   0.0019   0.0040
2018.8665      0.1200      0.1317     -0.0429      0.0015   0.0019   0.0040
2018.8693      0.1178      0.1316     -0.0335      0.0015   0.0019   0.0041
2018.8720      0.1158      0.1355     -0.0230      0.0015   0.0019   0.0040
2018.8747      0.1152      0.1319     -0.0406      0.0015   0.0019   0.0040
2018.8775      0.1176      0.1313     -0.0379      0.0015   0.0019   0.0040
2018.8802      0.1186      0.1321     -0.0343      0.0015   0.0018   0.0040
2018.8830      0.1191      0.1326     -0.0389      0.0015   0.0019   0.0041
2018.8857      0.1169      0.1330     -0.0316      0.0015   0.0019   0.0041
2018.8884      0.1161      0.1327     -0.0362      0.0015   0.0019   0.0040
2018.8912      0.1170      0.1316     -0.0346      0.0015   0.0019   0.0041
2018.8939      0.1175      0.1333     -0.0410      0.0015   0.0019   0.0040
2018.8966      0.1194      0.1301     -0.0354      0.0015   0.0019   0.0040
2018.8994      0.1195      0.1319     -0.0333      0.0015   0.0019   0.0040
2018.9021      0.1144      0.1337     -0.0377      0.0015   0.0019   0.0040
2018.9049      0.1162      0.1315     -0.0340      0.0015   0.0019   0.0041
2018.9076      0.1145      0.1326     -0.0385      0.0015   0.0020   0.0042
2018.9103      0.1195      0.1331     -0.0368      0.0015   0.0019   0.0040
2018.9131      0.1165      0.1334     -0.0456      0.0015   0.0019   0.0040
2019.0116      0.1181      0.1335     -0.0320      0.0015   0.0019   0.0040
2019.0144      0.1208      0.1341     -0.0334      0.0017   0.0021   0.0046
2019.0171      0.1188      0.1328     -0.0378      0.0014   0.0018   0.0039
2019.0198      0.1202      0.1328     -0.0380      0.0015   0.0018   0.0040
2019.0226      0.1202      0.1350     -0.0411      0.0015   0.0018   0.0040
2019.0253      0.1207      0.1318     -0.0299      0.0015   0.0019   0.0040
2019.0281      0.1212      0.1338     -0.0397      0.0015   0.0019   0.0040
2019.0308      0.1187      0.1340     -0.0387      0.0015   0.0019   0.0040
2019.0335      0.1200      0.1317     -0.0305      0.0014   0.0018   0.0039
2019.0500      0.1206      0.1339     -0.0399      0.0015   0.0019   0.0040
2019.0527      0.1202      0.1348     -0.0326      0.0015   0.0019   0.0040
2019.0582      0.1205      0.1338     -0.0401      0.0015   0.0019   0.0040
2019.0609      0.1214      0.1341     -0.0399      0.0015   0.0019   0.0040
2019.0637      0.1202      0.1340     -0.0311      0.0015   0.0019   0.0040
2019.0664      0.1217      0.1326     -0.0349      0.0015   0.0019   0.0040
2019.0691      0.1180      0.1312     -0.0390      0.0015   0.0019   0.0040
2019.0719      0.1208      0.1321     -0.0432      0.0015   0.0018   0.0040
2019.0746      0.1204      0.1327     -0.0399      0.0014   0.0018   0.0039
2019.0773      0.1210      0.1317     -0.0417      0.0015   0.0019   0.0040
2019.0801      0.1224      0.1309     -0.0400      0.0015   0.0019   0.0040
2019.0828      0.1249      0.1321     -0.0427      0.0015   0.0019   0.0040
2019.0856      0.1220      0.1331     -0.0345      0.0014   0.0018   0.0039
2019.0883      0.1232      0.1318     -0.0388      0.0014   0.0018   0.0039
2019.0910      0.1215      0.1320     -0.0293      0.0014   0.0018   0.0039
2019.0938      0.1201      0.1318     -0.0329      0.0014   0.0018   0.0039
2019.0965      0.1221      0.1351     -0.0317      0.0014   0.0018   0.0039
2019.0992      0.1217      0.1306     -0.0393      0.0015   0.0019   0.0040
2019.1020      0.1196      0.1314     -0.0345      0.0015   0.0019   0.0040
2019.1075      0.1234      0.1283     -0.0329      0.0014   0.0018   0.0039
2019.1102      0.1228      0.1316     -0.0332      0.0015   0.0018   0.0040
2019.1129      0.1222      0.1327     -0.0345      0.0015   0.0019   0.0040
2019.1157      0.1203      0.1332     -0.0302      0.0015   0.0019   0.0040
2019.1184      0.1207      0.1328     -0.0318      0.0014   0.0018   0.0040
2019.1211      0.1208      0.1327     -0.0376      0.0015   0.0019   0.0040
2019.1266      0.1215      0.1321     -0.0324      0.0015   0.0018   0.0040
2019.1294      0.1216      0.1333     -0.0436      0.0015   0.0018   0.0040
2019.1321      0.1200      0.1337     -0.0388      0.0015   0.0019   0.0040
2019.1348      0.1207      0.1328     -0.0397      0.0015   0.0019   0.0040
2019.1376      0.1229      0.1322     -0.0335      0.0015   0.0019   0.0040
2019.1431      0.1228      0.1328     -0.0325      0.0014   0.0018   0.0040
2019.1458      0.1242      0.1351     -0.0322      0.0015   0.0019   0.0040
2019.1485      0.1223      0.1317     -0.0357      0.0015   0.0018   0.0040
2019.1513      0.1231      0.1330     -0.0380      0.0015   0.0019   0.0040
2019.1567      0.1216      0.1330     -0.0394      0.0015   0.0018   0.0039
2019.1595      0.1210      0.1334     -0.0322      0.0015   0.0018   0.0040
2019.1650      0.1210      0.1329     -0.0331      0.0015   0.0018   0.0040
2019.1677      0.1230      0.1319     -0.0368      0.0015   0.0018   0.0039
2019.1732      0.1214      0.1319     -0.0318      0.0015   0.0018   0.0040
2019.1759      0.1226      0.1335     -0.0338      0.0015   0.0018   0.0040
2019.1786      0.1231      0.1355     -0.0415      0.0015   0.0019   0.0040
2019.1814      0.1229      0.1335     -0.0310      0.0014   0.0018   0.0039
2019.1841      0.1233      0.1328     -0.0361      0.0014   0.0018   0.0039
2019.1869      0.1216      0.1340     -0.0389      0.0014   0.0018   0.0039
2019.1896      0.1228      0.1335     -0.0332      0.0014   0.0019   0.0040
2019.1923      0.1223      0.1352     -0.0317      0.0015   0.0018   0.0040
2019.1951      0.1229      0.1334     -0.0312      0.0015   0.0019   0.0040
2019.1978      0.1230      0.1347     -0.0336      0.0015   0.0019   0.0040
2019.2005      0.1212      0.1326     -0.0305      0.0015   0.0018   0.0040
2019.2033      0.1225      0.1340     -0.0354      0.0015   0.0019   0.0040
2019.2060      0.1225      0.1355     -0.0287      0.0015   0.0019   0.0040
2019.2088      0.1202      0.1328     -0.0385      0.0014   0.0018   0.0040
2019.2115      0.1221      0.1332     -0.0369      0.0015   0.0019   0.0041
2019.2142      0.1236      0.1318     -0.0331      0.0015   0.0018   0.0040
2019.2170      0.1210      0.1331     -0.0379      0.0015   0.0018   0.0040
2019.2197      0.1213      0.1339     -0.0382      0.0015   0.0019   0.0040
2019.2225      0.1224      0.1336     -0.0355      0.0015   0.0019   0.0040
2019.2252      0.1216      0.1351     -0.0340      0.0014   0.0018   0.0039
2019.2279      0.1221      0.1353     -0.0374      0.0014   0.0018   0.0039
2019.2307      0.1227      0.1339     -0.0348      0.0015   0.0019   0.0040
2019.2334      0.1244      0.1350     -0.0385      0.0015   0.0019   0.0040
2019.2361      0.1253      0.1332     -0.0403      0.0015   0.0019   0.0040
2019.2389      0.1241      0.1332     -0.0410      0.0014   0.0018   0.0039
2019.2416      0.1218      0.1340     -0.0411      0.0015   0.0018   0.0040
2019.2444      0.1233      0.1341     -0.0320      0.0015   0.0019   0.0040
2019.2471      0.1215      0.1348     -0.0457      0.0015   0.0019   0.0040
2019.2498      0.1225      0.1320     -0.0463      0.0015   0.0019   0.0040
2019.2526      0.1247      0.1340     -0.0331      0.0015   0.0019   0.0041
2019.2553      0.1237      0.1344     -0.0337      0.0015   0.0019   0.0040
2019.2580      0.1244      0.1346     -0.0399      0.0015   0.0019   0.0040
2019.2608      0.1255      0.1343     -0.0381      0.0015   0.0019   0.0040
2019.2635      0.1220      0.1313     -0.0378      0.0015   0.0019   0.0040
2019.2663      0.1213      0.1339     -0.0378      0.0015   0.0019   0.0040
2019.2690      0.1237      0.1327     -0.0397      0.0015   0.0019   0.0040
2019.2717      0.1221      0.1363     -0.0388      0.0015   0.0019   0.0041
2019.2745      0.1225      0.1322     -0.0344      0.0015   0.0018   0.0040
2019.2772      0.1244      0.1355     -0.0388      0.0015   0.0019   0.0040
2019.2799      0.1235      0.1350     -0.0274      0.0015   0.0019   0.0040
2019.2827      0.1260      0.1356     -0.0263      0.0015   0.0019   0.0040
2019.2854      0.1246      0.1325     -0.0389      0.0015   0.0018   0.0040
2019.2882      0.1273      0.1346     -0.0403      0.0015   0.0019   0.0040
2019.2909      0.1216      0.1363     -0.0359      0.0015   0.0019   0.0040
2019.2936      0.1220      0.1344     -0.0354      0.0015   0.0019   0.0040
2019.2964      0.1225      0.1358     -0.0372      0.0015   0.0019   0.0040
2019.2991      0.1242      0.1359     -0.0344      0.0015   0.0019   0.0042
2019.3018      0.1190      0.1342     -0.0304      0.0015   0.0019   0.0041
2019.3046      0.1230      0.1366     -0.0355      0.0015   0.0019   0.0040
2019.3073      0.1227      0.1367     -0.0372      0.0015   0.0019   0.0040
2019.3101      0.1221      0.1361     -0.0355      0.0015   0.0019   0.0040
2019.3128      0.1222      0.1374     -0.0414      0.0015   0.0019   0.0040
2019.3155      0.1243      0.1331     -0.0361      0.0015   0.0019   0.0040
2019.3183      0.1217      0.1399     -0.0337      0.0015   0.0019   0.0040
2019.3210      0.1231      0.1360     -0.0292      0.0015   0.0019   0.0040
2019.3238      0.1244      0.1390     -0.0367      0.0015   0.0019   0.0040
2019.3320      0.1231      0.1356     -0.0399      0.0015   0.0018   0.0040
2019.3347      0.1230      0.1383     -0.0323      0.0015   0.0019   0.0040
2019.3374      0.1209      0.1360     -0.0290      0.0015   0.0019   0.0040
2019.3402      0.1239      0.1362     -0.0317      0.0015   0.0019   0.0040
2019.3429      0.1227      0.1383     -0.0367      0.0015   0.0019   0.0040
2019.3457      0.1216      0.1382     -0.0320      0.0015   0.0019   0.0041
2019.3484      0.1213      0.1352     -0.0338      0.0015   0.0019   0.0041
2019.3511      0.1235      0.1350     -0.0273      0.0015   0.0019   0.0040
2019.3539      0.1224      0.1348     -0.0344      0.0015   0.0019   0.0040
2019.3566      0.1237      0.1372     -0.0355      0.0015   0.0019   0.0040
2019.3593      0.1235      0.1378     -0.0356      0.0014   0.0018   0.0040
2019.3621      0.1228      0.1391     -0.0351      0.0015   0.0018   0.0040
2019.3648      0.1233      0.1384     -0.0359      0.0015   0.0019   0.0040
2019.3676      0.1273      0.1355     -0.0493      0.0015   0.0019   0.0041
2019.3703      0.1228      0.1367     -0.0409      0.0015   0.0019   0.0040
2019.3730      0.1232      0.1376     -0.0392      0.0015   0.0019   0.0040
2019.3758      0.1224      0.1391     -0.0299      0.0015   0.0019   0.0041
2019.3785      0.1230      0.1366     -0.0225      0.0015   0.0019   0.0040
2019.3812      0.1212      0.1397     -0.0353      0.0015   0.0019   0.0040
2019.3840      0.1220      0.1406     -0.0281      0.0015   0.0019   0.0040
2019.3867      0.1244      0.1388     -0.0387      0.0015   0.0019   0.0040
2019.3895      0.1266      0.1391     -0.0392      0.0015   0.0019   0.0040
2019.3922      0.1229      0.1381     -0.0361      0.0015   0.0018   0.0040
2019.3949      0.1239      0.1381     -0.0429      0.0015   0.0018   0.0039
2019.3977      0.1233      0.1370     -0.0400      0.0015   0.0019   0.0040
2019.4004      0.1218      0.1386     -0.0458      0.0015   0.0018   0.0040
2019.4031      0.1227      0.1421     -0.0429      0.0015   0.0019   0.0041
2019.4059      0.1224      0.1404     -0.0436      0.0014   0.0018   0.0039
2019.4086      0.1231      0.1395     -0.0427      0.0014   0.0018   0.0039
2019.4114      0.1236      0.1414     -0.0435      0.0015   0.0018   0.0039
2019.4141      0.1244      0.1381     -0.0204      0.0015   0.0019   0.0040
2019.4168      0.1203      0.1402     -0.0597      0.0015   0.0019   0.0040
2019.4196      0.1223      0.1391     -0.0418      0.0014   0.0018   0.0039
2019.4251      0.1220      0.1389     -0.0459      0.0015   0.0019   0.0041
2019.4278      0.1224      0.1391     -0.0405      0.0015   0.0019   0.0041
2019.4305      0.1233      0.1368     -0.0392      0.0015   0.0019   0.0040
2019.4333      0.1229      0.1380     -0.0434      0.0014   0.0018   0.0040
2019.4360      0.1240      0.1404     -0.0442      0.0015   0.0019   0.0040
2019.4387      0.1250      0.1386     -0.0371      0.0015   0.0019   0.0040
2019.4415      0.1223      0.1380     -0.0512      0.0015   0.0019   0.0040
2019.4442      0.1247      0.1404     -0.0452      0.0015   0.0019   0.0041
2019.4470      0.1227      0.1400     -0.0501      0.0015   0.0019   0.0040
2019.4497      0.1206      0.1402     -0.0518      0.0015   0.0019   0.0040
2019.4524      0.1219      0.1393     -0.0516      0.0015   0.0019   0.0040
2019.4552      0.1219      0.1387     -0.0499      0.0015   0.0019   0.0041
2019.4579      0.1221      0.1378     -0.0518      0.0015   0.0019   0.0040
2019.4606      0.1200      0.1379     -0.0436      0.0015   0.0019   0.0040
2019.4634      0.1217      0.1415     -0.0469      0.0015   0.0019   0.0041
2019.4661      0.1209      0.1378     -0.0414      0.0015   0.0019   0.0041
2019.4689      0.1223      0.1407     -0.0403      0.0015   0.0019   0.0040
2019.4716      0.1264      0.1395     -0.0427      0.0015   0.0019   0.0041
2019.4743      0.1233      0.1394     -0.0505      0.0015   0.0019   0.0040
2019.4771      0.1239      0.1410     -0.0455      0.0015   0.0019   0.0040
2019.4798      0.1247      0.1391     -0.0428      0.0015   0.0019   0.0040
2019.4825      0.1241      0.1407     -0.0507      0.0015   0.0019   0.0040
2019.4908      0.1243      0.1417     -0.0444      0.0014   0.0018   0.0039
2019.4935      0.1229      0.1409     -0.0515      0.0015   0.0019   0.0040
2019.4962      0.1234      0.1415     -0.0486      0.0015   0.0019   0.0041
2019.4990      0.1235      0.1405     -0.0432      0.0015   0.0018   0.0040
2019.5017      0.1232      0.1412     -0.0440      0.0015   0.0019   0.0040
2019.5044      0.1253      0.1425     -0.0434      0.0015   0.0019   0.0040
2019.5072      0.1260      0.1403     -0.0514      0.0014   0.0018   0.0039
2019.5099      0.1221      0.1396     -0.0401      0.0015   0.0019   0.0040
2019.5127      0.1240      0.1427     -0.0334      0.0015   0.0019   0.0040
2019.5154      0.1250      0.1387     -0.0442      0.0015   0.0019   0.0040
2019.5181      0.1236      0.1417     -0.0472      0.0015   0.0019   0.0040
2019.5209      0.1248      0.1413     -0.0482      0.0015   0.0019   0.0040
2019.5236      0.1235      0.1389     -0.0461      0.0015   0.0019   0.0040
2019.5264      0.1231      0.1427     -0.0489      0.0014   0.0018   0.0040
2019.5291      0.1242      0.1405     -0.0453      0.0015   0.0019   0.0041
2019.5318      0.1243      0.1404     -0.0523      0.0015   0.0019   0.0040
2019.5373      0.1248      0.1390     -0.0480      0.0015   0.0019   0.0040
2019.5400      0.1229      0.1412     -0.0450      0.0015   0.0019   0.0040
2019.5428      0.1233      0.1396     -0.0494      0.0015   0.0019   0.0040
2019.5455      0.1235      0.1419     -0.0499      0.0015   0.0019   0.0040
2019.5483      0.1241      0.1417     -0.0418      0.0014   0.0018   0.0039
2019.5510      0.1229      0.1428     -0.0446      0.0015   0.0019   0.0040
2019.5537      0.1244      0.1404     -0.0399      0.0015   0.0019   0.0040
2019.5565      0.1268      0.1426     -0.0416      0.0015   0.0019   0.0040
2019.5592      0.1231      0.1426     -0.0447      0.0015   0.0019   0.0041
2019.5619      0.1244      0.1389     -0.0432      0.0015   0.0019   0.0040
2019.5647      0.1252      0.1396     -0.0451      0.0015   0.0019   0.0040
2019.5702      0.1235      0.1397     -0.0503      0.0015   0.0018   0.0040
2019.5729      0.1238      0.1367     -0.0454      0.0015   0.0019   0.0040
2019.5756      0.1234      0.1406     -0.0458      0.0015   0.0019   0.0040
2019.5784      0.1240      0.1400     -0.0459      0.0015   0.0019   0.0040
2019.5811      0.1236      0.1407     -0.0418      0.0015   0.0019   0.0041
2019.5838      0.1254      0.1385     -0.0380      0.0015   0.0019   0.0041
2019.5866      0.1244      0.1407     -0.0414      0.0015   0.0019   0.0040
2019.5893      0.1226      0.1410     -0.0403      0.0015   0.0019   0.0040
2019.5921      0.1232      0.1385     -0.0464      0.0015   0.0019   0.0041
2019.5948      0.1249      0.1394     -0.0513      0.0015   0.0019   0.0040
2019.5975      0.1262      0.1371     -0.0409      0.0015   0.0020   0.0042
2019.6003      0.1241      0.1414     -0.0428      0.0015   0.0019   0.0041
2019.6030      0.1263      0.1400     -0.0447      0.0015   0.0019   0.0040
2019.6057      0.1268      0.1393     -0.0489      0.0015   0.0019   0.0040
2019.6085      0.1237      0.1393     -0.0439      0.0015   0.0019   0.0041
2019.6112      0.1276      0.1399     -0.0417      0.0015   0.0019   0.0041
2019.6140      0.1259      0.1391     -0.0390      0.0015   0.0019   0.0041
2019.6167      0.1247      0.1408     -0.0309      0.0015   0.0019   0.0040
2019.6194      0.1236      0.1393     -0.0414      0.0015   0.0019   0.0040
2019.6249      0.1256      0.1394     -0.0480      0.0015   0.0019   0.0040
2019.6277      0.1247      0.1381     -0.0456      0.0015   0.0018   0.0040
2019.6304      0.1244      0.1386     -0.0449      0.0015   0.0019   0.0040
2019.6331      0.1277      0.1378     -0.0389      0.0015   0.0019   0.0042
2019.6359      0.1237      0.1377     -0.0416      0.0015   0.0019   0.0040
2019.6386      0.1242      0.1417     -0.0434      0.0015   0.0019   0.0040
2019.6413      0.1270      0.1394     -0.0366      0.0015   0.0019   0.0041
2019.6441      0.1263      0.1368     -0.0466      0.0015   0.0019   0.0041
2019.6468      0.1268      0.1395     -0.0555      0.0015   0.0019   0.0041
2019.6496      0.1255      0.1374     -0.0525      0.0015   0.0019   0.0040
2019.6523      0.1268      0.1395     -0.0451      0.0015   0.0019   0.0040
2019.6550      0.1281      0.1365     -0.0464      0.0015   0.0019   0.0040
2019.6578      0.1269      0.1389     -0.0450      0.0015   0.0019   0.0040
2019.6605      0.1251      0.1409     -0.0453      0.0015   0.0019   0.0040
2019.6632      0.1251      0.1374     -0.0372      0.0015   0.0019   0.0041
2019.6660      0.1275      0.1391     -0.0387      0.0015   0.0019   0.0041
2019.6687      0.1274      0.1421     -0.0427      0.0015   0.0019   0.0041
2019.6715      0.1293      0.1358     -0.0411      0.0015   0.0019   0.0040
2019.6742      0.1286      0.1405     -0.0482      0.0015   0.0019   0.0041
2019.6769      0.1271      0.1405     -0.0421      0.0015   0.0019   0.0040
2019.6797      0.1276      0.1382     -0.0363      0.0015   0.0019   0.0041
2019.6824      0.1246      0.1397     -0.0402      0.0015   0.0019   0.0040
2019.6851      0.1261      0.1415     -0.0498      0.0015   0.0019   0.0040
2019.6879      0.1281      0.1403     -0.0452      0.0015   0.0019   0.0040
2019.6906      0.1273      0.1389     -0.0489      0.0015   0.0019   0.0041
2019.6934      0.1272      0.1388     -0.0445      0.0015   0.0019   0.0040
2019.6961      0.1293      0.1384     -0.0330      0.0015   0.0019   0.0040
2019.6988      0.1289      0.1370     -0.0398      0.0015   0.0019   0.0040
2019.7043      0.1282      0.1387     -0.0406      0.0015   0.0019   0.0040
2019.7070      0.1276      0.1401     -0.0484      0.0015   0.0019   0.0041
2019.7098      0.1284      0.1395     -0.0430      0.0015   0.0019   0.0042
2019.7125      0.1269      0.1388     -0.0400      0.0015   0.0019   0.0041
2019.7207      0.1248      0.1403     -0.0464      0.0015   0.0019   0.0040
2019.7235      0.1271      0.1386     -0.0447      0.0015   0.0018   0.0040
2019.7262      0.1278      0.1414     -0.0415      0.0015   0.0019   0.0040
2019.7290      0.1264      0.1378     -0.0413      0.0015   0.0019   0.0040
2020.0000      0.1278      0.1475     -0.0321      0.0015   0.0019   0.0040
2020.0027      0.1277      0.1442     -0.0344      0.0015   0.0019   0.0041
2020.0055      0.1274      0.1442     -0.0388      0.0015   0.0019   0.0041
2020.0082      0.1306      0.1440     -0.0424      0.0015   0.0019   0.0040
2020.0110      0.1296      0.1456     -0.0414      0.0015   0.0019   0.0040
2020.0137      0.1309      0.1445     -0.0449      0.0015   0.0019   0.0040
2020.0164      0.1308      0.1466     -0.0267      0.0015   0.0019   0.0040
2020.0192      0.1318      0.1457     -0.0381      0.0015   0.0019   0.0040
2020.0219      0.1321      0.1439     -0.0393      0.0015   0.0019   0.0040
2020.0246      0.1306      0.1466     -0.0331      0.0015   0.0019   0.0041
2020.0274      0.1302      0.1448     -0.0385      0.0015   0.0019   0.0040
2020.0301      0.1311      0.1476     -0.0392      0.0015   0.0019   0.0040
2020.0329      0.1339      0.1462     -0.0361      0.0015   0.0019   0.0040
2020.0356      0.1303      0.1449     -0.0308      0.0015   0.0019   0.0040
2020.0383      0.1314      0.1462     -0.0283      0.0014   0.0018   0.0039
2020.0411      0.1313      0.1463     -0.0334      0.0015   0.0019   0.0040
2020.0438      0.1319      0.1443     -0.0326      0.0015   0.0019   0.0040
2020.0465      0.1317      0.1473     -0.0380      0.0014   0.0018   0.0039
2020.0493      0.1301      0.1493     -0.0312      0.0015   0.0019   0.0040
2020.0520      0.1296      0.1464     -0.0364      0.0015   0.0018   0.0040
2020.0548      0.1302      0.1465     -0.0324      0.0014   0.0018   0.0039
2020.0575      0.1319      0.1458     -0.0394      0.0015   0.0019   0.0040
2020.0602      0.1299      0.1455     -0.0352      0.0014   0.0018   0.0039
2020.0630      0.1291      0.1458     -0.0403      0.0015   0.0019   0.0040
2020.0657      0.1289      0.1472     -0.0420      0.0014   0.0018   0.0039
2020.0684      0.1292      0.1453     -0.0396      0.0014   0.0018   0.0040
2020.0712      0.1298      0.1464     -0.0423      0.0015   0.0019   0.0040
2020.0739      0.1297      0.1461     -0.0365      0.0014   0.0018   0.0039
2020.0767      0.1300      0.1448     -0.0377      0.0015   0.0019   0.0040
2020.0794      0.1311      0.1462     -0.0405      0.0015   0.0019   0.0040
2020.0821      0.1288      0.1448     -0.0325      0.0015   0.0019   0.0040
2020.0849      0.1277      0.1471     -0.0410      0.0015   0.0019   0.0040
2020.0876      0.1311      0.1467     -0.0406      0.0015   0.0019   0.0040
2020.0903      0.1301      0.1478     -0.0406      0.0015   0.0019   0.0040
2020.0931      0.1287      0.1478     -0.0399      0.0015   0.0019   0.0040
2020.0958      0.1285      0.1489     -0.0335      0.0015   0.0019   0.0040
2020.0986      0.1296      0.1471     -0.0355      0.0015   0.0019   0.0040
2020.1013      0.1299      0.1469     -0.0411      0.0015   0.0019   0.0040
2020.1040      0.1297      0.1478     -0.0403      0.0015   0.0019   0.0040
2020.1068      0.1307      0.1450     -0.0413      0.0015   0.0019   0.0040
2020.1095      0.1310      0.1478     -0.0397      0.0015   0.0018   0.0040
2020.1123      0.1293      0.1477     -0.0407      0.0014   0.0018   0.0039
2020.1150      0.1286      0.1483     -0.0374      0.0014   0.0018   0.0039
2020.1177      0.1304      0.1495     -0.0378      0.0015   0.0019   0.0041
2020.1205      0.1304      0.1480     -0.0437      0.0015   0.0019   0.0040
2020.1232      0.1289      0.1470     -0.0424      0.0015   0.0019   0.0040
2020.1259      0.1297      0.1466     -0.0350      0.0015   0.0018   0.0040
2020.1287      0.1305      0.1458     -0.0438      0.0015   0.0018   0.0040
2020.1314      0.1315      0.1475     -0.0322      0.0014   0.0019   0.0040
2020.1342      0.1327      0.1472     -0.0306      0.0014   0.0018   0.0040
2020.1369      0.1292      0.1479     -0.0359      0.0015   0.0019   0.0040
2020.1396      0.1334      0.1486     -0.0347      0.0015   0.0019   0.0040
2020.1424      0.1317      0.1467     -0.0386      0.0015   0.0018   0.0039
2020.1451      0.1322      0.1486     -0.0378      0.0014   0.0018   0.0039
2020.1478      0.1317      0.1484     -0.0400      0.0015   0.0018   0.0040
2020.1506      0.1306      0.1454     -0.0340      0.0014   0.0018   0.0039
2020.1533      0.1302      0.1455     -0.0325      0.0015   0.0019   0.0040
2020.1561      0.1294      0.1462     -0.0358      0.0015   0.0019   0.0040
2020.1588      0.1290      0.1477     -0.0490      0.0015   0.0019   0.0040
2020.1615      0.1321      0.1457     -0.0397      0.0014   0.0019   0.0040
2020.1643      0.1312      0.1469     -0.0320      0.0014   0.0018   0.0040
2020.1670      0.1316      0.1474     -0.0361      0.0015   0.0019   0.0040
2020.1697      0.1308      0.1462     -0.0397      0.0015   0.0019   0.0040
2020.1725      0.1329      0.1487     -0.0340      0.0015   0.0019   0.0040
2020.1752      0.1322      0.1467     -0.0318      0.0014   0.0018   0.0039
2020.1780      0.1302      0.1456     -0.0390      0.0014   0.0018   0.0039
2020.1807      0.1320      0.1483     -0.0373      0.0015   0.0018   0.0040
2020.1834      0.1318      0.1462     -0.0385      0.0015   0.0018   0.0040
2020.1862      0.1334      0.1479     -0.0353      0.0015   0.0018   0.0040
2020.1889      0.1327      0.1450     -0.0368      0.0015   0.0019   0.0040
2020.1916      0.1322      0.1469     -0.0388      0.0015   0.0019   0.0040
2020.1971      0.1329      0.1475     -0.0449      0.0015   0.0019   0.0040
2020.1999      0.1310      0.1466     -0.0357      0.0015   0.0019   0.0040
2020.2026      0.1322      0.1495     -0.0280      0.0015   0.0019   0.0040
2020.2053      0.1319      0.1482     -0.0362      0.0015   0.0019   0.0040
2020.2081      0.1328      0.1464     -0.0331      0.0015   0.0018   0.0040
2020.2108      0.1309      0.1453     -0.0397      0.0015   0.0019   0.0040
2020.2136      0.1310      0.1458     -0.0318      0.0015   0.0019   0.0041
2020.2163      0.1277      0.1487     -0.0387      0.0015   0.0019   0.0041
2020.2190      0.1302      0.1458     -0.0332      0.0015   0.0019   0.0040
2020.2218      0.1323      0.1470     -0.0340      0.0015   0.0019   0.0040
2020.2245      0.1313      0.1460     -0.0348      0.0015   0.0019   0.0040
2020.2272      0.1288      0.1456     -0.0379      0.0015   0.0019   0.0040
2020.2300      0.1329      0.1453     -0.0347      0.0015   0.0019   0.0041
2020.2327      0.1306      0.1483     -0.0307      0.0015   0.0018   0.0040
2020.2355      0.1317      0.1467     -0.0316      0.0015   0.0019   0.0040
2020.2382      0.1317      0.1498     -0.0319      0.0015   0.0019   0.0041
2020.2409      0.1304      0.1467     -0.0390      0.0015   0.0019   0.0040
2020.2437      0.1304      0.1475     -0.0330      0.0015   0.0019   0.0040
2020.2464      0.1324      0.1472     -0.0286      0.0015   0.0019   0.0040
2020.2491      0.1325      0.1461     -0.0320      0.0015   0.0018   0.0039
2020.2519      0.1325      0.1462     -0.0339      0.0015   0.0018   0.0040
2020.2546      0.1321      0.1477     -0.0253      0.0015   0.0018   0.0040
2020.2574      0.1329      0.1456     -0.0270      0.0015   0.0019   0.0040
2020.2601      0.1290      0.1465     -0.0301      0.0015   0.0019   0.0040
2020.2628      0.1322      0.1464     -0.0302      0.0015   0.0019   0.0040
2020.2656      0.1310      0.1463     -0.0295      0.0015   0.0019   0.0040
2020.2683      0.1314      0.1461     -0.0391      0.0015   0.0019   0.0040
2020.2710      0.1313      0.1478     -0.0233      0.0015   0.0019   0.0041
2020.2738      0.1328      0.1481     -0.0314      0.0015   0.0019   0.0041
2020.2765      0.1314      0.1494     -0.0384      0.0015   0.0019   0.0041
2020.2793      0.1308      0.1460     -0.0328      0.0015   0.0019   0.0040
2020.2820      0.1308      0.1462     -0.0285      0.0015   0.0019   0.0041
2020.2847      0.1331      0.1453     -0.0269      0.0015   0.0019   0.0041
2020.2875      0.1317      0.1469     -0.0351      0.0015   0.0019   0.0040
2020.2902      0.1322      0.1465     -0.0319      0.0015   0.0019   0.0041
2020.2930      0.1307      0.1514     -0.0363      0.0015   0.0019   0.0041
2020.2957      0.1329      0.1480     -0.0342      0.0015   0.0019   0.0041
2020.2984      0.1310      0.1467     -0.0266      0.0015   0.0019   0.0041
2020.3012      0.1274      0.1484     -0.0342      0.0015   0.0019   0.0040
2020.3039      0.1331      0.1467     -0.0275      0.0015   0.0019   0.0040
2020.3066      0.1328      0.1469     -0.0362      0.0015   0.0019   0.0041
2020.3094      0.1327      0.1487     -0.0363      0.0015   0.0019   0.0041
2020.3121      0.1282      0.1484     -0.0260      0.0015   0.0019   0.0041
2020.3149      0.1312      0.1471     -0.0399      0.0015   0.0019   0.0041
2020.3176      0.1310      0.1487     -0.0310      0.0015   0.0019   0.0040
2020.3203      0.1310      0.1478     -0.0378      0.0015   0.0019   0.0040
2020.3231      0.1297      0.1515     -0.0343      0.0015   0.0019   0.0040
2020.3258      0.1316      0.1466     -0.0337      0.0015   0.0019   0.0040
2020.3285      0.1321      0.1500     -0.0314      0.0015   0.0019   0.0041
2020.3313      0.1292      0.1504     -0.0341      0.0015   0.0019   0.0040
2020.3340      0.1317      0.1499     -0.0309      0.0015   0.0019   0.0040
2020.3368      0.1312      0.1475     -0.0285      0.0015   0.0019   0.0040
2020.3395      0.1339      0.1495     -0.0252      0.0015   0.0019   0.0040
2020.3422      0.1337      0.1497     -0.0344      0.0015   0.0019   0.0040
2020.3450      0.1330      0.1486     -0.0370      0.0015   0.0019   0.0040
2020.3477      0.1319      0.1491     -0.0274      0.0015   0.0019   0.0040
2020.3504      0.1308      0.1494     -0.0328      0.0015   0.0019   0.0040
2020.3532      0.1311      0.1472     -0.0384      0.0015   0.0019   0.0041
2020.3559      0.1306      0.1496     -0.0377      0.0015   0.0019   0.0040
2020.3587      0.1298      0.1490     -0.0431      0.0015   0.0019   0.0040
2020.3614      0.1324      0.1488     -0.0266      0.0015   0.0019   0.0041
2020.3641      0.1300      0.1512     -0.0393      0.0015   0.0019   0.0040
2020.3669      0.1304      0.1462     -0.0297      0.0015   0.0019   0.0040
2020.3696      0.1319      0.1518     -0.0320      0.0015   0.0019   0.0040
2020.3723      0.1316      0.1509     -0.0374      0.0015   0.0019   0.0040
2020.3751      0.1331      0.1491     -0.0382      0.0014   0.0018   0.0040
2020.3778      0.1315      0.1478     -0.0318      0.0015   0.0019   0.0041
2020.3806      0.1337      0.1499     -0.0381      0.0015   0.0019   0.0041
2020.3833      0.1323      0.1512     -0.0382      0.0015   0.0019   0.0040
2020.3860      0.1325      0.1491     -0.0386      0.0015   0.0019   0.0040
2020.3888      0.1316      0.1491     -0.0377      0.0015   0.0019   0.0040
2020.3915      0.1329      0.1490     -0.0392      0.0015   0.0019   0.0040
2020.3943      0.1315      0.1497     -0.0383      0.0015   0.0019   0.0040
2020.3970      0.1311      0.1507     -0.0450      0.0015   0.0019   0.0040
2020.3997      0.1334      0.1503     -0.0435      0.0015   0.0019   0.0040
2020.4025      0.1321      0.1494     -0.0364      0.0015   0.0019   0.0040
2020.4052      0.1342      0.1528     -0.0470      0.0015   0.0019   0.0041
2020.4079      0.1322      0.1530     -0.0386      0.0015   0.0019   0.0041
2020.4107      0.1358      0.1496     -0.0353      0.0015   0.0019   0.0040
2020.4134      0.1337      0.1478     -0.0436      0.0015   0.0019   0.0040
2020.4162      0.1325      0.1504     -0.0410      0.0014   0.0018   0.0039
2020.4189      0.1327      0.1499     -0.0440      0.0015   0.0019   0.0040
2020.4216      0.1322      0.1494     -0.0325      0.0015   0.0019   0.0041
2020.4244      0.1324      0.1500     -0.0426      0.0015   0.0019   0.0040
2020.4271      0.1316      0.1513     -0.0467      0.0015   0.0019   0.0041
2020.4298      0.1311      0.1520     -0.0286      0.0015   0.0019   0.0041
2020.4326      0.1321      0.1500     -0.0415      0.0015   0.0019   0.0040
2020.4353      0.1347      0.1477     -0.0417      0.0015   0.0019   0.0041
2020.4381      0.1318      0.1474     -0.0350      0.0015   0.0019   0.0041
2020.4408      0.1351      0.1524     -0.0422      0.0015   0.0020   0.0043
2020.4435      0.1314      0.1518     -0.0404      0.0015   0.0019   0.0040
2020.4463      0.1335      0.1531     -0.0420      0.0015   0.0018   0.0040
2020.4490      0.1330      0.1503     -0.0425      0.0015   0.0019   0.0040
2020.4517      0.1313      0.1534     -0.0388      0.0015   0.0019   0.0040
2020.4545      0.1342      0.1518     -0.0347      0.0015   0.0019   0.0040
2020.4572      0.1335      0.1499     -0.0480      0.0015   0.0019   0.0040
2020.4600      0.1318      0.1539     -0.0384      0.0015   0.0019   0.0040
2020.4627      0.1322      0.1523     -0.0410      0.0015   0.0019   0.0041
2020.4654      0.1335      0.1534     -0.0467      0.0015   0.0019   0.0041
2020.4682      0.1328      0.1530     -0.0430      0.0015   0.0019   0.0040
2020.4709      0.1323      0.1531     -0.0346      0.0015   0.0019   0.0040
2020.4736      0.1339      0.1528     -0.0404      0.0015   0.0019   0.0040
2020.4764      0.1337      0.1512     -0.0418      0.0015   0.0019   0.0040
2020.4791      0.1340      0.1521     -0.0490      0.0015   0.0019   0.0040
2020.4819      0.1335      0.1532     -0.0397      0.0014   0.0018   0.0040
2020.4846      0.1337      0.1510     -0.0364      0.0015   0.0019   0.0040
2020.4873      0.1304      0.1513     -0.0443      0.0015   0.0019   0.0041
2020.4901      0.1344      0.1501     -0.0540      0.0015   0.0019   0.0041
2020.4928      0.1344      0.1512     -0.0390      0.0015   0.0019   0.0040
2020.4956      0.1336      0.1553     -0.0450      0.0015   0.0019   0.0040
2020.4983      0.1346      0.1547     -0.0401      0.0015   0.0019   0.0042
2020.5010      0.1335      0.1543     -0.0465      0.0015   0.0019   0.0041
2020.5038      0.1348      0.1526     -0.0440      0.0015   0.0018   0.0040
2020.5065      0.1324      0.1516     -0.0513      0.0015   0.0019   0.0040
2020.5092      0.1350      0.1508     -0.0469      0.0015   0.0019   0.0041
2020.5120      0.1351      0.1519     -0.0429      0.0015   0.0019   0.0041
2020.5147      0.1310      0.1511     -0.0413      0.0015   0.0019   0.0040
2020.5175      0.1331      0.1511     -0.0436      0.0015   0.0019   0.0040
2020.5202      0.1303      0.1512     -0.0457      0.0015   0.0019   0.0041
2020.5229      0.1309      0.1527     -0.0413      0.0015   0.0019   0.0041
2020.5257      0.1329      0.1525     -0.0448      0.0015   0.0019   0.0041
2020.5284      0.1320      0.1524     -0.0490      0.0015   0.0019   0.0040
2020.5311      0.1336      0.1526     -0.0423      0.0014   0.0018   0.0040
2020.5339      0.1347      0.1536     -0.0430      0.0015   0.0019   0.0041
2020.5366      0.1334      0.1537     -0.0420      0.0015   0.0019   0.0040
2020.5394      0.1307      0.1513     -0.0463      0.0015   0.0019   0.0041
2020.5421      0.1340      0.1525     -0.0423      0.0015   0.0019   0.0040
2020.5448      0.1337      0.1512     -0.0372      0.0015   0.0019   0.0040
2020.5476      0.1324      0.1523     -0.0477      0.0015   0.0019   0.0040
2020.5503      0.1320      0.1514     -0.0334      0.0015   0.0019   0.0041
2020.5530      0.1330      0.1504     -0.0527      0.0015   0.0019   0.0040
2020.5558      0.1308      0.1518     -0.0440      0.0015   0.0019   0.0041
2020.5585      0.1297      0.1490     -0.0485      0.0015   0.0019   0.0041
2020.5613      0.1330      0.1523     -0.0490      0.0015   0.0019   0.0041
2020.5640      0.1302      0.1507     -0.0447      0.0015   0.0019   0.0041
2020.5667      0.1308      0.1517     -0.0399      0.0015   0.0019   0.0040
2020.5695      0.1328      0.1545     -0.0559      0.0015   0.0019   0.0041
2020.5722      0.1327      0.1520     -0.0407      0.0015   0.0019   0.0041
2020.5749      0.1322      0.1512     -0.0498      0.0015   0.0019   0.0041
2020.5777      0.1336      0.1496     -0.0411      0.0015   0.0019   0.0040
2020.5804      0.1337      0.1535     -0.0459      0.0015   0.0019   0.0040
2020.5832      0.1322      0.1524     -0.0545      0.0015   0.0019   0.0040
2020.5859      0.1320      0.1525     -0.0490      0.0015   0.0019   0.0040
2020.5886      0.1327      0.1516     -0.0440      0.0015   0.0019   0.0040
2020.5914      0.1326      0.1534     -0.0396      0.0015   0.0019   0.0040
2020.5941      0.1305      0.1533     -0.0478      0.0015   0.0019   0.0040
2020.5969      0.1349      0.1532     -0.0394      0.0015   0.0019   0.0041
2020.5996      0.1347      0.1528     -0.0468      0.0015   0.0019   0.0041
2020.6023      0.1338      0.1527     -0.0450      0.0015   0.0019   0.0040
2020.6051      0.1324      0.1515     -0.0450      0.0015   0.0019   0.0040
2020.6078      0.1338      0.1527     -0.0430      0.0015   0.0019   0.0041
2020.6105      0.1331      0.1524     -0.0421      0.0015   0.0019   0.0040
2020.6133      0.1346      0.1517     -0.0427      0.0015   0.0019   0.0040
2020.6160      0.1336      0.1526     -0.0458      0.0015   0.0019   0.0040
2020.6188      0.1324      0.1528     -0.0539      0.0015   0.0020   0.0042
2020.6215      0.1343      0.1511     -0.0426      0.0015   0.0019   0.0041
2020.6242      0.1350      0.1519     -0.0522      0.0015   0.0019   0.0040
2020.6270      0.1336      0.1520     -0.0525      0.0015   0.0019   0.0041
2020.6297      0.1373      0.1534     -0.0426      0.0015   0.0019   0.0041
2020.6324      0.1352      0.1524     -0.0539      0.0015   0.0019   0.0041
2020.6352      0.1375      0.1536     -0.0502      0.0015   0.0019   0.0040
2020.6379      0.1353      0.1562     -0.0464      0.0015   0.0019   0.0041
2020.6407      0.1347      0.1546     -0.0589      0.0015   0.0019   0.0042
2020.6434      0.1340      0.1520     -0.0412      0.0015   0.0019   0.0040
2020.6461      0.1346      0.1537     -0.0437      0.0015   0.0019   0.0040
2020.6489      0.1366      0.1527     -0.0416      0.0015   0.0019   0.0040
2020.6516      0.1356      0.1533     -0.0450      0.0015   0.0019   0.0040
2020.6543      0.1353      0.1536     -0.0534      0.0015   0.0019   0.0041
2020.6571      0.1333      0.1526     -0.0521      0.0015   0.0019   0.0041
2020.6598      0.1372      0.1560     -0.0362      0.0015   0.0019   0.0041
2020.6626      0.1392      0.1522     -0.0415      0.0015   0.0019   0.0041
2020.6653      0.1370      0.1514     -0.0456      0.0015   0.0019   0.0041
2020.6680      0.1365      0.1541     -0.0453      0.0015   0.0018   0.0040
2020.6708      0.1393      0.1529     -0.0483      0.0015   0.0019   0.0040
2020.6735      0.1349      0.1505     -0.0441      0.0015   0.0019   0.0040
2020.6762      0.1364      0.1556     -0.0408      0.0015   0.0019   0.0040
2020.6790      0.1386      0.1527     -0.0465      0.0015   0.0019   0.0040
2020.6817      0.1363      0.1516     -0.0432      0.0015   0.0019   0.0041
2020.6845      0.1369      0.1529     -0.0417      0.0015   0.0019   0.0041
2020.6872      0.1353      0.1531     -0.0502      0.0015   0.0019   0.0041
2020.6899      0.1341      0.1516     -0.0411      0.0015   0.0019   0.0041
2020.6927      0.1340      0.1548     -0.0475      0.0015   0.0019   0.0041
2020.6954      0.1363      0.1523     -0.0437      0.0015   0.0019   0.0041
2020.6982      0.1354      0.1514     -0.0370      0.0015   0.0019   0.0041
2020.7009      0.1346      0.1532     -0.0400      0.0015   0.0019   0.0040
2020.7036      0.1364      0.1519     -0.0368      0.0015   0.0019   0.0040
2020.7064      0.1349      0.1513     -0.0424      0.0015   0.0020   0.0041
2020.7091      0.1347      0.1529     -0.0489      0.0015   0.0019   0.0041
2020.7118      0.1359      0.1521     -0.0464      0.0015   0.0019   0.0040
2020.7146      0.1342      0.1541     -0.0505      0.0015   0.0019   0.0041
2020.7173      0.1347      0.1538     -0.0493      0.0015   0.0019   0.0040
2020.7201      0.1375      0.1538     -0.0433      0.0015   0.0019   0.0040
2020.7228      0.1385      0.1549     -0.0442      0.0015   0.0019   0.0040
2020.7255      0.1368      0.1540     -0.0466      0.0015   0.0019   0.0040
2020.7283      0.1340      0.1530     -0.0363      0.0015   0.0019   0.0041
2020.7310      0.1351      0.1544     -0.0458      0.0015   0.0019   0.0041
2020.7337      0.1349      0.1566     -0.0466      0.0015   0.0019   0.0040
2020.7365      0.1339      0.1553     -0.0463      0.0015   0.0019   0.0040
2020.7392      0.1371      0.1575     -0.0404      0.0015   0.0019   0.0040
2020.7420      0.1377      0.1580     -0.0389      0.0015   0.0019   0.0040
2020.7447      0.1377      0.1555     -0.0384      0.0015   0.0019   0.0040
2020.7474      0.1383      0.1542     -0.0442      0.0015   0.0019   0.0040
2020.7502      0.1378      0.1563     -0.0492      0.0015   0.0019   0.0040
2020.7529      0.1371      0.1567     -0.0485      0.0015   0.0019   0.0040
2020.7556      0.1355      0.1568     -0.0454      0.0014   0.0019   0.0039
2020.7584      0.1368      0.1564     -0.0553      0.0014   0.0019   0.0040
2020.7611      0.1388      0.1585     -0.0469      0.0014   0.0018   0.0039
2020.7639      0.1370      0.1554     -0.0524      0.0015   0.0019   0.0040
2020.7666      0.1355      0.1548     -0.0511      0.0015   0.0019   0.0041
2020.7693      0.1370      0.1568     -0.0398      0.0015   0.0019   0.0040
2020.7721      0.1369      0.1560     -0.0432      0.0014   0.0019   0.0040
2020.7748      0.1370      0.1566     -0.0430      0.0015   0.0019   0.0040
2020.7775      0.1367      0.1550     -0.0369      0.0015   0.0018   0.0040
2020.7803      0.1355      0.1572     -0.0431      0.0015   0.0019   0.0040
2020.7830      0.1381      0.1548     -0.0390      0.0015   0.0019   0.0040
2020.7858      0.1376      0.1551     -0.0523      0.0015   0.0019   0.0040
2020.7885      0.1370      0.1551     -0.0510      0.0015   0.0019   0.0040
2020.7912      0.1374      0.1546     -0.0480      0.0015   0.0019   0.0040
2020.7940      0.1365      0.1561     -0.0526      0.0015   0.0019   0.0040
2020.7967      0.1365      0.1540     -0.0433      0.0015   0.0019   0.0040
2020.7995      0.1377      0.1559     -0.0458      0.0015   0.0019   0.0040
2020.8022      0.1365      0.1574     -0.0426      0.0015   0.0019   0.0040
2020.8049      0.1360      0.1560     -0.0466      0.0014   0.0018   0.0039
2020.8077      0.1383      0.1555     -0.0448      0.0015   0.0019   0.0040
2020.8104      0.1367      0.1574     -0.0518      0.0015   0.0019   0.0040
2020.8131      0.1384      0.1547     -0.0517      0.0015   0.0019   0.0040
2020.8159      0.1371      0.1546     -0.0475      0.0014   0.0018   0.0039
2020.8186      0.1355      0.1551     -0.0442      0.0014   0.0018   0.0039
2020.8214      0.1395      0.1547     -0.0398      0.0015   0.0019   0.0041
2020.8241      0.1362      0.1576     -0.0479      0.0015   0.0019   0.0040
2020.8268      0.1375      0.1579     -0.0511      0.0015   0.0019   0.0040
2020.8296      0.1384      0.1538     -0.0443      0.0015   0.0019   0.0040
2020.8323      0.1400      0.1599     -0.0586      0.0015   0.0019   0.0041
2020.8350      0.1393      0.1554     -0.0485      0.0015   0.0019   0.0041
2020.8378      0.1383      0.1547     -0.0417      0.0015   0.0018   0.0040
2020.8405      0.1402      0.1562     -0.0503      0.0015   0.0018   0.0039
2020.8433      0.1407      0.1557     -0.0587      0.0014   0.0019   0.0039
2020.8460      0.1396      0.1568     -0.0552      0.0015   0.0019   0.0041
2020.8487      0.1386      0.1535     -0.0397      0.0015   0.0019   0.0040
2020.8515      0.1384      0.1582     -0.0384      0.0015   0.0019   0.0040
2020.8542      0.1376      0.1578     -0.0422      0.0015   0.0018   0.0039
2020.8569      0.1378      0.1551     -0.0463      0.0015   0.0019   0.0040
2020.8597      0.1385      0.1556     -0.0493      0.0015   0.0019   0.0040
2020.8624      0.1388      0.1558     -0.0502      0.0015   0.0019   0.0041
2020.8652      0.1385      0.1572     -0.0481      0.0015   0.0019   0.0041
2020.8679      0.1359      0.1528     -0.0403      0.0015   0.0020   0.0042
2020.8706      0.1405      0.1568     -0.0427      0.0015   0.0019   0.0041
2020.8734      0.1390      0.1566     -0.0405      0.0015   0.0018   0.0040
2020.8761      0.1396      0.1583     -0.0467      0.0015   0.0019   0.0040
2020.8789      0.1402      0.1601     -0.0512      0.0015   0.0019   0.0041
2020.8816      0.1399      0.1586     -0.0492      0.0015   0.0019   0.0040
2020.8843      0.1400      0.1563     -0.0568      0.0015   0.0019   0.0040
2020.8871      0.1378      0.1581     -0.0492      0.0015   0.0019   0.0042
2020.8898      0.1394      0.1568     -0.0524      0.0015   0.0019   0.0041
2020.8925      0.1381      0.1571     -0.0417      0.0015   0.0018   0.0040
2020.8953      0.1399      0.1555     -0.0409      0.0017   0.0021   0.0045
2020.9281      0.1380      0.1582     -0.0440      0.0015   0.0019   0.0040
2020.9309      0.1386      0.1584     -0.0487      0.0015   0.0019   0.0042
2020.9336      0.1373      0.1582     -0.0471      0.0015   0.0019   0.0041
2020.9363      0.1386      0.1583     -0.0438      0.0015   0.0020   0.0042
2020.9391      0.1370      0.1600     -0.0518      0.0015   0.0019   0.0041
2020.9418      0.1376      0.1600     -0.0395      0.0016   0.0020   0.0043
2020.9446      0.1415      0.1576     -0.0449      0.0016   0.0020   0.0043
2020.9473      0.1393      0.1578     -0.0385      0.0015   0.0019   0.0041
2020.9500      0.1386      0.1581     -0.0431      0.0015   0.0019   0.0040
2020.9528      0.1390      0.1571     -0.0433      0.0015   0.0018   0.0040
2020.9555      0.1385      0.1594     -0.0449      0.0015   0.0019   0.0040
2020.9582      0.1405      0.1597     -0.0415      0.0015   0.0019   0.0041
2020.9610      0.1437      0.1569     -0.0328      0.0015   0.0019   0.0040
2020.9637      0.1382      0.1578     -0.0372      0.0015   0.0019   0.0041
2020.9665      0.1423      0.1581     -0.0360      0.0015   0.0019   0.0041
2020.9692      0.1396      0.1570     -0.0385      0.0015   0.0019   0.0040
2020.9719      0.1412      0.1585     -0.0390      0.0015   0.0018   0.0040
2020.9747      0.1405      0.1567     -0.0503      0.0015   0.0019   0.0040
2020.9774      0.1404      0.1571     -0.0405      0.0015   0.0019   0.0040
2020.9802      0.1409      0.1587     -0.0426      0.0015   0.0019   0.0041
2020.9829      0.1377      0.1586     -0.0405      0.0015   0.0019   0.0040
2020.9856      0.1415      0.1568     -0.0410      0.0015   0.0018   0.0040
2020.9884      0.1409      0.1594     -0.0411      0.0014   0.0018   0.0039
2020.9911      0.1380      0.1581     -0.0445      0.0015   0.0019   0.0040
2020.9938      0.1412      0.1591     -0.0449      0.0015   0.0018   0.0040
2020.9966      0.1404      0.1596     -0.0381      0.0015   0.0019   0.0040
2020.9993      0.1418      0.1567     -0.0437      0.0014   0.0018   0.0039
2021.0021      0.1404      0.1567     -0.0470      0.0014   0.0018   0.0040
2021.0075      0.1392      0.1584     -0.0438      0.0014   0.0018   0.0040
2021.0103      0.1402      0.1590     -0.0384      0.0014   0.0018   0.0039
2021.0130      0.1407      0.1588     -0.0452      0.0015   0.0019   0.0040
2021.0157      0.1414      0.1581     -0.0432      0.0015   0.0019   0.0040
2021.0185      0.1404      0.1579     -0.0432      0.0015   0.0019   0.0040
2021.0212      0.1405      0.1581     -0.0392      0.0015   0.0019   0.0040
2021.0240      0.1406      0.1579     -0.0348      0.0015   0.0018   0.0040
2021.0267      0.1399      0.1570     -0.0435      0.0015   0.0019   0.0040
2021.0294      0.1417      0.1596     -0.0402      0.0015   0.0019   0.0040
2021.0322      0.1419      0.1596     -0.0396      0.0015   0.0019   0.0040
2021.0349      0.1395      0.1602     -0.0407      0.0014   0.0018   0.0040
2021.0376      0.1417      0.1597     -0.0408      0.0014   0.0018   0.0039
2021.0404      0.1406      0.1590     -0.0394      0.0015   0.0019   0.0040
2021.0431      0.1400      0.1606     -0.0381      0.0015   0.0019   0.0040
2021.0459      0.1379      0.1616     -0.0416      0.0015   0.0019   0.0040
2021.0486      0.1397      0.1595     -0.0390      0.0015   0.0019   0.0040
2021.0513      0.1392      0.1607     -0.0387      0.0015   0.0019   0.0040
2021.0541      0.1399      0.1618     -0.0433      0.0015   0.0019   0.0041
2021.0568      0.1396      0.1604     -0.0415      0.0015   0.0019   0.0040
2021.0595      0.1378      0.1600     -0.0380      0.0014   0.0018   0.0039
2021.0623      0.1395      0.1607     -0.0422      0.0014   0.0018   0.0040
2021.0650      0.1377      0.1602     -0.0417      0.0014   0.0019   0.0040
2021.0678      0.1405      0.1592     -0.0396      0.0014   0.0018   0.0040
2021.0705      0.1400      0.1616     -0.0405      0.0015   0.0019   0.0040
2021.0732      0.1405      0.1602     -0.0424      0.0015   0.0019   0.0040
2021.0760      0.1397      0.1593     -0.0436      0.0015   0.0019   0.0040
2021.0787      0.1416      0.1611     -0.0428      0.0015   0.0019   0.0040
2021.0815      0.1400      0.1619     -0.0402      0.0015   0.0019   0.0040
2021.0842      0.1408      0.1604     -0.0411      0.0014   0.0018   0.0039
2021.0869      0.1388      0.1617     -0.0399      0.0014   0.0018   0.0040
2021.0897      0.1388      0.1620     -0.0377      0.0014   0.0018   0.0039
2021.0924      0.1400      0.1609     -0.0377      0.0015   0.0018   0.0040
2021.0951      0.1403      0.1604     -0.0439      0.0015   0.0019   0.0040
2021.0979      0.1412      0.1596     -0.0407      0.0015   0.0018   0.0040
2021.1006      0.1413      0.1602     -0.0405      0.0015   0.0019   0.0040
2021.1034      0.1416      0.1605     -0.0408      0.0015   0.0019   0.0040
2021.1061      0.1420      0.1602     -0.0453      0.0015   0.0019   0.0040
2021.1088      0.1419      0.1597     -0.0437      0.0014   0.0018   0.0039
2021.1116      0.1419      0.1596     -0.0424      0.0015   0.0019   0.0041
2021.1143      0.1419      0.1567     -0.0353      0.0015   0.0019   0.0041
2021.1170      0.1435      0.1601     -0.0382      0.0015   0.0019   0.0040
2021.1198      0.1438      0.1588     -0.0357      0.0015   0.0019   0.0040
2021.1225      0.1395      0.1590     -0.0437      0.0014   0.0018   0.0040
2021.1253      0.1418      0.1609     -0.0399      0.0014   0.0018   0.0040
2021.1280      0.1415      0.1600     -0.0421      0.0014   0.0019   0.0040
2021.1307      0.1421      0.1601     -0.0427      0.0015   0.0019   0.0040
2021.1335      0.1425      0.1602     -0.0443      0.0015   0.0019   0.0040
2021.1362      0.1422      0.1631     -0.0434      0.0015   0.0019   0.0040
2021.1389      0.1387      0.1601     -0.0317      0.0015   0.0019   0.0040
2021.1417      0.1399      0.1603     -0.0446      0.0015   0.0019   0.0040
2021.1444      0.1394      0.1615     -0.0424      0.0015   0.0019   0.0040
2021.1472      0.1399      0.1607     -0.0400      0.0015   0.0018   0.0040
2021.1499      0.1402      0.1613     -0.0390      0.0015   0.0018   0.0040
2021.1526      0.1399      0.1636     -0.0388      0.0015   0.0019   0.0040
2021.1554      0.1389      0.1609     -0.0364      0.0015   0.0019   0.0040
2021.1581      0.1407      0.1609     -0.0382      0.0015   0.0019   0.0040
2021.1608      0.1406      0.1613     -0.0389      0.0015   0.0019   0.0040
2021.1636      0.1400      0.1617     -0.0369      0.0015   0.0019   0.0040
2021.1663      0.1396      0.1609     -0.0370      0.0015   0.0018   0.0040
2021.1691      0.1420      0.1599     -0.0443      0.0015   0.0019   0.0040
2021.1718      0.1392      0.1600     -0.0433      0.0015   0.0019   0.0040
2021.1745      0.1403      0.1600     -0.0366      0.0015   0.0019   0.0040
2021.1773      0.1418      0.1617     -0.0434      0.0015   0.0019   0.0040
2021.1800      0.1402      0.1632     -0.0478      0.0015   0.0019   0.0040
2021.1828      0.1382      0.1625     -0.0446      0.0015   0.0019   0.0041
2021.1855      0.1404      0.1623     -0.0372      0.0015   0.0019   0.0041
2021.1882      0.1397      0.1585     -0.0436      0.0015   0.0018   0.0040
2021.1910      0.1399      0.1611     -0.0436      0.0015   0.0019   0.0040
2021.1937      0.1396      0.1622     -0.0428      0.0015   0.0019   0.0041
2021.1964      0.1385      0.1615     -0.0353      0.0015   0.0018   0.0040
2021.1992      0.1410      0.1597     -0.0416      0.0015   0.0019   0.0040
2021.2019      0.1399      0.1604     -0.0351      0.0015   0.0018   0.0040
2021.2047      0.1416      0.1603     -0.0348      0.0015   0.0019   0.0040
2021.2074      0.1421      0.1607     -0.0352      0.0015   0.0018   0.0040
2021.2101      0.1396      0.1599     -0.0403      0.0015   0.0019   0.0041
2021.2129      0.1392      0.1585     -0.0419      0.0015   0.0019   0.0041
2021.2156      0.1389      0.1596     -0.0383      0.0015   0.0019   0.0041
2021.2183      0.1400      0.1586     -0.0416      0.0015   0.0019   0.0041
2021.2211      0.1431      0.1616     -0.0538      0.0015   0.0019   0.0041
2021.2238      0.1406      0.1612     -0.0458      0.0015   0.0019   0.0041
2021.2266      0.1394      0.1603     -0.0476      0.0015   0.0019   0.0041
2021.2293      0.1389      0.1587     -0.0406      0.0015   0.0019   0.0040
2021.2320      0.1403      0.1601     -0.0427      0.0015   0.0019   0.0040
2021.2348      0.1402      0.1600     -0.0419      0.0015   0.0019   0.0041
2021.2375      0.1384      0.1623     -0.0325      0.0015   0.0019   0.0040
2021.2402      0.1395      0.1633     -0.0405      0.0014   0.0018   0.0040
2021.2430      0.1421      0.1610     -0.0440      0.0015   0.0019   0.0040
2021.2457      0.1421      0.1606     -0.0335      0.0015   0.0018   0.0040
2021.2485      0.1412      0.1595     -0.0311      0.0015   0.0019   0.0042
2021.2512      0.1421      0.1610     -0.0409      0.0015   0.0019   0.0041
2021.2539      0.1419      0.1602     -0.0420      0.0015   0.0019   0.0041
2021.2567      0.1398      0.1621     -0.0418      0.0015   0.0018   0.0040
2021.2594      0.1394      0.1614     -0.0436      0.0015   0.0019   0.0040
2021.2621      0.1403      0.1594     -0.0381      0.0015   0.0018   0.0040
2021.2649      0.1418      0.1603     -0.0508      0.0015   0.0019   0.0041
2021.2676      0.1410      0.1605     -0.0410      0.0015   0.0019   0.0040
2021.2704      0.1418      0.1611     -0.0359      0.0015   0.0019   0.0041
2021.2731      0.1403      0.1612     -0.0470      0.0015   0.0019   0.0041
2021.2758      0.1382      0.1625     -0.0424      0.0015   0.0018   0.0040
2021.2786      0.1413      0.1612     -0.0423      0.0015   0.0019   0.0040
2021.2813      0.1422      0.1625     -0.0377      0.0015   0.0019   0.0041
2021.2841      0.1422      0.1617     -0.0439      0.0015   0.0019   0.0041
2021.2868      0.1413      0.1621     -0.0436      0.0015   0.0019   0.0040
2021.2895      0.1392      0.1612     -0.0425      0.0015   0.0019   0.0042
2021.2923      0.1405      0.1626     -0.0400      0.0015   0.0019   0.0041
2021.2950      0.1413      0.1618     -0.0484      0.0015   0.0019   0.0041
2021.2977      0.1421      0.1634     -0.0428      0.0015   0.0019   0.0041
2021.3005      0.1398      0.1599     -0.0453      0.0015   0.0019   0.0041
2021.3032      0.1409      0.1624     -0.0447      0.0015   0.0019   0.0040
2021.3060      0.1398      0.1629     -0.0395      0.0015   0.0019   0.0042
2021.3087      0.1404      0.1632     -0.0406      0.0015   0.0019   0.0041
2021.3114      0.1419      0.1612     -0.0354      0.0015   0.0019   0.0041
2021.3142      0.1397      0.1620     -0.0392      0.0015   0.0019   0.0041
2021.3169      0.1406      0.1630     -0.0398      0.0015   0.0019   0.0041
2021.3196      0.1409      0.1635     -0.0519      0.0015   0.0019   0.0041
2021.3224      0.1426      0.1599     -0.0453      0.0015   0.0019   0.0042
2021.3251      0.1394      0.1616     -0.0448      0.0015   0.0019   0.0040
2021.3279      0.1410      0.1616     -0.0400      0.0015   0.0019   0.0040
2021.3306      0.1396      0.1603     -0.0536      0.0015   0.0019   0.0041
2021.3333      0.1412      0.1610     -0.0362      0.0015   0.0019   0.0040
2021.3361      0.1401      0.1614     -0.0436      0.0015   0.0019   0.0041
2021.3388      0.1415      0.1592     -0.0427      0.0015   0.0019   0.0042
2021.3607      0.1420      0.1619     -0.0443      0.0015   0.0018   0.0040
2021.3634      0.1432      0.1612     -0.0540      0.0015   0.0019   0.0041
2021.3662      0.1420      0.1605     -0.0528      0.0015   0.0019   0.0040
2021.3689      0.1428      0.1618     -0.0532      0.0015   0.0019   0.0041
2021.9357      0.1528      0.1687     -0.0435      0.0016   0.0021   0.0044
2021.9384      0.1504      0.1683     -0.0513      0.0015   0.0020   0.0042
2021.9466      0.1527      0.1668     -0.0502      0.0015   0.0019   0.0042
2021.9493      0.1537      0.1670     -0.0479      0.0015   0.0020   0.0043
2021.9521      0.1526      0.1704     -0.0477      0.0015   0.0019   0.0042
