# Site ID: CART00COL
# DOMES: 41902M001
# File created: 2020-08-27T14:04:43
# Analysis Centre: GFZ
# Solution code: GT2
# Datum: ITRF14 (ellipsoid: GRS80)
#
# Reference epoch: 2005.5699
# X :  -1279414.8510 +/- 0.0030 m      VX :   16.51 +/- 0.13 mm/yr
# Y :  -1332249.2080 +/- 0.0030 m      VY :   -0.85 +/- 0.13 mm/yr
# Z :   6084357.1008 +/- 0.0030 m      VZ :    1.17 +/- 0.38 mm/yr
#
# Latitude  :   46.15894416 degrees    
# Longitude :  106.78068625 degrees    
# Height    :    4.0786 m              
#
# Note: the station position and velocity were removed in the time series
# Note:	Following position offsets possibly affect this station:
#   ___Date___
# O 2000.16667
# O 2012.94809
#
#  Year      DN (m)      DE (m)      DU (m)   SDN     SDE     SDU
2000.0929    -0.0609    -0.0641     0.0057  0.0030  0.0030  0.0050
2000.0956    -0.0570    -0.0690     0.0060  0.0030  0.0030  0.0050
2000.0984    -0.0602    -0.0653    -0.0078  0.0030  0.0030  0.0050
2000.1011    -0.0566    -0.0623    -0.0037  0.0030  0.0030  0.0050
2000.1038    -0.0576    -0.0675    -0.0011  0.0030  0.0030  0.0050
2000.1066    -0.0566    -0.0643     0.0059  0.0030  0.0030  0.0050
2000.1093    -0.0582    -0.0671    -0.0044  0.0030  0.0030  0.0050
2000.1120    -0.0604    -0.0639     0.0028  0.0030  0.0030  0.0050
2000.1147    -0.0593    -0.0612    -0.0020  0.0030  0.0030  0.0050
2000.1175    -0.0589    -0.0654     0.0034  0.0030  0.0030  0.0050
2000.1202    -0.0594    -0.0613    -0.0075  0.0030  0.0030  0.0050
2000.1229    -0.0562    -0.0617     0.0112  0.0030  0.0030  0.0050
2000.1257    -0.0568    -0.0664     0.0001  0.0030  0.0030  0.0050
2000.1284    -0.0557    -0.0629    -0.0006  0.0030  0.0030  0.0050
2000.1311    -0.0570    -0.0647    -0.0132  0.0030  0.0030  0.0050
2000.1339    -0.0528    -0.0642    -0.0096  0.0030  0.0030  0.0050
2000.1366    -0.0504    -0.0650     0.0049  0.0030  0.0030  0.0050
2000.1393    -0.0550    -0.0672    -0.0029  0.0030  0.0030  0.0050
2000.1421    -0.0542    -0.0630     0.0042  0.0030  0.0030  0.0050
2000.1448    -0.0547    -0.0632    -0.0008  0.0030  0.0030  0.0050
2000.1475    -0.0560    -0.0644     0.0073  0.0030  0.0030  0.0050
2000.1503    -0.0544    -0.0641     0.0013  0.0030  0.0030  0.0050
2000.1530    -0.0533    -0.0660    -0.0028  0.0030  0.0030  0.0050
2000.1557    -0.0561    -0.0621     0.0005  0.0030  0.0030  0.0050
2000.1585    -0.0584    -0.0569    -0.0009  0.0030  0.0030  0.0050
2000.1612    -0.0582    -0.0645     0.0022  0.0030  0.0030  0.0050
2000.1639    -0.0528    -0.0601     0.0044  0.0030  0.0030  0.0050
2000.1694    -0.0583    -0.0652     0.0001  0.0030  0.0030  0.0050
2000.1749    -0.0562    -0.0633     0.0023  0.0030  0.0030  0.0050
2000.1858    -0.0527    -0.0712     0.0185  0.0030  0.0030  0.0050
2000.1885    -0.0584    -0.0634     0.0068  0.0030  0.0030  0.0050
2000.1913    -0.0547    -0.0624    -0.0052  0.0030  0.0030  0.0050
2000.1940    -0.0615    -0.0650    -0.0070  0.0030  0.0030  0.0050
2000.1967    -0.0534    -0.0561     0.0212  0.0030  0.0030  0.0050
2000.1995    -0.0577    -0.0629     0.0153  0.0030  0.0030  0.0050
2000.2022    -0.0584    -0.0645    -0.0053  0.0030  0.0030  0.0050
2000.2049    -0.0595    -0.0606     0.0082  0.0030  0.0030  0.0050
2000.2077    -0.0565    -0.0595     0.0107  0.0030  0.0030  0.0050
2000.2104    -0.0561    -0.0657     0.0048  0.0030  0.0030  0.0050
2000.2131    -0.0547    -0.0657     0.0136  0.0030  0.0030  0.0050
2000.2159    -0.0603    -0.0614     0.0129  0.0030  0.0030  0.0050
2000.2186    -0.0545    -0.0667     0.0176  0.0030  0.0030  0.0050
2000.2213    -0.0573    -0.0656     0.0124  0.0030  0.0030  0.0050
2000.2240    -0.0596    -0.0615    -0.0024  0.0030  0.0030  0.0050
2000.2268    -0.0564    -0.0695     0.0089  0.0030  0.0030  0.0050
2000.2295    -0.0598    -0.0621     0.0088  0.0030  0.0030  0.0050
2000.2322    -0.0592    -0.0640     0.0107  0.0030  0.0030  0.0050
2000.2350    -0.0584    -0.0611     0.0166  0.0030  0.0030  0.0050
2000.2377    -0.0596    -0.0585     0.0176  0.0030  0.0030  0.0050
2000.2404    -0.0595    -0.0599     0.0084  0.0030  0.0030  0.0050
2000.2432    -0.0581    -0.0611     0.0069  0.0030  0.0030  0.0050
2000.2459    -0.0602    -0.0631    -0.0031  0.0030  0.0030  0.0050
2000.2486    -0.0602    -0.0678    -0.0235  0.0030  0.0030  0.0050
2000.2514    -0.0611    -0.0672     0.0024  0.0030  0.0030  0.0050
2000.2541    -0.0623    -0.0608     0.0009  0.0030  0.0030  0.0050
2000.2568    -0.0586    -0.0638    -0.0060  0.0030  0.0030  0.0050
2000.2596    -0.0543    -0.0638    -0.0008  0.0030  0.0030  0.0050
2000.2623    -0.0587    -0.0645    -0.0034  0.0030  0.0030  0.0050
2000.2650    -0.0569    -0.0714     0.0062  0.0030  0.0030  0.0050
2000.2678    -0.0625    -0.0614    -0.0006  0.0030  0.0030  0.0050
2000.2705    -0.0558    -0.0654     0.0021  0.0030  0.0030  0.0050
2000.2732    -0.0617    -0.0579    -0.0004  0.0030  0.0030  0.0050
2000.2760    -0.0547    -0.0669     0.0048  0.0030  0.0030  0.0050
2000.2787    -0.0582    -0.0647     0.0052  0.0030  0.0030  0.0050
2000.2841    -0.0525    -0.0682     0.0135  0.0030  0.0030  0.0050
2000.2869    -0.0568    -0.0671    -0.0005  0.0030  0.0030  0.0050
2000.2896    -0.0584    -0.0641     0.0048  0.0030  0.0030  0.0050
2000.2978    -0.0585    -0.0651     0.0039  0.0030  0.0030  0.0050
2000.3005    -0.0549    -0.0657     0.0040  0.0030  0.0030  0.0050
2000.3033    -0.0542    -0.0616     0.0031  0.0030  0.0030  0.0050
2000.3060    -0.0563    -0.0729     0.0011  0.0030  0.0030  0.0050
2000.3087    -0.0598    -0.0631    -0.0100  0.0030  0.0030  0.0050
2000.3115    -0.0554    -0.0646     0.0034  0.0030  0.0030  0.0050
2000.3197    -0.0572    -0.0640     0.0108  0.0030  0.0030  0.0050
2000.3251    -0.0580    -0.0654     0.0199  0.0030  0.0030  0.0050
2000.3279    -0.0544    -0.0611    -0.0002  0.0030  0.0030  0.0050
2000.3306    -0.0589    -0.0655    -0.0024  0.0030  0.0030  0.0050
2000.3333    -0.0525    -0.0627     0.0048  0.0030  0.0030  0.0050
2000.3361    -0.0558    -0.0640    -0.0002  0.0030  0.0030  0.0050
2000.3388    -0.0560    -0.0602     0.0029  0.0030  0.0030  0.0050
2000.3415    -0.0545    -0.0542     0.0030  0.0030  0.0030  0.0050
2000.3443    -0.0543    -0.0580     0.0137  0.0030  0.0030  0.0050
2000.3470    -0.0542    -0.0644     0.0091  0.0030  0.0030  0.0050
2000.3497    -0.0583    -0.0579     0.0120  0.0030  0.0030  0.0050
2000.3525    -0.0575    -0.0630     0.0077  0.0030  0.0030  0.0050
2000.3552    -0.0599    -0.0631     0.0099  0.0030  0.0030  0.0050
2000.3579    -0.0571    -0.0657     0.0105  0.0030  0.0030  0.0050
2000.3607    -0.0582    -0.0617     0.0049  0.0030  0.0030  0.0050
2000.3634    -0.0568    -0.0635    -0.0018  0.0030  0.0030  0.0050
2000.3661    -0.0600    -0.0606     0.0136  0.0030  0.0030  0.0050
2000.3689    -0.0550    -0.0610     0.0091  0.0030  0.0030  0.0050
2000.3716    -0.0556    -0.0616     0.0045  0.0030  0.0030  0.0050
2000.3743    -0.0557    -0.0565     0.0115  0.0030  0.0030  0.0050
2000.3771    -0.0573    -0.0604     0.0024  0.0030  0.0030  0.0050
2000.3798    -0.0565    -0.0606     0.0046  0.0030  0.0030  0.0050
2000.3825    -0.0610    -0.0635     0.0032  0.0030  0.0030  0.0050
2000.3853    -0.0565    -0.0613     0.0033  0.0030  0.0030  0.0050
2000.3880    -0.0619    -0.0616     0.0065  0.0030  0.0030  0.0050
2000.3907    -0.0601    -0.0631     0.0044  0.0030  0.0030  0.0050
2000.3934    -0.0574    -0.0606     0.0092  0.0030  0.0030  0.0050
2000.3962    -0.0588    -0.0665     0.0099  0.0030  0.0030  0.0050
2000.3989    -0.0603    -0.0627     0.0110  0.0030  0.0030  0.0050
2000.4016    -0.0617    -0.0621    -0.0025  0.0030  0.0030  0.0050
2000.4044    -0.0580    -0.0569     0.0079  0.0030  0.0030  0.0050
2000.4071    -0.0599    -0.0605    -0.0126  0.0030  0.0030  0.0050
2000.4098    -0.0561    -0.0599    -0.0008  0.0030  0.0030  0.0050
2000.4126    -0.0553    -0.0599     0.0098  0.0030  0.0030  0.0050
2000.4153    -0.0572    -0.0606     0.0097  0.0030  0.0030  0.0050
2000.4180    -0.0563    -0.0572     0.0091  0.0030  0.0030  0.0050
2000.4208    -0.0589    -0.0587     0.0055  0.0030  0.0030  0.0050
2000.4235    -0.0582    -0.0616     0.0124  0.0030  0.0030  0.0050
2000.4262    -0.0574    -0.0605     0.0049  0.0030  0.0030  0.0050
2000.4290    -0.0568    -0.0629    -0.0002  0.0030  0.0030  0.0050
2000.4317    -0.0586    -0.0630     0.0163  0.0030  0.0030  0.0050
2000.4344    -0.0583    -0.0631     0.0019  0.0030  0.0030  0.0050
2000.4372    -0.0586    -0.0639     0.0092  0.0030  0.0030  0.0050
2000.4399    -0.0578    -0.0608     0.0071  0.0030  0.0030  0.0050
2000.4426    -0.0581    -0.0622     0.0069  0.0030  0.0030  0.0050
2000.4508    -0.0572    -0.0625     0.0141  0.0030  0.0030  0.0050
2000.4535    -0.0611    -0.0657     0.0088  0.0030  0.0030  0.0050
2000.4563    -0.0583    -0.0624     0.0143  0.0030  0.0030  0.0050
2000.4590    -0.0574    -0.0640    -0.0039  0.0030  0.0030  0.0050
2000.4617    -0.0554    -0.0647     0.0113  0.0030  0.0030  0.0050
2000.4645    -0.0583    -0.0642     0.0026  0.0030  0.0030  0.0050
2000.4672    -0.0610    -0.0681    -0.0020  0.0030  0.0030  0.0050
2000.4699    -0.0564    -0.0644     0.0018  0.0030  0.0030  0.0050
2000.4727    -0.0582    -0.0607    -0.0061  0.0030  0.0030  0.0050
2000.4754    -0.0591    -0.0585     0.0113  0.0030  0.0030  0.0050
2000.4781    -0.0583    -0.0628    -0.0093  0.0030  0.0030  0.0050
2000.4809    -0.0579    -0.0592     0.0008  0.0030  0.0030  0.0050
2000.4836    -0.0573    -0.0604     0.0114  0.0030  0.0030  0.0050
2000.4863    -0.0554    -0.0613    -0.0040  0.0030  0.0030  0.0050
2000.4891    -0.0566    -0.0615     0.0024  0.0030  0.0030  0.0050
2000.4918    -0.0565    -0.0612     0.0035  0.0030  0.0030  0.0050
2000.4945    -0.0571    -0.0617     0.0091  0.0030  0.0030  0.0050
2000.4973    -0.0564    -0.0649     0.0043  0.0030  0.0030  0.0050
2000.5000    -0.0549    -0.0592     0.0085  0.0030  0.0030  0.0050
2000.5027    -0.0588    -0.0599     0.0004  0.0030  0.0030  0.0050
2000.5055    -0.0573    -0.0586     0.0079  0.0030  0.0030  0.0050
2000.5082    -0.0536    -0.0596     0.0035  0.0030  0.0030  0.0050
2000.5109    -0.0571    -0.0622     0.0050  0.0030  0.0030  0.0050
2000.5137    -0.0544    -0.0610     0.0050  0.0030  0.0030  0.0050
2000.5164    -0.0570    -0.0635     0.0021  0.0030  0.0030  0.0050
2000.5191    -0.0529    -0.0596     0.0036  0.0030  0.0030  0.0050
2000.5219    -0.0559    -0.0599     0.0018  0.0030  0.0030  0.0050
2000.5246    -0.0584    -0.0566    -0.0028  0.0030  0.0030  0.0050
2000.5273    -0.0562    -0.0603    -0.0147  0.0030  0.0030  0.0050
2000.5301    -0.0560    -0.0663     0.0019  0.0030  0.0030  0.0050
2000.5328    -0.0598    -0.0636     0.0045  0.0030  0.0030  0.0050
2000.5355    -0.0599    -0.0604     0.0044  0.0030  0.0030  0.0050
2000.5383    -0.0580    -0.0638     0.0094  0.0030  0.0030  0.0050
2000.5410    -0.0581    -0.0668    -0.0053  0.0030  0.0030  0.0050
2000.5437    -0.0532    -0.0560     0.0035  0.0030  0.0030  0.0050
2000.5465    -0.0566    -0.0601    -0.0133  0.0030  0.0030  0.0050
2000.5492    -0.0514    -0.0541     0.0020  0.0030  0.0030  0.0050
2000.5519    -0.0552    -0.0601    -0.0158  0.0030  0.0030  0.0050
2000.5546    -0.0602    -0.0613     0.0078  0.0030  0.0030  0.0050
2000.5574    -0.0578    -0.0592     0.0031  0.0030  0.0030  0.0050
2000.5601    -0.0589    -0.0619     0.0069  0.0030  0.0030  0.0050
2000.5628    -0.0611    -0.0621    -0.0026  0.0030  0.0030  0.0050
2000.5656    -0.0589    -0.0566     0.0051  0.0030  0.0030  0.0050
2000.5683    -0.0566    -0.0598     0.0002  0.0030  0.0030  0.0050
2000.5710    -0.0583    -0.0570     0.0071  0.0030  0.0030  0.0050
2000.5738    -0.0569    -0.0588     0.0080  0.0030  0.0030  0.0050
2000.5765    -0.0521    -0.0557     0.0122  0.0030  0.0030  0.0050
2000.5792    -0.0592    -0.0593    -0.0108  0.0030  0.0030  0.0050
2000.5820    -0.0539    -0.0621    -0.0047  0.0030  0.0030  0.0050
2000.5847    -0.0593    -0.0609     0.0004  0.0030  0.0030  0.0050
2000.5874    -0.0557    -0.0628    -0.0054  0.0030  0.0030  0.0050
2000.5902    -0.0587    -0.0640    -0.0013  0.0030  0.0030  0.0050
2000.5929    -0.0550    -0.0599     0.0084  0.0030  0.0030  0.0050
2000.5956    -0.0570    -0.0637     0.0015  0.0030  0.0030  0.0050
2000.5984    -0.0573    -0.0632     0.0107  0.0030  0.0030  0.0050
2000.6011    -0.0594    -0.0548    -0.0111  0.0030  0.0030  0.0050
2000.6038    -0.0591    -0.0587     0.0055  0.0030  0.0030  0.0050
2000.6066    -0.0571    -0.0612    -0.0085  0.0030  0.0030  0.0050
2000.6093    -0.0548    -0.0595     0.0024  0.0030  0.0030  0.0050
2000.6120    -0.0563    -0.0609    -0.0000  0.0030  0.0030  0.0050
2000.6147    -0.0576    -0.0603     0.0006  0.0030  0.0030  0.0050
2000.6175    -0.0572    -0.0606     0.0095  0.0030  0.0030  0.0050
2000.6202    -0.0552    -0.0641     0.0002  0.0030  0.0030  0.0050
2000.6229    -0.0570    -0.0585    -0.0142  0.0030  0.0030  0.0050
2000.6257    -0.0541    -0.0585     0.0043  0.0030  0.0030  0.0050
2000.6284    -0.0539    -0.0633     0.0024  0.0030  0.0030  0.0050
2000.6311    -0.0554    -0.0608     0.0058  0.0030  0.0030  0.0050
2000.6339    -0.0567    -0.0566    -0.0048  0.0030  0.0030  0.0050
2000.6366    -0.0576    -0.0617     0.0037  0.0030  0.0030  0.0050
2000.6393    -0.0564    -0.0621     0.0011  0.0030  0.0030  0.0050
2000.6421    -0.0546    -0.0617    -0.0059  0.0030  0.0030  0.0050
2000.6448    -0.0591    -0.0624     0.0095  0.0030  0.0030  0.0050
2000.6475    -0.0548    -0.0641     0.0116  0.0030  0.0030  0.0050
2000.6503    -0.0585    -0.0585     0.0014  0.0030  0.0030  0.0050
2000.6530    -0.0565    -0.0613     0.0076  0.0030  0.0030  0.0050
2000.6557    -0.0529    -0.0634    -0.0217  0.0030  0.0030  0.0050
2000.6585    -0.0534    -0.0627    -0.0104  0.0030  0.0030  0.0050
2000.6639    -0.0526    -0.0452    -0.0092  0.0030  0.0030  0.0050
2000.6667    -0.0557    -0.0644    -0.0051  0.0030  0.0030  0.0050
2000.6694    -0.0555    -0.0648     0.0001  0.0030  0.0030  0.0050
2000.6721    -0.0533    -0.0680     0.0002  0.0030  0.0030  0.0050
2000.6749    -0.0579    -0.0661    -0.0015  0.0030  0.0030  0.0050
2000.6776    -0.0580    -0.0609    -0.0063  0.0030  0.0030  0.0050
2000.6803    -0.0559    -0.0572    -0.0024  0.0030  0.0030  0.0050
2000.6831    -0.0520    -0.0691    -0.0013  0.0030  0.0030  0.0050
2000.6858    -0.0545    -0.0671    -0.0076  0.0030  0.0030  0.0050
2000.6885    -0.0599    -0.0689    -0.0111  0.0030  0.0030  0.0050
2000.6913    -0.0576    -0.0682    -0.0035  0.0030  0.0030  0.0050
2000.6940    -0.0583    -0.0637     0.0042  0.0030  0.0030  0.0050
2000.6967    -0.0537    -0.0643     0.0120  0.0030  0.0030  0.0050
2000.6995    -0.0556    -0.0663    -0.0086  0.0030  0.0030  0.0050
2000.7022    -0.0527    -0.0661    -0.0140  0.0030  0.0030  0.0050
2000.7049    -0.0539    -0.0644    -0.0084  0.0030  0.0030  0.0050
2000.7104    -0.0530    -0.0646    -0.0151  0.0030  0.0030  0.0050
2000.7131    -0.0500    -0.0568    -0.0291  0.0030  0.0030  0.0050
2000.7159    -0.0534    -0.0649    -0.0106  0.0030  0.0030  0.0050
2000.7186    -0.0559    -0.0626    -0.0064  0.0030  0.0030  0.0050
2000.7213    -0.0533    -0.0551    -0.0036  0.0030  0.0030  0.0050
2000.7240    -0.0544    -0.0596    -0.0026  0.0030  0.0030  0.0050
2000.7268    -0.0500    -0.0597    -0.0118  0.0030  0.0030  0.0050
2000.7295    -0.0444    -0.0575    -0.0042  0.0030  0.0030  0.0050
2000.7322    -0.0499    -0.0565    -0.0030  0.0030  0.0030  0.0050
2000.7377    -0.0450    -0.0642    -0.0028  0.0030  0.0030  0.0050
2000.7486    -0.0491    -0.0613    -0.0050  0.0030  0.0030  0.0050
2000.7514    -0.0548    -0.0631    -0.0112  0.0030  0.0030  0.0050
2000.7541    -0.0500    -0.0602    -0.0072  0.0030  0.0030  0.0050
2000.7568    -0.0508    -0.0552    -0.0039  0.0030  0.0030  0.0050
2000.7596    -0.0506    -0.0562     0.0057  0.0030  0.0030  0.0050
2000.7623    -0.0554    -0.0578    -0.0084  0.0030  0.0030  0.0050
2000.7650    -0.0502    -0.0579    -0.0154  0.0030  0.0030  0.0050
2000.7678    -0.0482    -0.0597    -0.0007  0.0030  0.0030  0.0050
2000.7705    -0.0496    -0.0625    -0.0035  0.0030  0.0030  0.0050
2000.7732    -0.0523    -0.0588    -0.0010  0.0030  0.0030  0.0050
2000.7760    -0.0505    -0.0611     0.0019  0.0030  0.0030  0.0050
2000.7787    -0.0537    -0.0603    -0.0072  0.0030  0.0030  0.0050
2000.7814    -0.0483    -0.0626    -0.0064  0.0030  0.0030  0.0050
2000.7841    -0.0519    -0.0622     0.0012  0.0030  0.0030  0.0050
2000.7869    -0.0530    -0.0575    -0.0045  0.0030  0.0030  0.0050
2000.7896    -0.0502    -0.0605     0.0015  0.0030  0.0030  0.0050
2000.7923    -0.0507    -0.0550     0.0003  0.0030  0.0030  0.0050
2000.7951    -0.0483    -0.0588     0.0011  0.0030  0.0030  0.0050
2000.7978    -0.0540    -0.0592    -0.0080  0.0030  0.0030  0.0050
2000.8005    -0.0500    -0.0580    -0.0056  0.0030  0.0030  0.0050
2000.8033    -0.0507    -0.0626     0.0027  0.0030  0.0030  0.0050
2000.8060    -0.0461    -0.0620    -0.0043  0.0030  0.0030  0.0050
2000.8087    -0.0498    -0.0610    -0.0013  0.0030  0.0030  0.0050
2000.8115    -0.0502    -0.0568    -0.0075  0.0030  0.0030  0.0050
2000.8142    -0.0548    -0.0607     0.0068  0.0030  0.0030  0.0050
2000.8169    -0.0491    -0.0634     0.0206  0.0030  0.0030  0.0050
2000.8197    -0.0499    -0.0632     0.0163  0.0030  0.0030  0.0050
2000.8224    -0.0507    -0.0600     0.0033  0.0030  0.0030  0.0050
2000.8251    -0.0516    -0.0643     0.0116  0.0030  0.0030  0.0050
2000.8279    -0.0508    -0.0614    -0.0044  0.0030  0.0030  0.0050
2000.8306    -0.0447    -0.0580    -0.0071  0.0030  0.0030  0.0050
2000.8333    -0.0501    -0.0606    -0.0115  0.0030  0.0030  0.0050
2000.8388    -0.0486    -0.0607     0.0103  0.0030  0.0030  0.0050
2000.8415    -0.0528    -0.0599    -0.0076  0.0030  0.0030  0.0050
2000.8443    -0.0490    -0.0610    -0.0044  0.0030  0.0030  0.0050
2000.8470    -0.0528    -0.0602     0.0004  0.0030  0.0030  0.0050
2000.8497    -0.0484    -0.0572    -0.0023  0.0030  0.0030  0.0050
2000.8525    -0.0495    -0.0623     0.0160  0.0030  0.0030  0.0050
2000.8552    -0.0506    -0.0631     0.0081  0.0030  0.0030  0.0050
2000.8579    -0.0484    -0.0592    -0.0026  0.0030  0.0030  0.0050
2000.8607    -0.0478    -0.0612    -0.0235  0.0030  0.0030  0.0050
2000.8634    -0.0473    -0.0610    -0.0070  0.0030  0.0030  0.0050
2000.8661    -0.0507    -0.0572    -0.0102  0.0030  0.0030  0.0050
2000.8689    -0.0466    -0.0630    -0.0053  0.0030  0.0030  0.0050
2000.8716    -0.0526    -0.0600    -0.0011  0.0030  0.0030  0.0050
2000.8743    -0.0526    -0.0577     0.0009  0.0030  0.0030  0.0050
2000.8771    -0.0520    -0.0597    -0.0007  0.0030  0.0030  0.0050
2000.8798    -0.0443    -0.0556    -0.0009  0.0030  0.0030  0.0050
2000.8825    -0.0522    -0.0647     0.0080  0.0030  0.0030  0.0050
2000.8853    -0.0543    -0.0621     0.0034  0.0030  0.0030  0.0050
2000.8880    -0.0482    -0.0573    -0.0107  0.0030  0.0030  0.0050
2000.8907    -0.0493    -0.0563     0.0021  0.0030  0.0030  0.0050
2000.8934    -0.0527    -0.0596     0.0105  0.0030  0.0030  0.0050
2000.8962    -0.0465    -0.0529    -0.0018  0.0030  0.0030  0.0050
2000.8989    -0.0533    -0.0598     0.0032  0.0030  0.0030  0.0050
2000.9016    -0.0520    -0.0546     0.0019  0.0030  0.0030  0.0050
2000.9044    -0.0504    -0.0621    -0.0005  0.0030  0.0030  0.0050
2000.9071    -0.0504    -0.0584     0.0021  0.0030  0.0030  0.0050
2000.9098    -0.0484    -0.0577     0.0071  0.0030  0.0030  0.0050
2000.9126    -0.0508    -0.0574     0.0098  0.0030  0.0030  0.0050
2000.9153    -0.0505    -0.0587     0.0059  0.0030  0.0030  0.0050
2000.9180    -0.0488    -0.0573     0.0066  0.0030  0.0030  0.0050
2000.9208    -0.0442    -0.0530     0.0094  0.0030  0.0030  0.0050
2000.9235    -0.0478    -0.0590    -0.0053  0.0030  0.0030  0.0050
2000.9262    -0.0529    -0.0559     0.0013  0.0030  0.0030  0.0050
2000.9290    -0.0511    -0.0596     0.0037  0.0030  0.0030  0.0050
2000.9317    -0.0478    -0.0572     0.0139  0.0030  0.0030  0.0050
2000.9344    -0.0494    -0.0527    -0.0052  0.0030  0.0030  0.0050
2000.9372    -0.0484    -0.0607     0.0065  0.0030  0.0030  0.0050
2000.9399    -0.0447    -0.0590     0.0083  0.0030  0.0030  0.0050
2000.9426    -0.0441    -0.0583     0.0020  0.0030  0.0030  0.0050
2000.9454    -0.0489    -0.0554     0.0066  0.0030  0.0030  0.0050
2000.9481    -0.0460    -0.0557     0.0002  0.0030  0.0030  0.0050
2000.9508    -0.0494    -0.0568     0.0093  0.0030  0.0030  0.0050
2000.9535    -0.0509    -0.0564     0.0119  0.0030  0.0030  0.0050
2000.9563    -0.0494    -0.0517    -0.0013  0.0030  0.0030  0.0050
2000.9590    -0.0474    -0.0633     0.0297  0.0030  0.0030  0.0050
2000.9617    -0.0467    -0.0569     0.0068  0.0030  0.0030  0.0050
2000.9645    -0.0480    -0.0535     0.0056  0.0030  0.0030  0.0050
2000.9672    -0.0472    -0.0572     0.0196  0.0030  0.0030  0.0050
2000.9699    -0.0463    -0.0551     0.0070  0.0030  0.0030  0.0050
2000.9727    -0.0496    -0.0597     0.0069  0.0030  0.0030  0.0050
2000.9754    -0.0497    -0.0585     0.0094  0.0030  0.0030  0.0050
2000.9781    -0.0494    -0.0565     0.0111  0.0030  0.0030  0.0050
2000.9809    -0.0466    -0.0587     0.0082  0.0030  0.0030  0.0050
2000.9836    -0.0460    -0.0648     0.0095  0.0030  0.0030  0.0050
2000.9863    -0.0503    -0.0596     0.0048  0.0030  0.0030  0.0050
2000.9891    -0.0502    -0.0589     0.0081  0.0030  0.0030  0.0050
2000.9918    -0.0552    -0.0572     0.0188  0.0030  0.0030  0.0050
2000.9945    -0.0494    -0.0559    -0.0023  0.0030  0.0030  0.0050
2000.9973    -0.0503    -0.0585     0.0002  0.0030  0.0030  0.0050
2001.0000    -0.0482    -0.0580    -0.0004  0.0030  0.0030  0.0050
2001.0027    -0.0491    -0.0572     0.0075  0.0030  0.0030  0.0050
2001.0055    -0.0473    -0.0576     0.0020  0.0030  0.0030  0.0050
2001.0082    -0.0479    -0.0575    -0.0064  0.0030  0.0030  0.0050
2001.0110    -0.0479    -0.0566    -0.0038  0.0030  0.0030  0.0050
2001.0137    -0.0479    -0.0543     0.0066  0.0030  0.0030  0.0050
2001.0164    -0.0485    -0.0556    -0.0102  0.0030  0.0030  0.0050
2001.0192    -0.0467    -0.0564    -0.0031  0.0030  0.0030  0.0050
2001.0219    -0.0482    -0.0574     0.0017  0.0030  0.0030  0.0050
2001.0247    -0.0449    -0.0555     0.0013  0.0030  0.0030  0.0050
2001.0274    -0.0484    -0.0534     0.0044  0.0030  0.0030  0.0050
2001.0301    -0.0466    -0.0575     0.0019  0.0030  0.0030  0.0050
2001.0329    -0.0487    -0.0561    -0.0041  0.0030  0.0030  0.0050
2001.0356    -0.0440    -0.0577     0.0030  0.0030  0.0030  0.0050
2001.0384    -0.0457    -0.0553     0.0021  0.0030  0.0030  0.0050
2001.0411    -0.0485    -0.0559     0.0006  0.0030  0.0030  0.0050
2001.0438    -0.0484    -0.0564     0.0074  0.0030  0.0030  0.0050
2001.0466    -0.0462    -0.0526    -0.0023  0.0030  0.0030  0.0050
2001.0493    -0.0484    -0.0563    -0.0018  0.0030  0.0030  0.0050
2001.0521    -0.0456    -0.0551     0.0032  0.0030  0.0030  0.0050
2001.0548    -0.0454    -0.0565     0.0063  0.0030  0.0030  0.0050
2001.0575    -0.0467    -0.0589    -0.0000  0.0030  0.0030  0.0050
2001.0603    -0.0468    -0.0560    -0.0101  0.0030  0.0030  0.0050
2001.0630    -0.0516    -0.0606    -0.0053  0.0030  0.0030  0.0050
2001.0657    -0.0463    -0.0588     0.0040  0.0030  0.0030  0.0050
2001.0712    -0.0465    -0.0547    -0.0025  0.0030  0.0030  0.0050
2001.0740    -0.0490    -0.0545    -0.0021  0.0030  0.0030  0.0050
2001.0767    -0.0478    -0.0568    -0.0035  0.0030  0.0030  0.0050
2001.0794    -0.0476    -0.0569     0.0085  0.0030  0.0030  0.0050
2001.0822    -0.0456    -0.0570     0.0032  0.0030  0.0030  0.0050
2001.0849    -0.0454    -0.0548    -0.0045  0.0030  0.0030  0.0050
2001.0877    -0.0461    -0.0554    -0.0022  0.0030  0.0030  0.0050
2001.0904    -0.0480    -0.0589     0.0042  0.0030  0.0030  0.0050
2001.0931    -0.0474    -0.0606     0.0001  0.0030  0.0030  0.0050
2001.0959    -0.0450    -0.0537    -0.0020  0.0030  0.0030  0.0050
2001.0986    -0.0443    -0.0565    -0.0010  0.0030  0.0030  0.0050
2001.1014    -0.0433    -0.0553    -0.0065  0.0030  0.0030  0.0050
2001.1041    -0.0436    -0.0537    -0.0013  0.0030  0.0030  0.0050
2001.1068    -0.0446    -0.0541     0.0037  0.0030  0.0030  0.0050
2001.1096    -0.0416    -0.0528     0.0014  0.0030  0.0030  0.0050
2001.1123    -0.0442    -0.0553    -0.0014  0.0030  0.0030  0.0050
2001.1151    -0.0435    -0.0550     0.0064  0.0030  0.0030  0.0050
2001.1178    -0.0434    -0.0530     0.0026  0.0030  0.0030  0.0050
2001.1206    -0.0450    -0.0575     0.0008  0.0030  0.0030  0.0050
2001.1233    -0.0462    -0.0536    -0.0002  0.0030  0.0030  0.0050
2001.1260    -0.0416    -0.0520     0.0070  0.0030  0.0030  0.0050
2001.1288    -0.0421    -0.0459     0.0064  0.0030  0.0030  0.0050
2001.1315    -0.0458    -0.0528     0.0022  0.0030  0.0030  0.0050
2001.1343    -0.0462    -0.0547    -0.0025  0.0030  0.0030  0.0050
2001.1507    -0.0474    -0.0555     0.0036  0.0030  0.0030  0.0050
2001.1534    -0.0468    -0.0506     0.0004  0.0030  0.0030  0.0050
2001.1562    -0.0478    -0.0578     0.0065  0.0030  0.0030  0.0050
2001.1589    -0.0466    -0.0512     0.0013  0.0030  0.0030  0.0050
2001.1616    -0.0463    -0.0510    -0.0065  0.0030  0.0030  0.0050
2001.1644    -0.0477    -0.0502     0.0002  0.0030  0.0030  0.0050
2001.1671    -0.0494    -0.0501     0.0044  0.0030  0.0030  0.0050
2001.1699    -0.0452    -0.0529    -0.0050  0.0030  0.0030  0.0050
2001.1726    -0.0472    -0.0526     0.0021  0.0030  0.0030  0.0050
2001.1753    -0.0447    -0.0529    -0.0025  0.0030  0.0030  0.0050
2001.1781    -0.0453    -0.0548    -0.0078  0.0030  0.0030  0.0050
2001.1808    -0.0412    -0.0552    -0.0002  0.0030  0.0030  0.0050
2001.1836    -0.0490    -0.0530     0.0008  0.0030  0.0030  0.0050
2001.1863    -0.0467    -0.0539     0.0033  0.0030  0.0030  0.0050
2001.1890    -0.0443    -0.0542     0.0020  0.0030  0.0030  0.0050
2001.1918    -0.0487    -0.0510     0.0069  0.0030  0.0030  0.0050
2001.1945    -0.0488    -0.0549    -0.0012  0.0030  0.0030  0.0050
2001.1973    -0.0501    -0.0549    -0.0029  0.0030  0.0030  0.0050
2001.2000    -0.0493    -0.0533    -0.0085  0.0030  0.0030  0.0050
2001.2027    -0.0486    -0.0537     0.0013  0.0030  0.0030  0.0050
2001.2055    -0.0490    -0.0587    -0.0145  0.0030  0.0030  0.0050
2001.2082    -0.0467    -0.0541     0.0097  0.0030  0.0030  0.0050
2001.2110    -0.0481    -0.0546    -0.0041  0.0030  0.0030  0.0050
2001.2137    -0.0479    -0.0549    -0.0039  0.0030  0.0030  0.0050
2001.2164    -0.0466    -0.0553    -0.0060  0.0030  0.0030  0.0050
2001.2192    -0.0469    -0.0531     0.0003  0.0030  0.0030  0.0050
2001.2219    -0.0454    -0.0586    -0.0054  0.0030  0.0030  0.0050
2001.2247    -0.0478    -0.0570    -0.0075  0.0030  0.0030  0.0050
2001.2274    -0.0488    -0.0568    -0.0005  0.0030  0.0030  0.0050
2001.2301    -0.0495    -0.0546     0.0044  0.0030  0.0030  0.0050
2001.2329    -0.0477    -0.0543    -0.0051  0.0030  0.0030  0.0050
2001.2356    -0.0475    -0.0534    -0.0085  0.0030  0.0030  0.0050
2001.2384    -0.0480    -0.0504     0.0005  0.0030  0.0030  0.0050
2001.2411    -0.0473    -0.0538     0.0002  0.0030  0.0030  0.0050
2001.2438    -0.0488    -0.0550    -0.0051  0.0030  0.0030  0.0050
2001.2466    -0.0461    -0.0547     0.0049  0.0030  0.0030  0.0050
2001.2493    -0.0426    -0.0569    -0.0029  0.0030  0.0030  0.0050
2001.2521    -0.0460    -0.0528    -0.0088  0.0030  0.0030  0.0050
2001.2548    -0.0432    -0.0531     0.0005  0.0030  0.0030  0.0050
2001.2575    -0.0459    -0.0510     0.0062  0.0030  0.0030  0.0050
2001.2603    -0.0453    -0.0566     0.0042  0.0030  0.0030  0.0050
2001.2630    -0.0490    -0.0545     0.0027  0.0030  0.0030  0.0050
2001.2658    -0.0459    -0.0540     0.0058  0.0030  0.0030  0.0050
2001.2685    -0.0440    -0.0569     0.0061  0.0030  0.0030  0.0050
2001.2712    -0.0454    -0.0522    -0.0064  0.0030  0.0030  0.0050
2001.2740    -0.0460    -0.0531     0.0062  0.0030  0.0030  0.0050
2001.2767    -0.0453    -0.0517     0.0080  0.0030  0.0030  0.0050
2001.2794    -0.0455    -0.0525     0.0200  0.0030  0.0030  0.0050
2001.2822    -0.0452    -0.0537     0.0085  0.0030  0.0030  0.0050
2001.2849    -0.0374    -0.0636     0.0211  0.0030  0.0030  0.0050
2001.2904    -0.0422    -0.0578     0.0116  0.0030  0.0030  0.0050
2001.2931    -0.0436    -0.0511    -0.0000  0.0030  0.0030  0.0050
2001.2959    -0.0427    -0.0520    -0.0050  0.0030  0.0030  0.0050
2001.2986    -0.0458    -0.0516    -0.0082  0.0030  0.0030  0.0050
2001.3014    -0.0374    -0.0550     0.0091  0.0030  0.0030  0.0050
2001.3041    -0.0437    -0.0555     0.0122  0.0030  0.0030  0.0050
2001.3068    -0.0465    -0.0490     0.0019  0.0030  0.0030  0.0050
2001.3096    -0.0436    -0.0407    -0.0016  0.0030  0.0030  0.0050
2001.3123    -0.0434    -0.0500     0.0002  0.0030  0.0030  0.0050
2001.3151    -0.0443    -0.0510     0.0126  0.0030  0.0030  0.0050
2001.3178    -0.0441    -0.0555     0.0082  0.0030  0.0030  0.0050
2001.3205    -0.0479    -0.0517    -0.0006  0.0030  0.0030  0.0050
2001.3233    -0.0452    -0.0530     0.0118  0.0030  0.0030  0.0050
2001.3260    -0.0455    -0.0510     0.0153  0.0030  0.0030  0.0050
2001.3288    -0.0438    -0.0530     0.0082  0.0030  0.0030  0.0050
2001.3315    -0.0403    -0.0527     0.0027  0.0030  0.0030  0.0050
2001.3343    -0.0426    -0.0490     0.0068  0.0030  0.0030  0.0050
2001.3370    -0.0441    -0.0485     0.0084  0.0030  0.0030  0.0050
2001.3397    -0.0434    -0.0500     0.0055  0.0030  0.0030  0.0050
2001.3425    -0.0423    -0.0491    -0.0015  0.0030  0.0030  0.0050
2001.3452    -0.0458    -0.0484    -0.0078  0.0030  0.0030  0.0050
2001.3480    -0.0450    -0.0528     0.0016  0.0030  0.0030  0.0050
2001.3507    -0.0439    -0.0484     0.0043  0.0030  0.0030  0.0050
2001.3534    -0.0434    -0.0482     0.0101  0.0030  0.0030  0.0050
2001.3562    -0.0471    -0.0519    -0.0000  0.0030  0.0030  0.0050
2001.3589    -0.0478    -0.0482     0.0032  0.0030  0.0030  0.0050
2001.3616    -0.0431    -0.0481    -0.0030  0.0030  0.0030  0.0050
2001.3644    -0.0473    -0.0512     0.0068  0.0030  0.0030  0.0050
2001.3671    -0.0478    -0.0537     0.0039  0.0030  0.0030  0.0050
2001.3699    -0.0445    -0.0504     0.0059  0.0030  0.0030  0.0050
2001.3726    -0.0453    -0.0517     0.0088  0.0030  0.0030  0.0050
2001.3753    -0.0472    -0.0522     0.0013  0.0030  0.0030  0.0050
2001.3781    -0.0455    -0.0490     0.0020  0.0030  0.0030  0.0050
2001.3808    -0.0453    -0.0515    -0.0041  0.0030  0.0030  0.0050
2001.3836    -0.0393    -0.0509     0.0096  0.0030  0.0030  0.0050
2001.3863    -0.0439    -0.0487     0.0130  0.0030  0.0030  0.0050
2001.3890    -0.0469    -0.0502     0.0090  0.0030  0.0030  0.0050
2001.3918    -0.0457    -0.0532     0.0165  0.0030  0.0030  0.0050
2001.3945    -0.0438    -0.0546     0.0089  0.0030  0.0030  0.0050
2001.3973    -0.0453    -0.0511     0.0006  0.0030  0.0030  0.0050
2001.4000    -0.0407    -0.0460     0.0042  0.0030  0.0030  0.0050
2001.4027    -0.0441    -0.0505     0.0064  0.0030  0.0030  0.0050
2001.4055    -0.0466    -0.0521    -0.0015  0.0030  0.0030  0.0050
2001.4110    -0.0439    -0.0560     0.0076  0.0030  0.0030  0.0050
2001.4137    -0.0430    -0.0503     0.0157  0.0030  0.0030  0.0050
2001.4164    -0.0428    -0.0536     0.0027  0.0030  0.0030  0.0050
2001.4192    -0.0459    -0.0505     0.0088  0.0030  0.0030  0.0050
2001.4219    -0.0435    -0.0522     0.0048  0.0030  0.0030  0.0050
2001.4247    -0.0482    -0.0538     0.0139  0.0030  0.0030  0.0050
2001.4274    -0.0405    -0.0526     0.0047  0.0030  0.0030  0.0050
2001.4301    -0.0438    -0.0512     0.0077  0.0030  0.0030  0.0050
2001.4384    -0.0445    -0.0521     0.0087  0.0030  0.0030  0.0050
2001.5973    -0.0447    -0.0529     0.0076  0.0030  0.0030  0.0050
2001.6110    -0.0439    -0.0517     0.0064  0.0030  0.0030  0.0050
2001.6822    -0.0374    -0.0469    -0.0084  0.0030  0.0030  0.0050
2001.6849    -0.0432    -0.0516     0.0063  0.0030  0.0030  0.0050
2001.6877    -0.0444    -0.0556     0.0022  0.0030  0.0030  0.0050
2001.6904    -0.0421    -0.0460    -0.0038  0.0030  0.0030  0.0050
2001.6932    -0.0414    -0.0531     0.0067  0.0030  0.0030  0.0050
2001.6959    -0.0389    -0.0518     0.0056  0.0030  0.0030  0.0050
2001.6986    -0.0365    -0.0544     0.0122  0.0030  0.0030  0.0050
2001.7014    -0.0398    -0.0526    -0.0003  0.0030  0.0030  0.0050
2001.7041    -0.0402    -0.0516     0.0099  0.0030  0.0030  0.0050
2001.7069    -0.0426    -0.0499    -0.0040  0.0030  0.0030  0.0050
2001.7096    -0.0407    -0.0497    -0.0049  0.0030  0.0030  0.0050
2001.7123    -0.0393    -0.0515     0.0027  0.0030  0.0030  0.0050
2001.7151    -0.0350    -0.0458     0.0097  0.0030  0.0030  0.0050
2001.7178    -0.0380    -0.0481    -0.0125  0.0030  0.0030  0.0050
2001.7206    -0.0369    -0.0480    -0.0093  0.0030  0.0030  0.0050
2001.7233    -0.0371    -0.0484    -0.0143  0.0030  0.0030  0.0050
2001.7260    -0.0374    -0.0498     0.0063  0.0030  0.0030  0.0050
2001.7288    -0.0401    -0.0510     0.0022  0.0030  0.0030  0.0050
2001.7315    -0.0373    -0.0473    -0.0017  0.0030  0.0030  0.0050
2001.7342    -0.0360    -0.0451     0.0053  0.0030  0.0030  0.0050
2001.7370    -0.0395    -0.0506    -0.0021  0.0030  0.0030  0.0050
2001.7397    -0.0391    -0.0380     0.0165  0.0030  0.0030  0.0050
2001.7425    -0.0373    -0.0448     0.0078  0.0030  0.0030  0.0050
2001.7452    -0.0402    -0.0488     0.0117  0.0030  0.0030  0.0050
2001.7479    -0.0374    -0.0440     0.0003  0.0030  0.0030  0.0050
2001.7507    -0.0386    -0.0443     0.0007  0.0030  0.0030  0.0050
2001.7534    -0.0438    -0.0510     0.0053  0.0030  0.0030  0.0050
2001.7562    -0.0397    -0.0511     0.0155  0.0030  0.0030  0.0050
2001.7589    -0.0401    -0.0487     0.0028  0.0030  0.0030  0.0050
2001.7616    -0.0425    -0.0479     0.0083  0.0030  0.0030  0.0050
2001.7644    -0.0403    -0.0499    -0.0021  0.0030  0.0030  0.0050
2001.7671    -0.0430    -0.0529    -0.0095  0.0030  0.0030  0.0050
2001.7699    -0.0432    -0.0473    -0.0103  0.0030  0.0030  0.0050
2001.7726    -0.0399    -0.0464     0.0016  0.0030  0.0030  0.0050
2001.7753    -0.0375    -0.0471     0.0038  0.0030  0.0030  0.0050
2001.7781    -0.0383    -0.0457    -0.0030  0.0030  0.0030  0.0050
2001.7836    -0.0403    -0.0489    -0.0021  0.0030  0.0030  0.0050
2001.7863    -0.0374    -0.0481     0.0130  0.0030  0.0030  0.0050
2001.7890    -0.0393    -0.0503    -0.0084  0.0030  0.0030  0.0050
2001.7918    -0.0395    -0.0508    -0.0105  0.0030  0.0030  0.0050
2001.7945    -0.0387    -0.0536    -0.0080  0.0030  0.0030  0.0050
2001.7973    -0.0416    -0.0474     0.0075  0.0030  0.0030  0.0050
2001.8000    -0.0385    -0.0489    -0.0058  0.0030  0.0030  0.0050
2001.8027    -0.0427    -0.0475     0.0172  0.0030  0.0030  0.0050
2001.8055    -0.0400    -0.0504    -0.0159  0.0030  0.0030  0.0050
2001.8082    -0.0379    -0.0530    -0.0015  0.0030  0.0030  0.0050
2001.8110    -0.0423    -0.0575     0.0078  0.0030  0.0030  0.0050
2001.8137    -0.0425    -0.0414     0.0009  0.0030  0.0030  0.0050
2001.8164    -0.0387    -0.0481    -0.0049  0.0030  0.0030  0.0050
2001.8192    -0.0414    -0.0490    -0.0112  0.0030  0.0030  0.0050
2001.8219    -0.0417    -0.0482    -0.0056  0.0030  0.0030  0.0050
2001.8247    -0.0390    -0.0478    -0.0046  0.0030  0.0030  0.0050
2001.8274    -0.0403    -0.0493    -0.0016  0.0030  0.0030  0.0050
2001.8301    -0.0437    -0.0449    -0.0103  0.0030  0.0030  0.0050
2001.8329    -0.0412    -0.0503    -0.0072  0.0030  0.0030  0.0050
2001.8356    -0.0377    -0.0391    -0.0029  0.0030  0.0030  0.0050
2001.8384    -0.0401    -0.0507     0.0090  0.0030  0.0030  0.0050
2001.8411    -0.0405    -0.0515     0.0021  0.0030  0.0030  0.0050
2001.8438    -0.0394    -0.0459     0.0098  0.0030  0.0030  0.0050
2001.8466    -0.0416    -0.0475     0.0024  0.0030  0.0030  0.0050
2001.8493    -0.0405    -0.0463    -0.0049  0.0030  0.0030  0.0050
2001.8520    -0.0403    -0.0507     0.0011  0.0030  0.0030  0.0050
2001.8548    -0.0402    -0.0476     0.0030  0.0030  0.0030  0.0050
2001.8575    -0.0369    -0.0444     0.0063  0.0030  0.0030  0.0050
2001.8603    -0.0415    -0.0446     0.0105  0.0030  0.0030  0.0050
2001.8630    -0.0406    -0.0442    -0.0051  0.0030  0.0030  0.0050
2001.8657    -0.0416    -0.0515    -0.0013  0.0030  0.0030  0.0050
2001.8685    -0.0409    -0.0464     0.0056  0.0030  0.0030  0.0050
2001.8712    -0.0371    -0.0486     0.0020  0.0030  0.0030  0.0050
2001.8740    -0.0380    -0.0460     0.0028  0.0030  0.0030  0.0050
2001.8767    -0.0397    -0.0461     0.0089  0.0030  0.0030  0.0050
2001.8794    -0.0411    -0.0485    -0.0024  0.0030  0.0030  0.0050
2001.8822    -0.0392    -0.0446    -0.0047  0.0030  0.0030  0.0050
2001.8849    -0.0353    -0.0454     0.0028  0.0030  0.0030  0.0050
2001.8877    -0.0369    -0.0460     0.0067  0.0030  0.0030  0.0050
2001.8904    -0.0386    -0.0452     0.0047  0.0030  0.0030  0.0050
2001.8932    -0.0401    -0.0474    -0.0038  0.0030  0.0030  0.0050
2001.8959    -0.0396    -0.0489    -0.0148  0.0030  0.0030  0.0050
2001.8986    -0.0400    -0.0488     0.0062  0.0030  0.0030  0.0050
2001.9014    -0.0389    -0.0435     0.0216  0.0030  0.0030  0.0050
2001.9041    -0.0333    -0.0465     0.0057  0.0030  0.0030  0.0050
2001.9069    -0.0341    -0.0477    -0.0053  0.0030  0.0030  0.0050
2001.9096    -0.0373    -0.0415     0.0055  0.0030  0.0030  0.0050
2001.9123    -0.0333    -0.0434     0.0047  0.0030  0.0030  0.0050
2001.9151    -0.0354    -0.0440    -0.0027  0.0030  0.0030  0.0050
2001.9178    -0.0360    -0.0426     0.0021  0.0030  0.0030  0.0050
2001.9206    -0.0388    -0.0436    -0.0051  0.0030  0.0030  0.0050
2001.9233    -0.0368    -0.0438    -0.0003  0.0030  0.0030  0.0050
2001.9260    -0.0354    -0.0406     0.0105  0.0030  0.0030  0.0050
2001.9288    -0.0372    -0.0416    -0.0061  0.0030  0.0030  0.0050
2001.9315    -0.0363    -0.0425     0.0005  0.0030  0.0030  0.0050
2001.9343    -0.0363    -0.0461     0.0006  0.0030  0.0030  0.0050
2001.9370    -0.0337    -0.0467     0.0009  0.0030  0.0030  0.0050
2001.9397    -0.0328    -0.0471     0.0081  0.0030  0.0030  0.0050
2001.9425    -0.0355    -0.0427    -0.0010  0.0030  0.0030  0.0050
2001.9452    -0.0358    -0.0488     0.0034  0.0030  0.0030  0.0050
2001.9479    -0.0360    -0.0497     0.0041  0.0030  0.0030  0.0050
2001.9507    -0.0332    -0.0439    -0.0085  0.0030  0.0030  0.0050
2001.9534    -0.0355    -0.0437    -0.0083  0.0030  0.0030  0.0050
2001.9562    -0.0402    -0.0462    -0.0026  0.0030  0.0030  0.0050
2001.9589    -0.0360    -0.0433     0.0047  0.0030  0.0030  0.0050
2001.9616    -0.0340    -0.0423     0.0064  0.0030  0.0030  0.0050
2001.9644    -0.0354    -0.0422    -0.0029  0.0030  0.0030  0.0050
2001.9671    -0.0344    -0.0421    -0.0088  0.0030  0.0030  0.0050
2001.9699    -0.0374    -0.0413     0.0010  0.0030  0.0030  0.0050
2001.9726    -0.0373    -0.0358     0.0050  0.0030  0.0030  0.0050
2001.9753    -0.0399    -0.0446    -0.0051  0.0030  0.0030  0.0050
2001.9781    -0.0407    -0.0450    -0.0050  0.0030  0.0030  0.0050
2001.9808    -0.0357    -0.0427    -0.0034  0.0030  0.0030  0.0050
2001.9836    -0.0384    -0.0414     0.0120  0.0030  0.0030  0.0050
2001.9863    -0.0381    -0.0423    -0.0049  0.0030  0.0030  0.0050
2001.9890    -0.0389    -0.0396    -0.0060  0.0030  0.0030  0.0050
2001.9918    -0.0383    -0.0403    -0.0053  0.0030  0.0030  0.0050
2001.9945    -0.0362    -0.0380     0.0051  0.0030  0.0030  0.0050
2001.9973    -0.0383    -0.0422    -0.0075  0.0030  0.0030  0.0050
2002.0000    -0.0357    -0.0424     0.0001  0.0030  0.0030  0.0050
2002.0027    -0.0361    -0.0408    -0.0038  0.0030  0.0030  0.0050
2002.0055    -0.0363    -0.0383     0.0088  0.0030  0.0030  0.0050
2002.0082    -0.0374    -0.0404     0.0055  0.0030  0.0030  0.0050
2002.0110    -0.0380    -0.0405    -0.0099  0.0030  0.0030  0.0050
2002.0137    -0.0382    -0.0415     0.0082  0.0030  0.0030  0.0050
2002.0164    -0.0369    -0.0477     0.0070  0.0030  0.0030  0.0050
2002.0192    -0.0383    -0.0418    -0.0032  0.0030  0.0030  0.0050
2002.0219    -0.0391    -0.0428    -0.0049  0.0030  0.0030  0.0050
2002.0247    -0.0375    -0.0362    -0.0110  0.0030  0.0030  0.0050
2002.0274    -0.0394    -0.0418     0.0022  0.0030  0.0030  0.0050
2002.0301    -0.0356    -0.0440     0.0045  0.0030  0.0030  0.0050
2002.0329    -0.0397    -0.0412     0.0026  0.0030  0.0030  0.0050
2002.0356    -0.0362    -0.0401    -0.0103  0.0030  0.0030  0.0050
2002.0384    -0.0377    -0.0416     0.0114  0.0030  0.0030  0.0050
2002.0438    -0.0334    -0.0426     0.0055  0.0030  0.0030  0.0050
2002.0466    -0.0350    -0.0435     0.0021  0.0030  0.0030  0.0050
2002.0493    -0.0385    -0.0433    -0.0055  0.0030  0.0030  0.0050
2002.0521    -0.0398    -0.0402     0.0022  0.0030  0.0030  0.0050
2002.0548    -0.0399    -0.0404     0.0010  0.0030  0.0030  0.0050
2002.0575    -0.0379    -0.0392    -0.0080  0.0030  0.0030  0.0050
2002.0603    -0.0365    -0.0392    -0.0059  0.0030  0.0030  0.0050
2002.0630    -0.0366    -0.0373     0.0055  0.0030  0.0030  0.0050
2002.0657    -0.0357    -0.0353     0.0022  0.0030  0.0030  0.0050
2002.0685    -0.0397    -0.0416     0.0016  0.0030  0.0030  0.0050
2002.0712    -0.0317    -0.0372    -0.0014  0.0030  0.0030  0.0050
2002.0740    -0.0358    -0.0406     0.0010  0.0030  0.0030  0.0050
2002.0767    -0.0351    -0.0395    -0.0026  0.0030  0.0030  0.0050
2002.0794    -0.0366    -0.0387     0.0057  0.0030  0.0030  0.0050
2002.0849    -0.0341    -0.0418     0.0062  0.0030  0.0030  0.0050
2002.0904    -0.0357    -0.0398     0.0009  0.0030  0.0030  0.0050
2002.0986    -0.0361    -0.0374    -0.0078  0.0030  0.0030  0.0050
2002.1014    -0.0377    -0.0388     0.0003  0.0030  0.0030  0.0050
2002.1096    -0.0367    -0.0384    -0.0030  0.0030  0.0030  0.0050
2002.1123    -0.0374    -0.0400    -0.0041  0.0030  0.0030  0.0050
2002.1206    -0.0363    -0.0397    -0.0142  0.0030  0.0030  0.0050
2002.1288    -0.0367    -0.0387    -0.0082  0.0030  0.0030  0.0050
2002.1397    -0.0343    -0.0406     0.0022  0.0030  0.0030  0.0050
2002.1480    -0.0364    -0.0403     0.0011  0.0030  0.0030  0.0050
2002.1726    -0.0380    -0.0430     0.0100  0.0030  0.0030  0.0050
2002.1781    -0.0356    -0.0431     0.0068  0.0030  0.0030  0.0050
2002.1808    -0.0356    -0.0442    -0.0118  0.0030  0.0030  0.0050
2002.1836    -0.0385    -0.0395     0.0040  0.0030  0.0030  0.0050
2002.1863    -0.0375    -0.0407    -0.0030  0.0030  0.0030  0.0050
2002.1890    -0.0354    -0.0400    -0.0019  0.0030  0.0030  0.0050
2002.1918    -0.0349    -0.0375     0.0037  0.0030  0.0030  0.0050
2002.1945    -0.0383    -0.0401    -0.0057  0.0030  0.0030  0.0050
2002.1973    -0.0345    -0.0380     0.0011  0.0030  0.0030  0.0050
2002.2055    -0.0357    -0.0392    -0.0004  0.0030  0.0030  0.0050
2002.2658    -0.0286    -0.0447    -0.0041  0.0030  0.0030  0.0050
2002.2685    -0.0352    -0.0364    -0.0006  0.0030  0.0030  0.0050
2002.2712    -0.0327    -0.0386    -0.0077  0.0030  0.0030  0.0050
2002.2740    -0.0343    -0.0381     0.0016  0.0030  0.0030  0.0050
2002.2767    -0.0338    -0.0396    -0.0037  0.0030  0.0030  0.0050
2002.2794    -0.0330    -0.0381    -0.0008  0.0030  0.0030  0.0050
2002.2822    -0.0336    -0.0370    -0.0086  0.0030  0.0030  0.0050
2002.2849    -0.0330    -0.0478    -0.0094  0.0030  0.0030  0.0050
2002.2904    -0.0357    -0.0560    -0.0063  0.0030  0.0030  0.0050
2002.2931    -0.0325    -0.0401     0.0046  0.0030  0.0030  0.0050
2002.2959    -0.0319    -0.0360     0.0170  0.0030  0.0030  0.0050
2002.2986    -0.0309    -0.0364    -0.0069  0.0030  0.0030  0.0050
2002.3014    -0.0313    -0.0381     0.0134  0.0030  0.0030  0.0050
2002.3041    -0.0332    -0.0339     0.0050  0.0030  0.0030  0.0050
2002.3068    -0.0321    -0.0377     0.0033  0.0030  0.0030  0.0050
2002.3096    -0.0320    -0.0379     0.0060  0.0030  0.0030  0.0050
2002.3151    -0.0317    -0.0389     0.0081  0.0030  0.0030  0.0050
2002.3178    -0.0327    -0.0371     0.0049  0.0030  0.0030  0.0050
2002.3205    -0.0365    -0.0432     0.0165  0.0030  0.0030  0.0050
2002.3233    -0.0344    -0.0370     0.0099  0.0030  0.0030  0.0050
2002.3260    -0.0368    -0.0361    -0.0006  0.0030  0.0030  0.0050
2002.3288    -0.0361    -0.0410     0.0078  0.0030  0.0030  0.0050
2002.3315    -0.0347    -0.0387     0.0066  0.0030  0.0030  0.0050
2002.3343    -0.0343    -0.0385     0.0022  0.0030  0.0030  0.0050
2002.3370    -0.0348    -0.0451    -0.0000  0.0030  0.0030  0.0050
2002.3397    -0.0338    -0.0373     0.0115  0.0030  0.0030  0.0050
2002.3425    -0.0369    -0.0439     0.0149  0.0030  0.0030  0.0050
2002.3452    -0.0334    -0.0414    -0.0006  0.0030  0.0030  0.0050
2002.3589    -0.0347    -0.0420     0.0064  0.0030  0.0030  0.0050
2002.3836    -0.0325    -0.0495     0.0128  0.0030  0.0030  0.0050
2002.3863    -0.0369    -0.0427     0.0049  0.0030  0.0030  0.0050
2002.3890    -0.0312    -0.0409    -0.0036  0.0030  0.0030  0.0050
2002.3973    -0.0334    -0.0417     0.0025  0.0030  0.0030  0.0050
2003.0000    -0.0260    -0.0327     0.0029  0.0030  0.0030  0.0050
2003.0027    -0.0258    -0.0304    -0.0001  0.0030  0.0030  0.0050
2003.0055    -0.0239    -0.0304     0.0042  0.0030  0.0030  0.0050
2003.0082    -0.0244    -0.0302    -0.0020  0.0030  0.0030  0.0050
2003.0110    -0.0225    -0.0301     0.0035  0.0030  0.0030  0.0050
2003.0137    -0.0224    -0.0308     0.0064  0.0030  0.0030  0.0050
2003.0247    -0.0230    -0.0287    -0.0014  0.0030  0.0030  0.0050
2003.0274    -0.0257    -0.0288    -0.0004  0.0030  0.0030  0.0050
2003.0301    -0.0254    -0.0256    -0.0040  0.0030  0.0030  0.0050
2003.0329    -0.0218    -0.0284    -0.0011  0.0030  0.0030  0.0050
2003.0356    -0.0245    -0.0278    -0.0070  0.0030  0.0030  0.0050
2003.0384    -0.0211    -0.0258    -0.0013  0.0030  0.0030  0.0050
2003.0411    -0.0255    -0.0265    -0.0020  0.0030  0.0030  0.0050
2003.0438    -0.0264    -0.0262    -0.0029  0.0030  0.0030  0.0050
2003.0466    -0.0239    -0.0248     0.0079  0.0030  0.0030  0.0050
2003.0493    -0.0220    -0.0250    -0.0044  0.0030  0.0030  0.0050
2003.0521    -0.0292    -0.0271     0.0015  0.0030  0.0030  0.0050
2003.0548    -0.0246    -0.0284    -0.0045  0.0030  0.0030  0.0050
2003.0575    -0.0226    -0.0253     0.0111  0.0030  0.0030  0.0050
2003.0603    -0.0214    -0.0283    -0.0024  0.0030  0.0030  0.0050
2003.0630    -0.0222    -0.0259    -0.0005  0.0030  0.0030  0.0050
2003.0657    -0.0234    -0.0277     0.0118  0.0030  0.0030  0.0050
2003.0685    -0.0216    -0.0251    -0.0033  0.0030  0.0030  0.0050
2003.0712    -0.0215    -0.0274    -0.0050  0.0030  0.0030  0.0050
2003.0740    -0.0234    -0.0242     0.0040  0.0030  0.0030  0.0050
2003.0767    -0.0244    -0.0305     0.0000  0.0030  0.0030  0.0050
2003.0794    -0.0249    -0.0290     0.0020  0.0030  0.0030  0.0050
2003.0822    -0.0289    -0.0301     0.0003  0.0030  0.0030  0.0050
2003.0849    -0.0264    -0.0306    -0.0010  0.0030  0.0030  0.0050
2003.0877    -0.0217    -0.0303     0.0082  0.0030  0.0030  0.0050
2003.0904    -0.0255    -0.0313     0.0048  0.0030  0.0030  0.0050
2003.0931    -0.0263    -0.0264     0.0117  0.0030  0.0030  0.0050
2003.0959    -0.0240    -0.0311     0.0011  0.0030  0.0030  0.0050
2003.0986    -0.0237    -0.0297     0.0084  0.0030  0.0030  0.0050
2003.1014    -0.0229    -0.0290    -0.0010  0.0030  0.0030  0.0050
2003.1041    -0.0212    -0.0244     0.0066  0.0030  0.0030  0.0050
2003.1068    -0.0220    -0.0288     0.0064  0.0030  0.0030  0.0050
2003.1096    -0.0252    -0.0275    -0.0039  0.0030  0.0030  0.0050
2003.1123    -0.0250    -0.0274    -0.0173  0.0030  0.0030  0.0050
2003.1151    -0.0223    -0.0259    -0.0019  0.0030  0.0030  0.0050
2003.1178    -0.0217    -0.0274     0.0039  0.0030  0.0030  0.0050
2003.1233    -0.0205    -0.0292     0.0009  0.0030  0.0030  0.0050
2003.1260    -0.0221    -0.0269     0.0022  0.0030  0.0030  0.0050
2003.1288    -0.0204    -0.0257     0.0073  0.0030  0.0030  0.0050
2003.1315    -0.0208    -0.0343     0.0049  0.0030  0.0030  0.0050
2003.1343    -0.0249    -0.0301     0.0088  0.0030  0.0030  0.0050
2003.1370    -0.0230    -0.0302     0.0044  0.0030  0.0030  0.0050
2003.1397    -0.0240    -0.0289    -0.0046  0.0030  0.0030  0.0050
2003.1425    -0.0225    -0.0270     0.0027  0.0030  0.0030  0.0050
2003.1452    -0.0246    -0.0258     0.0087  0.0030  0.0030  0.0050
2003.1480    -0.0241    -0.0310     0.0013  0.0030  0.0030  0.0050
2003.1507    -0.0249    -0.0295     0.0025  0.0030  0.0030  0.0050
2003.1534    -0.0228    -0.0302    -0.0002  0.0030  0.0030  0.0050
2003.1562    -0.0264    -0.0331    -0.0039  0.0030  0.0030  0.0050
2003.1589    -0.0240    -0.0266     0.0045  0.0030  0.0030  0.0050
2003.1616    -0.0229    -0.0277     0.0089  0.0030  0.0030  0.0050
2003.1644    -0.0249    -0.0266    -0.0007  0.0030  0.0030  0.0050
2003.1671    -0.0214    -0.0260     0.0036  0.0030  0.0030  0.0050
2003.1699    -0.0220    -0.0278    -0.0046  0.0030  0.0030  0.0050
2003.1726    -0.0198    -0.0270     0.0044  0.0030  0.0030  0.0050
2003.1753    -0.0262    -0.0281    -0.0066  0.0030  0.0030  0.0050
2003.1781    -0.0209    -0.0245    -0.0034  0.0030  0.0030  0.0050
2003.1808    -0.0220    -0.0295    -0.0044  0.0030  0.0030  0.0050
2003.1836    -0.0204    -0.0345    -0.0089  0.0030  0.0030  0.0050
2003.1863    -0.0214    -0.0267    -0.0132  0.0030  0.0030  0.0050
2003.1890    -0.0209    -0.0266    -0.0063  0.0030  0.0030  0.0050
2003.1918    -0.0244    -0.0258     0.0076  0.0030  0.0030  0.0050
2003.1945    -0.0237    -0.0263     0.0011  0.0030  0.0030  0.0050
2003.1973    -0.0200    -0.0263     0.0071  0.0030  0.0030  0.0050
2003.2000    -0.0232    -0.0269    -0.0028  0.0030  0.0030  0.0050
2003.2027    -0.0214    -0.0284    -0.0028  0.0030  0.0030  0.0050
2003.2055    -0.0211    -0.0254    -0.0005  0.0030  0.0030  0.0050
2003.2082    -0.0230    -0.0240     0.0152  0.0030  0.0030  0.0050
2003.2110    -0.0203    -0.0268    -0.0115  0.0030  0.0030  0.0050
2003.2137    -0.0188    -0.0283     0.0021  0.0030  0.0030  0.0050
2003.2164    -0.0206    -0.0238     0.0049  0.0030  0.0030  0.0050
2003.2192    -0.0219    -0.0273    -0.0127  0.0030  0.0030  0.0050
2003.2219    -0.0194    -0.0272    -0.0059  0.0030  0.0030  0.0050
2003.2247    -0.0201    -0.0244    -0.0060  0.0030  0.0030  0.0050
2003.2274    -0.0214    -0.0338     0.0028  0.0030  0.0030  0.0050
2003.2301    -0.0234    -0.0283    -0.0117  0.0030  0.0030  0.0050
2003.2329    -0.0186    -0.0255     0.0086  0.0030  0.0030  0.0050
2003.2411    -0.0209    -0.0279    -0.0039  0.0030  0.0030  0.0050
2003.4849    -0.0224    -0.0120    -0.0073  0.0030  0.0030  0.0050
2003.4904    -0.0223    -0.0146    -0.0060  0.0030  0.0030  0.0050
2003.4932    -0.0217    -0.0286    -0.0132  0.0030  0.0030  0.0050
2003.4959    -0.0208    -0.0323     0.0043  0.0030  0.0030  0.0050
2003.4986    -0.0217    -0.0288    -0.0055  0.0030  0.0030  0.0050
2003.5014    -0.0223    -0.0241     0.0040  0.0030  0.0030  0.0050
2003.5041    -0.0222    -0.0236     0.0009  0.0030  0.0030  0.0050
2003.5068    -0.0231    -0.0261    -0.0104  0.0030  0.0030  0.0050
2003.5096    -0.0229    -0.0262     0.0037  0.0030  0.0030  0.0050
2003.5123    -0.0238    -0.0267    -0.0096  0.0030  0.0030  0.0050
2003.5151    -0.0192    -0.0302     0.0021  0.0030  0.0030  0.0050
2003.5205    -0.0216    -0.0279    -0.0144  0.0030  0.0030  0.0050
2003.5233    -0.0219    -0.0272    -0.0027  0.0030  0.0030  0.0050
2003.5260    -0.0223    -0.0288     0.0036  0.0030  0.0030  0.0050
2003.5288    -0.0218    -0.0255    -0.0086  0.0030  0.0030  0.0050
2003.5342    -0.0203    -0.0234     0.0002  0.0030  0.0030  0.0050
2003.5370    -0.0210    -0.0236     0.0021  0.0030  0.0030  0.0050
2003.5397    -0.0233    -0.0270    -0.0017  0.0030  0.0030  0.0050
2003.5425    -0.0198    -0.0245    -0.0008  0.0030  0.0030  0.0050
2003.5452    -0.0189    -0.0268    -0.0047  0.0030  0.0030  0.0050
2003.5479    -0.0228    -0.0237    -0.0070  0.0030  0.0030  0.0050
2003.5507    -0.0213    -0.0266     0.0029  0.0030  0.0030  0.0050
2003.5534    -0.0222    -0.0238    -0.0069  0.0030  0.0030  0.0050
2003.5562    -0.0185    -0.0240     0.0051  0.0030  0.0030  0.0050
2003.5589    -0.0198    -0.0162    -0.0072  0.0030  0.0030  0.0050
2003.5616    -0.0227    -0.0218    -0.0080  0.0030  0.0030  0.0050
2003.5671    -0.0209    -0.0231    -0.0030  0.0030  0.0030  0.0050
2003.7562    -0.0191    -0.0229     0.0037  0.0030  0.0030  0.0050
2003.7589    -0.0222    -0.0204    -0.0116  0.0030  0.0030  0.0050
2003.7781    -0.0214    -0.0210    -0.0071  0.0030  0.0030  0.0050
2004.5683    -0.0120    -0.0123    -0.0081  0.0030  0.0030  0.0050
2004.5738    -0.0110    -0.0140    -0.0103  0.0030  0.0030  0.0050
2004.5820    -0.0111    -0.0127    -0.0093  0.0030  0.0030  0.0050
2004.5929    -0.0105    -0.0145    -0.0064  0.0030  0.0030  0.0050
2004.5956    -0.0092    -0.0057    -0.0047  0.0030  0.0030  0.0050
2004.5984    -0.0130    -0.0125    -0.0053  0.0030  0.0030  0.0050
2004.6011    -0.0111    -0.0133    -0.0099  0.0030  0.0030  0.0050
2004.6038    -0.0142    -0.0095    -0.0093  0.0030  0.0030  0.0050
2004.6066    -0.0119    -0.0158    -0.0080  0.0030  0.0030  0.0050
2004.6093    -0.0119    -0.0136    -0.0033  0.0030  0.0030  0.0050
2004.6120    -0.0130    -0.0080     0.0111  0.0030  0.0030  0.0050
2004.6147    -0.0118    -0.0106     0.0009  0.0030  0.0030  0.0050
2004.6175    -0.0108    -0.0107    -0.0031  0.0030  0.0030  0.0050
2004.6202    -0.0065    -0.0114    -0.0146  0.0030  0.0030  0.0050
2004.6284    -0.0122    -0.0061    -0.0029  0.0030  0.0030  0.0050
2004.6339    -0.0132    -0.0116    -0.0057  0.0030  0.0030  0.0050
2004.6366    -0.0109    -0.0121    -0.0050  0.0030  0.0030  0.0050
2004.6393    -0.0111    -0.0100    -0.0102  0.0030  0.0030  0.0050
2004.6421    -0.0091    -0.0079    -0.0170  0.0030  0.0030  0.0050
2004.6448    -0.0114    -0.0127    -0.0098  0.0030  0.0030  0.0050
2004.6475    -0.0097    -0.0147     0.0016  0.0030  0.0030  0.0050
2004.6503    -0.0135    -0.0077    -0.0077  0.0030  0.0030  0.0050
2004.6530    -0.0145    -0.0133     0.0007  0.0030  0.0030  0.0050
2004.6557    -0.0102    -0.0130    -0.0064  0.0030  0.0030  0.0050
2004.6585    -0.0104    -0.0119     0.0082  0.0030  0.0030  0.0050
2004.6612    -0.0097    -0.0106     0.0065  0.0030  0.0030  0.0050
2004.6639    -0.0107    -0.0128    -0.0060  0.0030  0.0030  0.0050
2004.6667    -0.0122    -0.0165    -0.0034  0.0030  0.0030  0.0050
2004.6694    -0.0092    -0.0109     0.0076  0.0030  0.0030  0.0050
2004.6721    -0.0061    -0.0117     0.0002  0.0030  0.0030  0.0050
2004.6749    -0.0081    -0.0092    -0.0232  0.0030  0.0030  0.0050
2004.6776    -0.0112    -0.0090    -0.0083  0.0030  0.0030  0.0050
2004.6803    -0.0067    -0.0071    -0.0030  0.0030  0.0030  0.0050
2004.6831    -0.0099    -0.0100    -0.0115  0.0030  0.0030  0.0050
2004.6858    -0.0095    -0.0182     0.0019  0.0030  0.0030  0.0050
2004.6885    -0.0097    -0.0122    -0.0140  0.0030  0.0030  0.0050
2004.6913    -0.0103    -0.0110    -0.0180  0.0030  0.0030  0.0050
2004.6940    -0.0127    -0.0090    -0.0045  0.0030  0.0030  0.0050
2004.6967    -0.0088    -0.0128    -0.0181  0.0030  0.0030  0.0050
2004.6995    -0.0105    -0.0147    -0.0041  0.0030  0.0030  0.0050
2004.7022    -0.0120     0.0052    -0.0203  0.0030  0.0030  0.0050
2004.7049    -0.0141    -0.0113    -0.0244  0.0030  0.0030  0.0050
2004.7077    -0.0114    -0.0157     0.0069  0.0030  0.0030  0.0050
2004.7104    -0.0084    -0.0089    -0.0122  0.0030  0.0030  0.0050
2004.7159    -0.0110    -0.0089    -0.0113  0.0030  0.0030  0.0050
2004.7240    -0.0060    -0.0136     0.0119  0.0030  0.0030  0.0050
2004.7268    -0.0106    -0.0079    -0.0034  0.0030  0.0030  0.0050
2004.7350    -0.0081    -0.0103     0.0031  0.0030  0.0030  0.0050
2004.7514    -0.0091    -0.0087     0.0012  0.0030  0.0030  0.0050
2004.7541    -0.0095    -0.0073    -0.0066  0.0030  0.0030  0.0050
2004.7568    -0.0112    -0.0070    -0.0094  0.0030  0.0030  0.0050
2004.7596    -0.0074    -0.0115    -0.0091  0.0030  0.0030  0.0050
2004.7623    -0.0095    -0.0117     0.0099  0.0030  0.0030  0.0050
2004.7678    -0.0079    -0.0080     0.0010  0.0030  0.0030  0.0050
2004.7732    -0.0090    -0.0102    -0.0017  0.0030  0.0030  0.0050
2004.7760    -0.0157     0.0032     0.0192  0.0030  0.0030  0.0050
2004.7787    -0.0116    -0.0085    -0.0095  0.0030  0.0030  0.0050
2004.7814    -0.0059    -0.0147    -0.0099  0.0030  0.0030  0.0050
2004.7841    -0.0113    -0.0102    -0.0027  0.0030  0.0030  0.0050
2004.7869    -0.0133    -0.0143    -0.0051  0.0030  0.0030  0.0050
2004.7896    -0.0121    -0.0096     0.0163  0.0030  0.0030  0.0050
2004.7923    -0.0041    -0.0102    -0.0032  0.0030  0.0030  0.0050
2004.7951    -0.0083    -0.0130    -0.0094  0.0030  0.0030  0.0050
2004.8005    -0.0059    -0.0029    -0.0158  0.0030  0.0030  0.0050
2004.8033    -0.0032    -0.0045    -0.0100  0.0030  0.0030  0.0050
2004.8060    -0.0101    -0.0102     0.0055  0.0030  0.0030  0.0050
2004.8115    -0.0069    -0.0089    -0.0053  0.0030  0.0030  0.0050
2004.8142    -0.0011    -0.0008     0.0048  0.0030  0.0030  0.0050
2004.8169    -0.0065    -0.0076    -0.0078  0.0030  0.0030  0.0050
2004.8224    -0.0080    -0.0076     0.0082  0.0030  0.0030  0.0050
2004.8251    -0.0082    -0.0117    -0.0260  0.0030  0.0030  0.0050
2004.8279    -0.0104    -0.0107     0.0056  0.0030  0.0030  0.0050
2004.8306    -0.0077    -0.0106    -0.0117  0.0030  0.0030  0.0050
2004.8333    -0.0047    -0.0098    -0.0028  0.0030  0.0030  0.0050
2004.8361    -0.0082    -0.0072    -0.0078  0.0030  0.0030  0.0050
2004.8388    -0.0039    -0.0081     0.0028  0.0030  0.0030  0.0050
2004.8470    -0.0051    -0.0045    -0.0037  0.0030  0.0030  0.0050
2004.8497    -0.0064    -0.0182    -0.0138  0.0030  0.0030  0.0050
2004.8552    -0.0084    -0.0046    -0.0015  0.0030  0.0030  0.0050
2004.8579    -0.0010    -0.0087    -0.0094  0.0030  0.0030  0.0050
2004.8607    -0.0085    -0.0040    -0.0147  0.0030  0.0030  0.0050
2004.8661    -0.0078    -0.0030    -0.0179  0.0030  0.0030  0.0050
2004.8689    -0.0071    -0.0078    -0.0109  0.0030  0.0030  0.0050
2004.8743    -0.0086     0.0015     0.0050  0.0030  0.0030  0.0050
2004.8825    -0.0073    -0.0069    -0.0060  0.0030  0.0030  0.0050
2004.8853    -0.0117    -0.0076    -0.0119  0.0030  0.0030  0.0050
2004.8880    -0.0083    -0.0052    -0.0073  0.0030  0.0030  0.0050
2004.9071    -0.0105    -0.0071    -0.0148  0.0030  0.0030  0.0050
2004.9645    -0.0053    -0.0042    -0.0047  0.0030  0.0030  0.0050
2004.9672    -0.0033    -0.0044    -0.0011  0.0030  0.0030  0.0050
2004.9699    -0.0033    -0.0043     0.0019  0.0030  0.0030  0.0050
2004.9727    -0.0062    -0.0016    -0.0150  0.0030  0.0030  0.0050
2004.9754    -0.0072    -0.0050    -0.0012  0.0030  0.0030  0.0050
2004.9781    -0.0069    -0.0045    -0.0084  0.0030  0.0030  0.0050
2004.9809    -0.0054    -0.0104    -0.0071  0.0030  0.0030  0.0050
2004.9836    -0.0032    -0.0057     0.0014  0.0030  0.0030  0.0050
2004.9863    -0.0034    -0.0015    -0.0066  0.0030  0.0030  0.0050
2004.9891    -0.0027    -0.0066    -0.0012  0.0030  0.0030  0.0050
2004.9918    -0.0026    -0.0043    -0.0140  0.0030  0.0030  0.0050
2004.9973    -0.0051    -0.0041    -0.0059  0.0030  0.0030  0.0050
2005.0000    -0.0064    -0.0077    -0.0044  0.0030  0.0030  0.0050
2005.0027    -0.0055    -0.0039    -0.0031  0.0030  0.0030  0.0050
2005.0082    -0.0044    -0.0015    -0.0066  0.0030  0.0030  0.0050
2005.0110    -0.0058    -0.0022    -0.0048  0.0030  0.0030  0.0050
2005.0137    -0.0065    -0.0051     0.0012  0.0030  0.0030  0.0050
2005.0164    -0.0048    -0.0009    -0.0066  0.0030  0.0030  0.0050
2005.0219    -0.0028    -0.0030     0.0018  0.0030  0.0030  0.0050
2005.0247    -0.0038    -0.0055    -0.0047  0.0030  0.0030  0.0050
2005.0274    -0.0034    -0.0018    -0.0026  0.0030  0.0030  0.0050
2005.0301    -0.0014    -0.0027    -0.0043  0.0030  0.0030  0.0050
2005.0329     0.0004    -0.0029     0.0032  0.0030  0.0030  0.0050
2005.0356    -0.0013    -0.0047    -0.0063  0.0030  0.0030  0.0050
2005.0384    -0.0025    -0.0029    -0.0099  0.0030  0.0030  0.0050
2005.0411    -0.0026    -0.0030    -0.0051  0.0030  0.0030  0.0050
2005.0438     0.0001    -0.0039     0.0022  0.0030  0.0030  0.0050
2005.0466    -0.0026    -0.0008    -0.0097  0.0030  0.0030  0.0050
2005.0493    -0.0023    -0.0041    -0.0020  0.0030  0.0030  0.0050
2005.0521    -0.0007    -0.0050    -0.0041  0.0030  0.0030  0.0050
2005.0575    -0.0038    -0.0016    -0.0069  0.0030  0.0030  0.0050
2005.0603    -0.0043    -0.0016    -0.0105  0.0030  0.0030  0.0050
2005.0657    -0.0042    -0.0021    -0.0077  0.0030  0.0030  0.0050
2005.0685    -0.0027    -0.0045     0.0015  0.0030  0.0030  0.0050
2005.0712    -0.0029    -0.0063    -0.0043  0.0030  0.0030  0.0050
2005.0740    -0.0012    -0.0029    -0.0027  0.0030  0.0030  0.0050
2005.0767    -0.0027    -0.0026    -0.0010  0.0030  0.0030  0.0050
2005.0794    -0.0009    -0.0029     0.0028  0.0030  0.0030  0.0050
2005.0822    -0.0015    -0.0020     0.0040  0.0030  0.0030  0.0050
2005.0849    -0.0032    -0.0057    -0.0103  0.0030  0.0030  0.0050
2005.0877    -0.0051    -0.0044    -0.0021  0.0030  0.0030  0.0050
2005.0931    -0.0030    -0.0017    -0.0056  0.0030  0.0030  0.0050
2005.0959    -0.0019    -0.0046    -0.0038  0.0030  0.0030  0.0050
2005.0986    -0.0035    -0.0048    -0.0076  0.0030  0.0030  0.0050
2005.1014    -0.0030    -0.0025    -0.0051  0.0030  0.0030  0.0050
2005.1041    -0.0031    -0.0027    -0.0026  0.0030  0.0030  0.0050
2005.1068    -0.0038    -0.0039    -0.0029  0.0030  0.0030  0.0050
2005.1096    -0.0040    -0.0037    -0.0020  0.0030  0.0030  0.0050
2005.1123    -0.0029    -0.0040    -0.0155  0.0030  0.0030  0.0050
2005.1151    -0.0046    -0.0054    -0.0161  0.0030  0.0030  0.0050
2005.1178    -0.0069    -0.0044    -0.0044  0.0030  0.0030  0.0050
2005.1206    -0.0059    -0.0040    -0.0065  0.0030  0.0030  0.0050
2005.1233    -0.0044     0.0009     0.0001  0.0030  0.0030  0.0050
2005.1260    -0.0066    -0.0041     0.0054  0.0030  0.0030  0.0050
2005.1288    -0.0054    -0.0053     0.0017  0.0030  0.0030  0.0050
2005.1343    -0.0043    -0.0029    -0.0115  0.0030  0.0030  0.0050
2005.1370    -0.0037    -0.0019    -0.0040  0.0030  0.0030  0.0050
2005.1397    -0.0048    -0.0013    -0.0133  0.0030  0.0030  0.0050
2005.1452    -0.0040    -0.0014     0.0001  0.0030  0.0030  0.0050
2005.1480    -0.0046    -0.0024    -0.0065  0.0030  0.0030  0.0050
2005.1507    -0.0049    -0.0018     0.0027  0.0030  0.0030  0.0050
2005.1534    -0.0039    -0.0011    -0.0050  0.0030  0.0030  0.0050
2005.1562    -0.0042     0.0007    -0.0064  0.0030  0.0030  0.0050
2005.1589    -0.0044    -0.0024     0.0005  0.0030  0.0030  0.0050
2005.1616    -0.0022    -0.0029    -0.0072  0.0030  0.0030  0.0050
2005.1644    -0.0041    -0.0048    -0.0064  0.0030  0.0030  0.0050
2005.1671    -0.0025    -0.0010    -0.0093  0.0030  0.0030  0.0050
2005.1699    -0.0035    -0.0041     0.0011  0.0030  0.0030  0.0050
2005.1726    -0.0023    -0.0021    -0.0291  0.0030  0.0030  0.0050
2005.1753    -0.0032    -0.0024    -0.0037  0.0030  0.0030  0.0050
2005.1781    -0.0016    -0.0039     0.0159  0.0030  0.0030  0.0050
2005.1836    -0.0015     0.0000     0.0047  0.0030  0.0030  0.0050
2005.1863    -0.0036    -0.0003    -0.0026  0.0030  0.0030  0.0050
2005.1918     0.0011    -0.0029     0.0072  0.0030  0.0030  0.0050
2005.1945    -0.0002    -0.0037     0.0063  0.0030  0.0030  0.0050
2005.1973    -0.0012    -0.0030     0.0075  0.0030  0.0030  0.0050
2005.2000     0.0016    -0.0034     0.0058  0.0030  0.0030  0.0050
2005.2027    -0.0038    -0.0009    -0.0117  0.0030  0.0030  0.0050
2005.2055    -0.0017    -0.0003    -0.0017  0.0030  0.0030  0.0050
2005.2082     0.0006    -0.0005     0.0096  0.0030  0.0030  0.0050
2005.2110     0.0006    -0.0007    -0.0025  0.0030  0.0030  0.0050
2005.2137    -0.0010    -0.0009     0.0020  0.0030  0.0030  0.0050
2005.2164     0.0040    -0.0031     0.0069  0.0030  0.0030  0.0050
2005.2192     0.0018    -0.0015     0.0021  0.0030  0.0030  0.0050
2005.2219     0.0015    -0.0008     0.0105  0.0030  0.0030  0.0050
2005.2247     0.0012    -0.0031     0.0188  0.0030  0.0030  0.0050
2005.2274    -0.0005    -0.0010     0.0057  0.0030  0.0030  0.0050
2005.2301     0.0031    -0.0027     0.0090  0.0030  0.0030  0.0050
2005.2329    -0.0005    -0.0005    -0.0038  0.0030  0.0030  0.0050
2005.2356     0.0001    -0.0039     0.0058  0.0030  0.0030  0.0050
2005.2384     0.0025    -0.0049     0.0138  0.0030  0.0030  0.0050
2005.2411    -0.0006    -0.0028    -0.0005  0.0030  0.0030  0.0050
2005.2438    -0.0015    -0.0029     0.0212  0.0030  0.0030  0.0050
2005.2466     0.0031    -0.0024     0.0159  0.0030  0.0030  0.0050
2005.2521    -0.0018     0.0006    -0.0001  0.0030  0.0030  0.0050
2005.2548    -0.0032    -0.0025    -0.0067  0.0030  0.0030  0.0050
2005.2575    -0.0010     0.0000     0.0037  0.0030  0.0030  0.0050
2005.2603     0.0008    -0.0027    -0.0028  0.0030  0.0030  0.0050
2005.2630    -0.0050     0.0022     0.0426  0.0030  0.0030  0.0050
2005.2658     0.0020    -0.0032     0.0181  0.0030  0.0030  0.0050
2005.2685     0.0009    -0.0017     0.0060  0.0030  0.0030  0.0050
2005.2712    -0.0001    -0.0025     0.0126  0.0030  0.0030  0.0050
2005.2740     0.0044    -0.0011     0.0167  0.0030  0.0030  0.0050
2005.2767     0.0007    -0.0023    -0.0029  0.0030  0.0030  0.0050
2005.2794     0.0039    -0.0017     0.0112  0.0030  0.0030  0.0050
2005.2822     0.0012     0.0013    -0.0024  0.0030  0.0030  0.0050
2005.2849    -0.0000     0.0014    -0.0010  0.0030  0.0030  0.0050
2005.2877     0.0002    -0.0030     0.0036  0.0030  0.0030  0.0050
2005.2904     0.0005    -0.0012     0.0056  0.0030  0.0030  0.0050
2005.2931     0.0012    -0.0059     0.0045  0.0030  0.0030  0.0050
2005.3068     0.0022     0.0017    -0.0014  0.0030  0.0030  0.0050
2005.3096     0.0012     0.0004     0.0013  0.0030  0.0030  0.0050
2005.3123     0.0028     0.0006     0.0052  0.0030  0.0030  0.0050
2005.3151     0.0002     0.0019     0.0086  0.0030  0.0030  0.0050
2005.3178     0.0002     0.0002     0.0015  0.0030  0.0030  0.0050
2005.3233     0.0047    -0.0007     0.0150  0.0030  0.0030  0.0050
2005.3260     0.0021    -0.0059     0.0148  0.0030  0.0030  0.0050
2005.3288     0.0005    -0.0011     0.0035  0.0030  0.0030  0.0050
2005.3315     0.0001     0.0013     0.0076  0.0030  0.0030  0.0050
2005.3370     0.0027    -0.0001     0.0124  0.0030  0.0030  0.0050
2005.3397     0.0011     0.0006    -0.0061  0.0030  0.0030  0.0050
2005.3425    -0.0004     0.0027     0.0022  0.0030  0.0030  0.0050
2005.3452    -0.0003    -0.0037    -0.0063  0.0030  0.0030  0.0050
2005.3480    -0.0001     0.0007    -0.0012  0.0030  0.0030  0.0050
2005.3507    -0.0018     0.0004     0.0022  0.0030  0.0030  0.0050
2005.3534    -0.0001     0.0041    -0.0018  0.0030  0.0030  0.0050
2005.3562    -0.0002    -0.0009    -0.0034  0.0030  0.0030  0.0050
2005.3616    -0.0011     0.0023    -0.0020  0.0030  0.0030  0.0050
2005.3671     0.0005    -0.0007     0.0037  0.0030  0.0030  0.0050
2005.3699    -0.0017     0.0013     0.0027  0.0030  0.0030  0.0050
2005.3753    -0.0017    -0.0004     0.0054  0.0030  0.0030  0.0050
2005.3781    -0.0006    -0.0005     0.0047  0.0030  0.0030  0.0050
2005.3808     0.0009    -0.0019     0.0050  0.0030  0.0030  0.0050
2005.3836    -0.0012     0.0000    -0.0019  0.0030  0.0030  0.0050
2005.3863    -0.0011    -0.0007     0.0030  0.0030  0.0030  0.0050
2005.3890    -0.0051    -0.0050    -0.0049  0.0030  0.0030  0.0050
2005.3918    -0.0037     0.0024    -0.0004  0.0030  0.0030  0.0050
2005.3945    -0.0033     0.0006     0.0031  0.0030  0.0030  0.0050
2005.3973    -0.0010     0.0016     0.0012  0.0030  0.0030  0.0050
2005.4055    -0.0015    -0.0028     0.0015  0.0030  0.0030  0.0050
2005.4082    -0.0008    -0.0021    -0.0004  0.0030  0.0030  0.0050
2005.4110     0.0014    -0.0027     0.0063  0.0030  0.0030  0.0050
2005.4137    -0.0005    -0.0004    -0.0041  0.0030  0.0030  0.0050
2005.4164     0.0004    -0.0019    -0.0024  0.0030  0.0030  0.0050
2005.4192    -0.0038    -0.0038     0.0004  0.0030  0.0030  0.0050
2005.4219    -0.0031    -0.0078    -0.0019  0.0030  0.0030  0.0050
2005.4247     0.0026    -0.0019     0.0106  0.0030  0.0030  0.0050
2005.4274     0.0005    -0.0010    -0.0049  0.0030  0.0030  0.0050
2005.4301    -0.0000    -0.0020    -0.0020  0.0030  0.0030  0.0050
2005.4329    -0.0026     0.0018     0.0021  0.0030  0.0030  0.0050
2005.4356     0.0001    -0.0020    -0.0050  0.0030  0.0030  0.0050
2005.4384    -0.0013    -0.0034    -0.0107  0.0030  0.0030  0.0050
2005.4411     0.0002    -0.0026    -0.0033  0.0030  0.0030  0.0050
2005.4438    -0.0021     0.0000    -0.0043  0.0030  0.0030  0.0050
2005.4466    -0.0015    -0.0004    -0.0079  0.0030  0.0030  0.0050
2005.4493    -0.0034    -0.0025     0.0054  0.0030  0.0030  0.0050
2005.4521    -0.0019    -0.0044    -0.0144  0.0030  0.0030  0.0050
2005.4548    -0.0027     0.0043    -0.0057  0.0030  0.0030  0.0050
2005.4575     0.0008     0.0009     0.0065  0.0030  0.0030  0.0050
2005.4603     0.0012     0.0025    -0.0047  0.0030  0.0030  0.0050
2005.4630    -0.0014    -0.0005    -0.0032  0.0030  0.0030  0.0050
2005.4658     0.0007     0.0012    -0.0022  0.0030  0.0030  0.0050
2005.4685     0.0011    -0.0002    -0.0003  0.0030  0.0030  0.0050
2005.4712    -0.0022    -0.0007    -0.0037  0.0030  0.0030  0.0050
2005.4740    -0.0021    -0.0037     0.0013  0.0030  0.0030  0.0050
2005.4767     0.0008    -0.0019    -0.0042  0.0030  0.0030  0.0050
2005.4822    -0.0005    -0.0010    -0.0019  0.0030  0.0030  0.0050
2005.4849    -0.0016    -0.0002    -0.0032  0.0030  0.0030  0.0050
2005.4877    -0.0029    -0.0011     0.0019  0.0030  0.0030  0.0050
2005.5014    -0.0027    -0.0012     0.0001  0.0030  0.0030  0.0050
2005.5096    -0.0001    -0.0011    -0.0081  0.0030  0.0030  0.0050
2005.5123     0.0004    -0.0012    -0.0087  0.0030  0.0030  0.0050
2005.5151    -0.0023    -0.0004    -0.0047  0.0030  0.0030  0.0050
2005.5205    -0.0004    -0.0014    -0.0067  0.0030  0.0030  0.0050
2005.5233    -0.0002     0.0013    -0.0053  0.0030  0.0030  0.0050
2005.5288     0.0008     0.0030    -0.0182  0.0030  0.0030  0.0050
2005.5315    -0.0039    -0.0014    -0.0155  0.0030  0.0030  0.0050
2005.5370     0.0022     0.0007    -0.0061  0.0030  0.0030  0.0050
2005.5397    -0.0035    -0.0026    -0.0045  0.0030  0.0030  0.0050
2005.5425    -0.0024    -0.0001     0.0047  0.0030  0.0030  0.0050
2005.5452    -0.0025    -0.0002    -0.0137  0.0030  0.0030  0.0050
2005.5479     0.0006    -0.0009    -0.0050  0.0030  0.0030  0.0050
2005.5507    -0.0028    -0.0035     0.0010  0.0030  0.0030  0.0050
2005.5534    -0.0003    -0.0004    -0.0053  0.0030  0.0030  0.0050
2005.5562    -0.0019    -0.0017    -0.0030  0.0030  0.0030  0.0050
2005.5589    -0.0023     0.0019     0.0061  0.0030  0.0030  0.0050
2005.5616    -0.0026    -0.0014    -0.0060  0.0030  0.0030  0.0050
2005.5644    -0.0011    -0.0016    -0.0111  0.0030  0.0030  0.0050
2005.5671    -0.0017     0.0008    -0.0048  0.0030  0.0030  0.0050
2005.5699     0.0000     0.0000     0.0000  0.0030  0.0030  0.0050
2005.5726    -0.0002    -0.0006     0.0003  0.0030  0.0030  0.0050
2005.5753    -0.0036    -0.0025    -0.0062  0.0030  0.0030  0.0050
2005.5781    -0.0028    -0.0013    -0.0075  0.0030  0.0030  0.0050
2005.5808    -0.0036     0.0007    -0.0047  0.0030  0.0030  0.0050
2005.5836    -0.0033    -0.0042     0.0036  0.0030  0.0030  0.0050
2005.5945    -0.0010    -0.0004    -0.0012  0.0030  0.0030  0.0050
2005.5973     0.0010    -0.0001    -0.0087  0.0030  0.0030  0.0050
2005.6137    -0.0021     0.0011    -0.0115  0.0030  0.0030  0.0050
2005.6164    -0.0013    -0.0005    -0.0027  0.0030  0.0030  0.0050
2005.6301    -0.0017     0.0019    -0.0102  0.0030  0.0030  0.0050
2005.6329    -0.0023     0.0005    -0.0119  0.0030  0.0030  0.0050
2005.6356    -0.0020     0.0006    -0.0082  0.0030  0.0030  0.0050
2005.6384    -0.0021     0.0015    -0.0070  0.0030  0.0030  0.0050
2005.6438    -0.0002     0.0011    -0.0032  0.0030  0.0030  0.0050
2005.6493    -0.0003    -0.0025    -0.0041  0.0030  0.0030  0.0050
2005.6520     0.0004     0.0014    -0.0068  0.0030  0.0030  0.0050
2005.6548     0.0021     0.0017    -0.0005  0.0030  0.0030  0.0050
2005.6603     0.0030     0.0001    -0.0023  0.0030  0.0030  0.0050
2005.6630     0.0006    -0.0002    -0.0133  0.0030  0.0030  0.0050
2005.6657    -0.0022     0.0012    -0.0094  0.0030  0.0030  0.0050
2005.6685    -0.0004     0.0020    -0.0032  0.0030  0.0030  0.0050
2005.6740     0.0002     0.0008    -0.0057  0.0030  0.0030  0.0050
2005.6795     0.0019     0.0035     0.0044  0.0030  0.0030  0.0050
2005.6822     0.0002     0.0008    -0.0078  0.0030  0.0030  0.0050
2005.6932     0.0010     0.0027    -0.0017  0.0030  0.0030  0.0050
2005.9233     0.0056     0.0065    -0.0056  0.0030  0.0030  0.0050
2005.9260     0.0055     0.0060    -0.0042  0.0030  0.0030  0.0050
2005.9288     0.0068     0.0069    -0.0169  0.0030  0.0030  0.0050
2005.9315     0.0042     0.0064    -0.0177  0.0030  0.0030  0.0050
2005.9343     0.0027     0.0067    -0.0047  0.0030  0.0030  0.0050
2005.9425     0.0048     0.0067    -0.0098  0.0030  0.0030  0.0050
2005.9479     0.0055     0.0078    -0.0043  0.0030  0.0030  0.0050
2005.9534     0.0056     0.0032    -0.0099  0.0030  0.0030  0.0050
2005.9616     0.0049     0.0061    -0.0067  0.0030  0.0030  0.0050
2006.0329     0.0049     0.0085    -0.0148  0.0030  0.0030  0.0050
2006.0356     0.0054     0.0088    -0.0077  0.0030  0.0030  0.0050
2006.0384     0.0022     0.0102    -0.0106  0.0030  0.0030  0.0050
2006.0411     0.0044     0.0072    -0.0053  0.0030  0.0030  0.0050
2006.0438     0.0032     0.0077    -0.0118  0.0030  0.0030  0.0050
2006.0466     0.0053     0.0081    -0.0063  0.0030  0.0030  0.0050
2006.0493     0.0031     0.0091    -0.0088  0.0030  0.0030  0.0050
2006.0521     0.0057     0.0096    -0.0043  0.0030  0.0030  0.0050
2006.0548     0.0060     0.0046    -0.0035  0.0030  0.0030  0.0050
2006.0575     0.0058     0.0083    -0.0142  0.0030  0.0030  0.0050
2006.0603     0.0052     0.0070     0.0012  0.0030  0.0030  0.0050
2006.0630     0.0036     0.0063    -0.0027  0.0030  0.0030  0.0050
2006.0712     0.0035     0.0065    -0.0100  0.0030  0.0030  0.0050
2006.0767     0.0036     0.0075    -0.0031  0.0030  0.0030  0.0050
2006.0794     0.0044     0.0066    -0.0030  0.0030  0.0030  0.0050
2006.0822     0.0051     0.0086    -0.0049  0.0030  0.0030  0.0050
2006.0849     0.0066     0.0093    -0.0032  0.0030  0.0030  0.0050
2006.0877     0.0060     0.0066    -0.0091  0.0030  0.0030  0.0050
2006.0904     0.0040     0.0066    -0.0029  0.0030  0.0030  0.0050
2006.0931     0.0048     0.0087    -0.0058  0.0030  0.0030  0.0050
2006.0959     0.0056     0.0087    -0.0107  0.0030  0.0030  0.0050
2006.0986     0.0088     0.0102    -0.0070  0.0030  0.0030  0.0050
2006.1014     0.0036     0.0088    -0.0048  0.0030  0.0030  0.0050
2006.1068     0.0050     0.0085    -0.0096  0.0030  0.0030  0.0050
2006.1096     0.0061     0.0072    -0.0154  0.0030  0.0030  0.0050
2006.1123     0.0064     0.0087    -0.0059  0.0030  0.0030  0.0050
2006.1151     0.0061     0.0082    -0.0083  0.0030  0.0030  0.0050
2006.1178     0.0051     0.0077    -0.0085  0.0030  0.0030  0.0050
2006.1233     0.0043     0.0084    -0.0119  0.0030  0.0030  0.0050
2006.1260     0.0055     0.0102    -0.0082  0.0030  0.0030  0.0050
2006.1288     0.0063     0.0116    -0.0054  0.0030  0.0030  0.0050
2006.1315     0.0067     0.0090    -0.0061  0.0030  0.0030  0.0050
2006.1343     0.0084     0.0101    -0.0071  0.0030  0.0030  0.0050
2006.1397     0.0053     0.0083    -0.0088  0.0030  0.0030  0.0050
2006.1425     0.0060     0.0046     0.0008  0.0030  0.0030  0.0050
2006.1452     0.0051     0.0078    -0.0057  0.0030  0.0030  0.0050
2006.1480     0.0084     0.0082    -0.0098  0.0030  0.0030  0.0050
2006.1507     0.0095     0.0090    -0.0033  0.0030  0.0030  0.0050
2006.1534     0.0080     0.0086    -0.0009  0.0030  0.0030  0.0050
2006.1562     0.0074     0.0075    -0.0002  0.0030  0.0030  0.0050
2006.1589     0.0077     0.0087    -0.0035  0.0030  0.0030  0.0050
2006.1616     0.0058     0.0105    -0.0017  0.0030  0.0030  0.0050
2006.1644     0.0066     0.0101     0.0036  0.0030  0.0030  0.0050
2006.1671     0.0080     0.0084    -0.0013  0.0030  0.0030  0.0050
2006.1699     0.0061     0.0059    -0.0054  0.0030  0.0030  0.0050
2006.1726     0.0088     0.0096    -0.0080  0.0030  0.0030  0.0050
2006.1781     0.0066     0.0087    -0.0060  0.0030  0.0030  0.0050
2006.1918     0.0097     0.0085    -0.0087  0.0030  0.0030  0.0050
2006.1945     0.0093     0.0050    -0.0074  0.0030  0.0030  0.0050
2006.1973     0.0084     0.0065    -0.0064  0.0030  0.0030  0.0050
2006.2000     0.0095     0.0110    -0.0081  0.0030  0.0030  0.0050
2006.2027     0.0097     0.0130     0.0059  0.0030  0.0030  0.0050
2006.2055     0.0089     0.0107     0.0004  0.0030  0.0030  0.0050
2006.2082     0.0113     0.0091     0.0048  0.0030  0.0030  0.0050
2006.2110     0.0094     0.0078     0.0105  0.0030  0.0030  0.0050
2006.2137     0.0084     0.0105    -0.0077  0.0030  0.0030  0.0050
2006.2164     0.0070     0.0105    -0.0008  0.0030  0.0030  0.0050
2006.2192     0.0100     0.0096    -0.0010  0.0030  0.0030  0.0050
2006.2219     0.0092     0.0088     0.0050  0.0030  0.0030  0.0050
2006.2247     0.0066     0.0081     0.0029  0.0030  0.0030  0.0050
2006.2274     0.0068     0.0102    -0.0029  0.0030  0.0030  0.0050
2006.2301     0.0086     0.0109     0.0060  0.0030  0.0030  0.0050
2006.2329     0.0093     0.0089    -0.0060  0.0030  0.0030  0.0050
2006.2356     0.0068     0.0114    -0.0062  0.0030  0.0030  0.0050
2006.2384     0.0072     0.0117    -0.0056  0.0030  0.0030  0.0050
2006.2493     0.0078     0.0110    -0.0041  0.0030  0.0030  0.0050
2006.4137     0.0090     0.0116    -0.0066  0.0030  0.0030  0.0050
2006.4164     0.0083     0.0103     0.0030  0.0030  0.0030  0.0050
2006.4192     0.0085     0.0113    -0.0147  0.0030  0.0030  0.0050
2006.4219     0.0065     0.0100     0.0062  0.0030  0.0030  0.0050
2006.4301     0.0079     0.0125    -0.0093  0.0030  0.0030  0.0050
2006.4384     0.0091     0.0111     0.0022  0.0030  0.0030  0.0050
2006.4411     0.0076     0.0128    -0.0099  0.0030  0.0030  0.0050
2006.4438     0.0112     0.0122    -0.0205  0.0030  0.0030  0.0050
2006.4466     0.0092     0.0115    -0.0036  0.0030  0.0030  0.0050
2006.4493     0.0092     0.0097    -0.0114  0.0030  0.0030  0.0050
2006.4521     0.0076     0.0127    -0.0078  0.0030  0.0030  0.0050
2006.4548     0.0091     0.0132    -0.0133  0.0030  0.0030  0.0050
2006.4575     0.0078     0.0123    -0.0044  0.0030  0.0030  0.0050
2006.4603     0.0080     0.0136    -0.0145  0.0030  0.0030  0.0050
2006.4630     0.0048     0.0136    -0.0141  0.0030  0.0030  0.0050
2006.4658     0.0064     0.0098    -0.0130  0.0030  0.0030  0.0050
2006.4685     0.0077     0.0128    -0.0119  0.0030  0.0030  0.0050
2006.4712     0.0095     0.0109    -0.0165  0.0030  0.0030  0.0050
2006.4767     0.0075     0.0110    -0.0119  0.0030  0.0030  0.0050
2006.4795     0.0094     0.0117    -0.0061  0.0030  0.0030  0.0050
2006.4822     0.0123     0.0141    -0.0048  0.0030  0.0030  0.0050
2006.4849     0.0106     0.0140    -0.0118  0.0030  0.0030  0.0050
2006.4986     0.0094     0.0132    -0.0083  0.0030  0.0030  0.0050
2006.5123     0.0099     0.0142    -0.0051  0.0030  0.0030  0.0050
2006.5151     0.0080     0.0127    -0.0084  0.0030  0.0030  0.0050
2006.5178     0.0071     0.0118    -0.0171  0.0030  0.0030  0.0050
2006.5205     0.0053     0.0117    -0.0027  0.0030  0.0030  0.0050
2006.5233     0.0086     0.0117    -0.0036  0.0030  0.0030  0.0050
2006.5260     0.0079     0.0109    -0.0155  0.0030  0.0030  0.0050
2006.5288     0.0084     0.0122    -0.0122  0.0030  0.0030  0.0050
2006.5315     0.0067     0.0117    -0.0104  0.0030  0.0030  0.0050
2006.5342     0.0088     0.0137    -0.0044  0.0030  0.0030  0.0050
2006.5370     0.0084     0.0146    -0.0189  0.0030  0.0030  0.0050
2006.5397     0.0089     0.0127    -0.0130  0.0030  0.0030  0.0050
2006.5425     0.0074     0.0110    -0.0119  0.0030  0.0030  0.0050
2006.5562     0.0083     0.0128    -0.0125  0.0030  0.0030  0.0050
2006.5808     0.0076     0.0150    -0.0128  0.0030  0.0030  0.0050
2006.5836     0.0075     0.0133    -0.0051  0.0030  0.0030  0.0050
2006.5890     0.0057     0.0127    -0.0193  0.0030  0.0030  0.0050
2006.5918     0.0093     0.0136    -0.0218  0.0030  0.0030  0.0050
2006.5945     0.0077     0.0145    -0.0041  0.0030  0.0030  0.0050
2006.5973     0.0097     0.0094    -0.0079  0.0030  0.0030  0.0050
2006.6000     0.0064     0.0114    -0.0087  0.0030  0.0030  0.0050
2006.6027     0.0076     0.0138     0.0035  0.0030  0.0030  0.0050
2006.6055     0.0074     0.0152    -0.0023  0.0030  0.0030  0.0050
2006.6082     0.0063     0.0133    -0.0041  0.0030  0.0030  0.0050
2006.6110     0.0079     0.0130    -0.0145  0.0030  0.0030  0.0050
2006.6137     0.0070     0.0133    -0.0064  0.0030  0.0030  0.0050
2006.6164     0.0097     0.0123    -0.0045  0.0030  0.0030  0.0050
2006.6329     0.0082     0.0127    -0.0064  0.0030  0.0030  0.0050
2006.7342     0.0114     0.0142    -0.0091  0.0030  0.0030  0.0050
2006.7370     0.0104     0.0114    -0.0056  0.0030  0.0030  0.0050
2006.7397     0.0093     0.0102     0.0003  0.0030  0.0030  0.0050
2006.7425     0.0107     0.0137    -0.0147  0.0030  0.0030  0.0050
2006.7452     0.0114     0.0133    -0.0154  0.0030  0.0030  0.0050
2006.7479     0.0104     0.0133     0.0016  0.0030  0.0030  0.0050
2006.7671     0.0114     0.0135    -0.0063  0.0030  0.0030  0.0050
2006.7699     0.0115     0.0176     0.0115  0.0030  0.0030  0.0050
2006.7726     0.0119     0.0142    -0.0055  0.0030  0.0030  0.0050
2006.7753     0.0085     0.0287    -0.0046  0.0030  0.0030  0.0050
2006.7808     0.0096     0.0186    -0.0041  0.0030  0.0030  0.0050
2006.7836     0.0128     0.0164    -0.0026  0.0030  0.0030  0.0050
2006.7863     0.0134     0.0206     0.0002  0.0030  0.0030  0.0050
2006.7890     0.0118     0.0192    -0.0107  0.0030  0.0030  0.0050
2006.7918     0.0095     0.0192    -0.0131  0.0030  0.0030  0.0050
2006.7945     0.0096     0.0212    -0.0141  0.0030  0.0030  0.0050
2006.7973     0.0096     0.0191    -0.0136  0.0030  0.0030  0.0050
2006.8000     0.0097     0.0177    -0.0059  0.0030  0.0030  0.0050
2006.8027     0.0066     0.0152    -0.0058  0.0030  0.0030  0.0050
2006.8055     0.0115     0.0170    -0.0104  0.0030  0.0030  0.0050
2006.8082     0.0098     0.0195    -0.0111  0.0030  0.0030  0.0050
2006.8110     0.0093     0.0199    -0.0161  0.0030  0.0030  0.0050
2006.8137     0.0125     0.0191    -0.0115  0.0030  0.0030  0.0050
2006.8164     0.0129     0.0196    -0.0096  0.0030  0.0030  0.0050
2006.8192     0.0106     0.0184    -0.0321  0.0030  0.0030  0.0050
2006.8219     0.0146     0.0235     0.0052  0.0030  0.0030  0.0050
2006.8247     0.0117     0.0218    -0.0188  0.0030  0.0030  0.0050
2006.8274     0.0119     0.0182    -0.0099  0.0030  0.0030  0.0050
2006.8301     0.0149     0.0241    -0.0077  0.0030  0.0030  0.0050
2006.8384     0.0148     0.0198    -0.0044  0.0030  0.0030  0.0050
2006.8411     0.0153     0.0188    -0.0072  0.0030  0.0030  0.0050
2006.8438     0.0139     0.0197    -0.0104  0.0030  0.0030  0.0050
2006.8466     0.0119     0.0187    -0.0120  0.0030  0.0030  0.0050
2006.8493     0.0111     0.0148     0.0041  0.0030  0.0030  0.0050
2006.8520     0.0186     0.0198    -0.0124  0.0030  0.0030  0.0050
2006.8575     0.0123     0.0180    -0.0074  0.0030  0.0030  0.0050
2006.8603     0.0163     0.0177     0.0038  0.0030  0.0030  0.0050
2006.8630     0.0131     0.0177    -0.0007  0.0030  0.0030  0.0050
2006.8657     0.0102     0.0137    -0.0089  0.0030  0.0030  0.0050
2006.8685     0.0080     0.0188    -0.0035  0.0030  0.0030  0.0050
2006.8822     0.0112     0.0169    -0.0033  0.0030  0.0030  0.0050
2006.8877     0.0104     0.0206    -0.0124  0.0030  0.0030  0.0050
2006.8904     0.0148     0.0171    -0.0200  0.0030  0.0030  0.0050
2006.8932     0.0143     0.0139    -0.0032  0.0030  0.0030  0.0050
2006.8959     0.0137     0.0193    -0.0011  0.0030  0.0030  0.0050
2006.8986     0.0125     0.0145    -0.0122  0.0030  0.0030  0.0050
2006.9014     0.0143     0.0198    -0.0094  0.0030  0.0030  0.0050
2006.9041     0.0127     0.0193    -0.0076  0.0030  0.0030  0.0050
2006.9069     0.0156     0.0199     0.0002  0.0030  0.0030  0.0050
2006.9123     0.0139     0.0200    -0.0122  0.0030  0.0030  0.0050
2006.9151     0.0132     0.0168    -0.0031  0.0030  0.0030  0.0050
2006.9178     0.0126     0.0154    -0.0047  0.0030  0.0030  0.0050
2006.9206     0.0130     0.0171    -0.0113  0.0030  0.0030  0.0050
2006.9233     0.0152     0.0172    -0.0123  0.0030  0.0030  0.0050
2006.9260     0.0135     0.0173    -0.0148  0.0030  0.0030  0.0050
2006.9288     0.0158     0.0190     0.0011  0.0030  0.0030  0.0050
2006.9315     0.0121     0.0159    -0.0080  0.0030  0.0030  0.0050
2006.9343     0.0123     0.0174    -0.0022  0.0030  0.0030  0.0050
2006.9370     0.0126     0.0196    -0.0085  0.0030  0.0030  0.0050
2006.9397     0.0123     0.0185    -0.0101  0.0030  0.0030  0.0050
2006.9425     0.0135     0.0175    -0.0170  0.0030  0.0030  0.0050
2006.9452     0.0131     0.0179    -0.0203  0.0030  0.0030  0.0050
2006.9479     0.0103     0.0144    -0.0152  0.0030  0.0030  0.0050
2006.9507     0.0142     0.0151     0.0100  0.0030  0.0030  0.0050
2006.9534     0.0140     0.0207    -0.0104  0.0030  0.0030  0.0050
2006.9562     0.0147     0.0180    -0.0138  0.0030  0.0030  0.0050
2006.9589     0.0155     0.0185    -0.0147  0.0030  0.0030  0.0050
2006.9616     0.0150     0.0199    -0.0079  0.0030  0.0030  0.0050
2006.9644     0.0131     0.0201    -0.0113  0.0030  0.0030  0.0050
2006.9671     0.0148     0.0197    -0.0121  0.0030  0.0030  0.0050
2006.9699     0.0135     0.0189    -0.0093  0.0030  0.0030  0.0050
2006.9726     0.0147     0.0198    -0.0034  0.0030  0.0030  0.0050
2006.9753     0.0149     0.0197    -0.0093  0.0030  0.0030  0.0050
2006.9781     0.0148     0.0211    -0.0190  0.0030  0.0030  0.0050
2006.9808     0.0132     0.0201    -0.0126  0.0030  0.0030  0.0050
2006.9836     0.0139     0.0191    -0.0089  0.0030  0.0030  0.0050
2006.9863     0.0124     0.0212    -0.0086  0.0030  0.0030  0.0050
2006.9890     0.0129     0.0197    -0.0039  0.0030  0.0030  0.0050
2006.9973     0.0133     0.0197    -0.0096  0.0030  0.0030  0.0050
2007.0055     0.0108     0.0193    -0.0096  0.0030  0.0030  0.0050
2007.0082     0.0113     0.0185    -0.0045  0.0030  0.0030  0.0050
2007.0110     0.0117     0.0186    -0.0075  0.0030  0.0030  0.0050
2007.0137     0.0132     0.0182    -0.0017  0.0030  0.0030  0.0050
2007.0164     0.0141     0.0213    -0.0085  0.0030  0.0030  0.0050
2007.0192     0.0131     0.0186    -0.0027  0.0030  0.0030  0.0050
2007.0219     0.0173     0.0204    -0.0082  0.0030  0.0030  0.0050
2007.0247     0.0153     0.0183     0.0025  0.0030  0.0030  0.0050
2007.0274     0.0139     0.0206    -0.0138  0.0030  0.0030  0.0050
2007.0301     0.0162     0.0196    -0.0085  0.0030  0.0030  0.0050
2007.0329     0.0140     0.0175    -0.0070  0.0030  0.0030  0.0050
2007.0356     0.0156     0.0186    -0.0087  0.0030  0.0030  0.0050
2007.0384     0.0163     0.0190    -0.0107  0.0030  0.0030  0.0050
2007.0411     0.0160     0.0215    -0.0075  0.0030  0.0030  0.0050
2007.0438     0.0144     0.0202    -0.0077  0.0030  0.0030  0.0050
2007.0466     0.0157     0.0178    -0.0075  0.0030  0.0030  0.0050
2007.0493     0.0129     0.0191    -0.0078  0.0030  0.0030  0.0050
2007.0521     0.0156     0.0185    -0.0086  0.0030  0.0030  0.0050
2007.0548     0.0136     0.0212    -0.0129  0.0030  0.0030  0.0050
2007.0575     0.0143     0.0180    -0.0059  0.0030  0.0030  0.0050
2007.0603     0.0140     0.0209    -0.0042  0.0030  0.0030  0.0050
2007.0630     0.0158     0.0201    -0.0068  0.0030  0.0030  0.0050
2007.0657     0.0181     0.0199    -0.0128  0.0030  0.0030  0.0050
2007.0685     0.0153     0.0190    -0.0019  0.0030  0.0030  0.0050
2007.0712     0.0140     0.0226    -0.0017  0.0030  0.0030  0.0050
2007.0740     0.0159     0.0205    -0.0028  0.0030  0.0030  0.0050
2007.0767     0.0161     0.0216    -0.0138  0.0030  0.0030  0.0050
2007.0794     0.0131     0.0200    -0.0064  0.0030  0.0030  0.0050
2007.0822     0.0161     0.0221    -0.0015  0.0030  0.0030  0.0050
2007.0849     0.0168     0.0219    -0.0134  0.0030  0.0030  0.0050
2007.0877     0.0173     0.0226    -0.0043  0.0030  0.0030  0.0050
2007.0904     0.0180     0.0216    -0.0068  0.0030  0.0030  0.0050
2007.0931     0.0148     0.0226    -0.0008  0.0030  0.0030  0.0050
2007.0959     0.0172     0.0188    -0.0035  0.0030  0.0030  0.0050
2007.1096     0.0179     0.0214    -0.0069  0.0030  0.0030  0.0050
2007.1123     0.0181     0.0220    -0.0073  0.0030  0.0030  0.0050
2007.1151     0.0159     0.0190    -0.0135  0.0030  0.0030  0.0050
2007.1178     0.0187     0.0220    -0.0018  0.0030  0.0030  0.0050
2007.1206     0.0182     0.0199    -0.0043  0.0030  0.0030  0.0050
2007.1233     0.0174     0.0186    -0.0104  0.0030  0.0030  0.0050
2007.1260     0.0196     0.0208     0.0085  0.0030  0.0030  0.0050
2007.1288     0.0187     0.0187    -0.0073  0.0030  0.0030  0.0050
2007.1315     0.0200     0.0166     0.0049  0.0030  0.0030  0.0050
2007.1343     0.0178     0.0201     0.0041  0.0030  0.0030  0.0050
2007.1370     0.0171     0.0208     0.0012  0.0030  0.0030  0.0050
2007.1397     0.0175     0.0201    -0.0021  0.0030  0.0030  0.0050
2007.1425     0.0181     0.0213    -0.0057  0.0030  0.0030  0.0050
2007.1452     0.0189     0.0239    -0.0017  0.0030  0.0030  0.0050
2007.1480     0.0167     0.0242    -0.0091  0.0030  0.0030  0.0050
2007.1507     0.0180     0.0208    -0.0012  0.0030  0.0030  0.0050
2007.1562     0.0191     0.0233    -0.0037  0.0030  0.0030  0.0050
2007.1589     0.0195     0.0208    -0.0034  0.0030  0.0030  0.0050
2007.1616     0.0179     0.0203    -0.0003  0.0030  0.0030  0.0050
2007.1644     0.0198     0.0180    -0.0069  0.0030  0.0030  0.0050
2007.1671     0.0171     0.0208     0.0021  0.0030  0.0030  0.0050
2007.1699     0.0191     0.0199    -0.0035  0.0030  0.0030  0.0050
2007.1726     0.0216     0.0208    -0.0041  0.0030  0.0030  0.0050
2007.1753     0.0208     0.0246    -0.0053  0.0030  0.0030  0.0050
2007.1781     0.0205     0.0223    -0.0058  0.0030  0.0030  0.0050
2007.1808     0.0184     0.0225     0.0056  0.0030  0.0030  0.0050
2007.1836     0.0210     0.0205     0.0079  0.0030  0.0030  0.0050
2007.1863     0.0200     0.0217    -0.0017  0.0030  0.0030  0.0050
2007.1890     0.0220     0.0185     0.0060  0.0030  0.0030  0.0050
2007.1918     0.0206     0.0207     0.0129  0.0030  0.0030  0.0050
2007.1945     0.0197     0.0199    -0.0095  0.0030  0.0030  0.0050
2007.1973     0.0197     0.0226    -0.0020  0.0030  0.0030  0.0050
2007.2000     0.0176     0.0196    -0.0032  0.0030  0.0030  0.0050
2007.2027     0.0212     0.0202     0.0065  0.0030  0.0030  0.0050
2007.2055     0.0214     0.0205     0.0035  0.0030  0.0030  0.0050
2007.2082     0.0205     0.0195    -0.0005  0.0030  0.0030  0.0050
2007.2110     0.0187     0.0180    -0.0114  0.0030  0.0030  0.0050
2007.2137     0.0207     0.0197     0.0010  0.0030  0.0030  0.0050
2007.2164     0.0192     0.0210    -0.0070  0.0030  0.0030  0.0050
2007.2192     0.0191     0.0216    -0.0055  0.0030  0.0030  0.0050
2007.2219     0.0198     0.0230    -0.0068  0.0030  0.0030  0.0050
2007.2247     0.0200     0.0237    -0.0100  0.0030  0.0030  0.0050
2007.2274     0.0194     0.0211    -0.0047  0.0030  0.0030  0.0050
2007.2329     0.0201     0.0185     0.0002  0.0030  0.0030  0.0050
2007.2356     0.0197     0.0225    -0.0022  0.0030  0.0030  0.0050
2007.2384     0.0197     0.0216    -0.0093  0.0030  0.0030  0.0050
2007.2411     0.0219     0.0130     0.0089  0.0030  0.0030  0.0050
2007.2438     0.0197     0.0234    -0.0087  0.0030  0.0030  0.0050
2007.2466     0.0194     0.0249    -0.0058  0.0030  0.0030  0.0050
2007.2493     0.0201     0.0208    -0.0095  0.0030  0.0030  0.0050
2007.2521     0.0192     0.0218     0.0038  0.0030  0.0030  0.0050
2007.2548     0.0193     0.0197     0.0068  0.0030  0.0030  0.0050
2007.2575     0.0207     0.0163    -0.0064  0.0030  0.0030  0.0050
2007.2603     0.0207     0.0206     0.0005  0.0030  0.0030  0.0050
2007.2630     0.0184     0.0211    -0.0043  0.0030  0.0030  0.0050
2007.2658     0.0193     0.0196    -0.0024  0.0030  0.0030  0.0050
2007.2685     0.0204     0.0227    -0.0068  0.0030  0.0030  0.0050
2007.2712     0.0172     0.0224    -0.0077  0.0030  0.0030  0.0050
2007.2740     0.0182     0.0188     0.0111  0.0030  0.0030  0.0050
2007.2767     0.0185     0.0216    -0.0041  0.0030  0.0030  0.0050
2007.2794     0.0193     0.0212     0.0031  0.0030  0.0030  0.0050
2007.2822     0.0186     0.0204    -0.0017  0.0030  0.0030  0.0050
2007.2849     0.0219     0.0220    -0.0011  0.0030  0.0030  0.0050
2007.2877     0.0183     0.0244    -0.0125  0.0030  0.0030  0.0050
2007.2904     0.0205     0.0202    -0.0030  0.0030  0.0030  0.0050
2007.2931     0.0182     0.0204    -0.0004  0.0030  0.0030  0.0050
2007.2959     0.0193     0.0207     0.0031  0.0030  0.0030  0.0050
2007.2986     0.0227     0.0172     0.0047  0.0030  0.0030  0.0050
2007.3014     0.0215     0.0195     0.0010  0.0030  0.0030  0.0050
2007.3041     0.0175     0.0205    -0.0126  0.0030  0.0030  0.0050
2007.3068     0.0214     0.0198    -0.0044  0.0030  0.0030  0.0050
2007.3096     0.0204     0.0199     0.0031  0.0030  0.0030  0.0050
2007.3123     0.0192     0.0239    -0.0122  0.0030  0.0030  0.0050
2007.3151     0.0192     0.0208    -0.0099  0.0030  0.0030  0.0050
2007.3178     0.0169     0.0220    -0.0127  0.0030  0.0030  0.0050
2007.3205     0.0190     0.0216    -0.0090  0.0030  0.0030  0.0050
2007.3233     0.0171     0.0222    -0.0009  0.0030  0.0030  0.0050
2007.3260     0.0173     0.0133    -0.0018  0.0030  0.0030  0.0050
2007.3288     0.0189     0.0234    -0.0069  0.0030  0.0030  0.0050
2007.3315     0.0228     0.0215    -0.0035  0.0030  0.0030  0.0050
2007.3343     0.0204     0.0218    -0.0138  0.0030  0.0030  0.0050
2007.3370     0.0193     0.0227    -0.0025  0.0030  0.0030  0.0050
2007.3397     0.0195     0.0205    -0.0030  0.0030  0.0030  0.0050
2007.3425     0.0198     0.0209    -0.0102  0.0030  0.0030  0.0050
2007.3452     0.0171     0.0193    -0.0089  0.0030  0.0030  0.0050
2007.3480     0.0183     0.0208    -0.0048  0.0030  0.0030  0.0050
2007.3507     0.0168     0.0205    -0.0062  0.0030  0.0030  0.0050
2007.3534     0.0194     0.0202    -0.0109  0.0030  0.0030  0.0050
2007.3562     0.0183     0.0218    -0.0124  0.0030  0.0030  0.0050
2007.3589     0.0155     0.0229    -0.0119  0.0030  0.0030  0.0050
2007.3616     0.0185     0.0198    -0.0098  0.0030  0.0030  0.0050
2007.3644     0.0173     0.0232    -0.0144  0.0030  0.0030  0.0050
2007.3671     0.0174     0.0217    -0.0099  0.0030  0.0030  0.0050
2007.3699     0.0164     0.0209    -0.0076  0.0030  0.0030  0.0050
2007.3726     0.0197     0.0242    -0.0058  0.0030  0.0030  0.0050
2007.3753     0.0179     0.0210    -0.0199  0.0030  0.0030  0.0050
2007.3781     0.0168     0.0232    -0.0084  0.0030  0.0030  0.0050
2007.3808     0.0171     0.0207    -0.0101  0.0030  0.0030  0.0050
2007.3836     0.0188     0.0245    -0.0045  0.0030  0.0030  0.0050
2007.3863     0.0174     0.0226     0.0033  0.0030  0.0030  0.0050
2007.3890     0.0210     0.0220    -0.0103  0.0030  0.0030  0.0050
2007.3918     0.0216     0.0184     0.0029  0.0030  0.0030  0.0050
2007.3945     0.0208     0.0234    -0.0159  0.0030  0.0030  0.0050
2007.3973     0.0166     0.0211    -0.0001  0.0030  0.0030  0.0050
2007.4000     0.0194     0.0208    -0.0110  0.0030  0.0030  0.0050
2007.4027     0.0204     0.0203    -0.0047  0.0030  0.0030  0.0050
2007.4055     0.0190     0.0245    -0.0029  0.0030  0.0030  0.0050
2007.4082     0.0191     0.0241    -0.0050  0.0030  0.0030  0.0050
2007.4110     0.0169     0.0245    -0.0215  0.0030  0.0030  0.0050
2007.4137     0.0170     0.0234    -0.0163  0.0030  0.0030  0.0050
2007.4164     0.0205     0.0219    -0.0117  0.0030  0.0030  0.0050
2007.4192     0.0180     0.0233    -0.0113  0.0030  0.0030  0.0050
2007.4219     0.0162     0.0203    -0.0130  0.0030  0.0030  0.0050
2007.4247     0.0178     0.0228    -0.0078  0.0030  0.0030  0.0050
2007.4274     0.0183     0.0248    -0.0206  0.0030  0.0030  0.0050
2007.4301     0.0135     0.0218    -0.0205  0.0030  0.0030  0.0050
2007.4329     0.0191     0.0241    -0.0152  0.0030  0.0030  0.0050
2007.4356     0.0202     0.0249    -0.0195  0.0030  0.0030  0.0050
2007.4384     0.0184     0.0203    -0.0064  0.0030  0.0030  0.0050
2007.4411     0.0194     0.0225    -0.0140  0.0030  0.0030  0.0050
2007.4438     0.0189     0.0171    -0.0096  0.0030  0.0030  0.0050
2007.4466     0.0188     0.0242     0.0048  0.0030  0.0030  0.0050
2007.4493     0.0194     0.0239    -0.0119  0.0030  0.0030  0.0050
2007.4521     0.0162     0.0215    -0.0162  0.0030  0.0030  0.0050
2007.4548     0.0180     0.0195    -0.0094  0.0030  0.0030  0.0050
2007.4575     0.0165     0.0198    -0.0173  0.0030  0.0030  0.0050
2007.4603     0.0199     0.0230    -0.0042  0.0030  0.0030  0.0050
2007.4630     0.0196     0.0219    -0.0093  0.0030  0.0030  0.0050
2007.4658     0.0167     0.0231    -0.0055  0.0030  0.0030  0.0050
2007.4685     0.0186     0.0233    -0.0146  0.0030  0.0030  0.0050
2007.4712     0.0177     0.0242    -0.0200  0.0030  0.0030  0.0050
2007.4740     0.0168     0.0228    -0.0095  0.0030  0.0030  0.0050
2007.4767     0.0215     0.0225    -0.0085  0.0030  0.0030  0.0050
2007.4795     0.0197     0.0239    -0.0190  0.0030  0.0030  0.0050
2007.4822     0.0176     0.0250    -0.0137  0.0030  0.0030  0.0050
2007.4849     0.0195     0.0223    -0.0074  0.0030  0.0030  0.0050
2007.4877     0.0203     0.0264    -0.0108  0.0030  0.0030  0.0050
2007.4904     0.0194     0.0267    -0.0143  0.0030  0.0030  0.0050
2007.4932     0.0201     0.0275    -0.0107  0.0030  0.0030  0.0050
2007.4959     0.0219     0.0248    -0.0092  0.0030  0.0030  0.0050
2007.4986     0.0218     0.0261    -0.0164  0.0030  0.0030  0.0050
2007.5014     0.0199     0.0238    -0.0141  0.0030  0.0030  0.0050
2007.5041     0.0184     0.0235    -0.0011  0.0030  0.0030  0.0050
2007.5068     0.0193     0.0250    -0.0112  0.0030  0.0030  0.0050
2007.5096     0.0186     0.0271    -0.0143  0.0030  0.0030  0.0050
2007.5123     0.0197     0.0218    -0.0068  0.0030  0.0030  0.0050
2007.5151     0.0200     0.0253    -0.0138  0.0030  0.0030  0.0050
2007.5178     0.0199     0.0260    -0.0177  0.0030  0.0030  0.0050
2007.5205     0.0188     0.0252    -0.0191  0.0030  0.0030  0.0050
2007.5233     0.0201     0.0239    -0.0039  0.0030  0.0030  0.0050
2007.5260     0.0210     0.0254    -0.0089  0.0030  0.0030  0.0050
2007.5288     0.0218     0.0284    -0.0092  0.0030  0.0030  0.0050
2007.5315     0.0201     0.0262    -0.0194  0.0030  0.0030  0.0050
2007.5342     0.0209     0.0250    -0.0067  0.0030  0.0030  0.0050
2007.5370     0.0210     0.0264    -0.0023  0.0030  0.0030  0.0050
2007.5397     0.0216     0.0243    -0.0253  0.0030  0.0030  0.0050
2007.5425     0.0230     0.0270    -0.0184  0.0030  0.0030  0.0050
2007.5452     0.0213     0.0239    -0.0129  0.0030  0.0030  0.0050
2007.5479     0.0218     0.0280    -0.0264  0.0030  0.0030  0.0050
2007.5507     0.0211     0.0283    -0.0220  0.0030  0.0030  0.0050
2007.5534     0.0190     0.0242    -0.0119  0.0030  0.0030  0.0050
2007.5562     0.0207     0.0252    -0.0202  0.0030  0.0030  0.0050
2007.5589     0.0195     0.0228    -0.0244  0.0030  0.0030  0.0050
2007.5616     0.0214     0.0235    -0.0104  0.0030  0.0030  0.0050
2007.5644     0.0187     0.0276    -0.0057  0.0030  0.0030  0.0050
2007.5671     0.0196     0.0221    -0.0010  0.0030  0.0030  0.0050
2007.5699     0.0205     0.0289    -0.0081  0.0030  0.0030  0.0050
2007.5726     0.0199     0.0245    -0.0138  0.0030  0.0030  0.0050
2007.5753     0.0196     0.0236    -0.0091  0.0030  0.0030  0.0050
2007.5781     0.0203     0.0257    -0.0185  0.0030  0.0030  0.0050
2007.5808     0.0202     0.0239    -0.0166  0.0030  0.0030  0.0050
2007.5836     0.0195     0.0258    -0.0135  0.0030  0.0030  0.0050
2007.5863     0.0229     0.0270    -0.0021  0.0030  0.0030  0.0050
2007.5890     0.0212     0.0268    -0.0240  0.0030  0.0030  0.0050
2007.5918     0.0229     0.0289    -0.0068  0.0030  0.0030  0.0050
2007.5945     0.0214     0.0285    -0.0181  0.0030  0.0030  0.0050
2007.5973     0.0203     0.0254    -0.0074  0.0030  0.0030  0.0050
2007.6000     0.0223     0.0260    -0.0089  0.0030  0.0030  0.0050
2007.6027     0.0210     0.0245    -0.0112  0.0030  0.0030  0.0050
2007.6055     0.0232     0.0242    -0.0074  0.0030  0.0030  0.0050
2007.6082     0.0215     0.0278    -0.0291  0.0030  0.0030  0.0050
2007.6110     0.0202     0.0262    -0.0230  0.0030  0.0030  0.0050
2007.6137     0.0197     0.0251    -0.0100  0.0030  0.0030  0.0050
2007.6164     0.0210     0.0229    -0.0060  0.0030  0.0030  0.0050
2007.6192     0.0226     0.0238    -0.0125  0.0030  0.0030  0.0050
2007.6219     0.0173     0.0256    -0.0222  0.0030  0.0030  0.0050
2007.6301     0.0203     0.0251    -0.0143  0.0030  0.0030  0.0050
2007.6329     0.0197     0.0262    -0.0088  0.0030  0.0030  0.0050
2007.6384     0.0195     0.0244    -0.0094  0.0030  0.0030  0.0050
2007.6411     0.0212     0.0275    -0.0131  0.0030  0.0030  0.0050
2007.6438     0.0225     0.0271    -0.0063  0.0030  0.0030  0.0050
2007.6466     0.0205     0.0235    -0.0156  0.0030  0.0030  0.0050
2007.6493     0.0206     0.0241    -0.0169  0.0030  0.0030  0.0050
2007.6520     0.0207     0.0269    -0.0159  0.0030  0.0030  0.0050
2007.6548     0.0213     0.0266    -0.0148  0.0030  0.0030  0.0050
2007.6575     0.0216     0.0252    -0.0246  0.0030  0.0030  0.0050
2007.6603     0.0227     0.0235    -0.0043  0.0030  0.0030  0.0050
2007.6630     0.0200     0.0258    -0.0104  0.0030  0.0030  0.0050
2007.6657     0.0192     0.0271    -0.0142  0.0030  0.0030  0.0050
2007.6685     0.0232     0.0229    -0.0218  0.0030  0.0030  0.0050
2007.6712     0.0223     0.0266    -0.0150  0.0030  0.0030  0.0050
2007.6740     0.0216     0.0261    -0.0131  0.0030  0.0030  0.0050
2007.6767     0.0222     0.0273    -0.0163  0.0030  0.0030  0.0050
2007.6822     0.0227     0.0244    -0.0052  0.0030  0.0030  0.0050
2007.6849     0.0279     0.0272    -0.0059  0.0030  0.0030  0.0050
2007.6877     0.0218     0.0264    -0.0166  0.0030  0.0030  0.0050
2007.6904     0.0231     0.0281    -0.0165  0.0030  0.0030  0.0050
2007.6932     0.0218     0.0253    -0.0112  0.0030  0.0030  0.0050
2007.6959     0.0277     0.0260    -0.0148  0.0030  0.0030  0.0050
2007.7014     0.0270     0.0269    -0.0166  0.0030  0.0030  0.0050
2007.7041     0.0266     0.0311    -0.0143  0.0030  0.0030  0.0050
2007.7069     0.0245     0.0269    -0.0144  0.0030  0.0030  0.0050
2007.7096     0.0239     0.0271    -0.0154  0.0030  0.0030  0.0050
2007.7123     0.0238     0.0281    -0.0137  0.0030  0.0030  0.0050
2007.7151     0.0233     0.0290    -0.0151  0.0030  0.0030  0.0050
2007.7178     0.0226     0.0255    -0.0056  0.0030  0.0030  0.0050
2007.7206     0.0249     0.0268    -0.0113  0.0030  0.0030  0.0050
2007.7233     0.0238     0.0299    -0.0158  0.0030  0.0030  0.0050
2007.7260     0.0251     0.0288    -0.0067  0.0030  0.0030  0.0050
2007.7288     0.0249     0.0268    -0.0162  0.0030  0.0030  0.0050
2007.7315     0.0224     0.0286    -0.0117  0.0030  0.0030  0.0050
2007.7342     0.0243     0.0271    -0.0093  0.0030  0.0030  0.0050
2007.7370     0.0223     0.0282    -0.0169  0.0030  0.0030  0.0050
2007.7397     0.0249     0.0289    -0.0114  0.0030  0.0030  0.0050
2007.7425     0.0221     0.0298    -0.0206  0.0030  0.0030  0.0050
2007.7452     0.0234     0.0337    -0.0066  0.0030  0.0030  0.0050
2007.7479     0.0219     0.0295    -0.0221  0.0030  0.0030  0.0050
2007.7507     0.0236     0.0313    -0.0211  0.0030  0.0030  0.0050
2007.7534     0.0201     0.0346    -0.0100  0.0030  0.0030  0.0050
2007.7562     0.0244     0.0291    -0.0205  0.0030  0.0030  0.0050
2007.7589     0.0232     0.0353    -0.0086  0.0030  0.0030  0.0050
2007.7616     0.0232     0.0338    -0.0190  0.0030  0.0030  0.0050
2007.7644     0.0237     0.0308    -0.0133  0.0030  0.0030  0.0050
2007.7671     0.0253     0.0325    -0.0182  0.0030  0.0030  0.0050
2007.7699     0.0248     0.0317    -0.0136  0.0030  0.0030  0.0050
2007.7726     0.0257     0.0285    -0.0169  0.0030  0.0030  0.0050
2007.7753     0.0229     0.0305    -0.0123  0.0030  0.0030  0.0050
2007.7781     0.0276     0.0361    -0.0121  0.0030  0.0030  0.0050
2007.7808     0.0224     0.0309    -0.0201  0.0030  0.0030  0.0050
2007.7836     0.0203     0.0299    -0.0130  0.0030  0.0030  0.0050
2007.7863     0.0228     0.0327    -0.0120  0.0030  0.0030  0.0050
2007.7890     0.0228     0.0309    -0.0209  0.0030  0.0030  0.0050
2007.7918     0.0233     0.0298    -0.0069  0.0030  0.0030  0.0050
2007.7945     0.0220     0.0320    -0.0183  0.0030  0.0030  0.0050
2007.7973     0.0224     0.0328    -0.0012  0.0030  0.0030  0.0050
2007.8000     0.0238     0.0326    -0.0158  0.0030  0.0030  0.0050
2007.8027     0.0212     0.0333    -0.0216  0.0030  0.0030  0.0050
2007.8055     0.0218     0.0306    -0.0142  0.0030  0.0030  0.0050
2007.8082     0.0207     0.0342    -0.0166  0.0030  0.0030  0.0050
2007.8110     0.0232     0.0330    -0.0124  0.0030  0.0030  0.0050
2007.8137     0.0220     0.0320    -0.0004  0.0030  0.0030  0.0050
2007.8164     0.0243     0.0335    -0.0180  0.0030  0.0030  0.0050
2007.8192     0.0282     0.0307    -0.0047  0.0030  0.0030  0.0050
2007.8219     0.0275     0.0292    -0.0107  0.0030  0.0030  0.0050
2007.8247     0.0201     0.0333    -0.0248  0.0030  0.0030  0.0050
2007.8274     0.0221     0.0309    -0.0190  0.0030  0.0030  0.0050
2007.8301     0.0247     0.0323    -0.0180  0.0030  0.0030  0.0050
2007.8329     0.0261     0.0270    -0.0101  0.0030  0.0030  0.0050
2007.8356     0.0246     0.0309    -0.0150  0.0030  0.0030  0.0050
2007.8384     0.0245     0.0298    -0.0165  0.0030  0.0030  0.0050
2007.8411     0.0238     0.0299    -0.0211  0.0030  0.0030  0.0050
2007.8438     0.0241     0.0326    -0.0066  0.0030  0.0030  0.0050
2007.8466     0.0265     0.0296    -0.0256  0.0030  0.0030  0.0050
2007.8493     0.0264     0.0296    -0.0115  0.0030  0.0030  0.0050
2007.8520     0.0240     0.0293    -0.0186  0.0030  0.0030  0.0050
2007.8603     0.0248     0.0301    -0.0158  0.0030  0.0030  0.0050
2007.8685     0.0232     0.0290    -0.0090  0.0030  0.0030  0.0050
2007.8712     0.0252     0.0322    -0.0180  0.0030  0.0030  0.0050
2007.8740     0.0236     0.0312    -0.0203  0.0030  0.0030  0.0050
2007.8767     0.0243     0.0320    -0.0324  0.0030  0.0030  0.0050
2007.8794     0.0233     0.0301    -0.0184  0.0030  0.0030  0.0050
2007.8822     0.0250     0.0285    -0.0154  0.0030  0.0030  0.0050
2007.8849     0.0229     0.0307    -0.0213  0.0030  0.0030  0.0050
2007.8877     0.0261     0.0313    -0.0090  0.0030  0.0030  0.0050
2007.8904     0.0240     0.0300    -0.0248  0.0030  0.0030  0.0050
2007.8932     0.0268     0.0307    -0.0182  0.0030  0.0030  0.0050
2007.8959     0.0241     0.0310    -0.0225  0.0030  0.0030  0.0050
2007.8986     0.0235     0.0301    -0.0189  0.0030  0.0030  0.0050
2007.9014     0.0245     0.0304    -0.0145  0.0030  0.0030  0.0050
2007.9041     0.0259     0.0306    -0.0198  0.0030  0.0030  0.0050
2007.9069     0.0243     0.0287    -0.0308  0.0030  0.0030  0.0050
2007.9096     0.0258     0.0281    -0.0253  0.0030  0.0030  0.0050
2007.9123     0.0218     0.0291    -0.0181  0.0030  0.0030  0.0050
2007.9151     0.0248     0.0322    -0.0237  0.0030  0.0030  0.0050
2007.9178     0.0250     0.0295    -0.0152  0.0030  0.0030  0.0050
2007.9206     0.0244     0.0313    -0.0301  0.0030  0.0030  0.0050
2007.9233     0.0272     0.0308    -0.0229  0.0030  0.0030  0.0050
2007.9288     0.0279     0.0338    -0.0273  0.0030  0.0030  0.0050
2007.9315     0.0270     0.0343    -0.0237  0.0030  0.0030  0.0050
2007.9343     0.0259     0.0311    -0.0125  0.0030  0.0030  0.0050
2007.9370     0.0271     0.0271    -0.0113  0.0030  0.0030  0.0050
2007.9479     0.0256     0.0306    -0.0097  0.0030  0.0030  0.0050
2007.9507     0.0295     0.0315    -0.0136  0.0030  0.0030  0.0050
2007.9562     0.0252     0.0283    -0.0119  0.0030  0.0030  0.0050
2007.9589     0.0279     0.0327    -0.0022  0.0030  0.0030  0.0050
2007.9616     0.0284     0.0319    -0.0191  0.0030  0.0030  0.0050
2007.9644     0.0234     0.0304    -0.0246  0.0030  0.0030  0.0050
2007.9699     0.0257     0.0316    -0.0210  0.0030  0.0030  0.0050
2007.9726     0.0256     0.0331    -0.0175  0.0030  0.0030  0.0050
2007.9753     0.0253     0.0352    -0.0167  0.0030  0.0030  0.0050
2007.9781     0.0259     0.0334    -0.0132  0.0030  0.0030  0.0050
2007.9808     0.0231     0.0323    -0.0121  0.0030  0.0030  0.0050
2007.9836     0.0245     0.0312    -0.0141  0.0030  0.0030  0.0050
2007.9863     0.0246     0.0324    -0.0108  0.0030  0.0030  0.0050
2007.9890     0.0271     0.0330    -0.0155  0.0030  0.0030  0.0050
2007.9918     0.0254     0.0309    -0.0147  0.0030  0.0030  0.0050
2007.9945     0.0251     0.0319    -0.0207  0.0030  0.0030  0.0050
2007.9973     0.0242     0.0328    -0.0140  0.0030  0.0030  0.0050
2008.0027     0.0233     0.0330    -0.0272  0.0030  0.0030  0.0050
2008.0055     0.0258     0.0312    -0.0147  0.0030  0.0030  0.0050
2008.0082     0.0246     0.0319    -0.0149  0.0030  0.0030  0.0050
2008.0137     0.0250     0.0317    -0.0165  0.0030  0.0030  0.0050
2008.0164     0.0257     0.0329    -0.0203  0.0030  0.0030  0.0050
2008.0219     0.0266     0.0336    -0.0104  0.0030  0.0030  0.0050
2008.0246     0.0250     0.0334    -0.0203  0.0030  0.0030  0.0050
2008.0273     0.0240     0.0324    -0.0125  0.0030  0.0030  0.0050
2008.0328     0.0277     0.0313    -0.0186  0.0030  0.0030  0.0050
2008.0410     0.0274     0.0318    -0.0161  0.0030  0.0030  0.0050
2008.0465     0.0269     0.0322    -0.0169  0.0030  0.0030  0.0050
2008.0519     0.0276     0.0311    -0.0161  0.0030  0.0030  0.0050
2008.0574     0.0272     0.0277    -0.0108  0.0030  0.0030  0.0050
2008.0601     0.0278     0.0312    -0.0087  0.0030  0.0030  0.0050
2008.0710     0.0285     0.0303    -0.0099  0.0030  0.0030  0.0050
2008.1858     0.0329     0.0302    -0.0112  0.0030  0.0030  0.0050
2008.1885     0.0335     0.0317    -0.0101  0.0030  0.0030  0.0050
2008.1913     0.0298     0.0317    -0.0107  0.0030  0.0030  0.0050
2008.1940     0.0309     0.0326    -0.0060  0.0030  0.0030  0.0050
2008.1967     0.0307     0.0349    -0.0112  0.0030  0.0030  0.0050
2008.1995     0.0298     0.0327    -0.0037  0.0030  0.0030  0.0050
2008.2049     0.0309     0.0324    -0.0092  0.0030  0.0030  0.0050
2008.2760     0.0310     0.0343    -0.0067  0.0030  0.0030  0.0050
2008.2787     0.0352     0.0296    -0.0123  0.0030  0.0030  0.0050
2008.2814     0.0308     0.0346    -0.0078  0.0030  0.0030  0.0050
2008.2841     0.0331     0.0340    -0.0232  0.0030  0.0030  0.0050
2008.2869     0.0308     0.0355    -0.0054  0.0030  0.0030  0.0050
2008.2896     0.0311     0.0332    -0.0142  0.0030  0.0030  0.0050
2008.2951     0.0286     0.0364    -0.0142  0.0030  0.0030  0.0050
2008.2978     0.0325     0.0348    -0.0050  0.0030  0.0030  0.0050
2008.3005     0.0318     0.0334    -0.0111  0.0030  0.0030  0.0050
2008.3033     0.0309     0.0359    -0.0090  0.0030  0.0030  0.0050
2008.3060     0.0355     0.0365    -0.0073  0.0030  0.0030  0.0050
2008.3087     0.0344     0.0374    -0.0057  0.0030  0.0030  0.0050
2008.3115     0.0341     0.0339    -0.0051  0.0030  0.0030  0.0050
2008.3142     0.0330     0.0368    -0.0123  0.0030  0.0030  0.0050
2008.3169     0.0357     0.0357    -0.0130  0.0030  0.0030  0.0050
2008.3197     0.0343     0.0338    -0.0025  0.0030  0.0030  0.0050
2008.3224     0.0295     0.0334    -0.0188  0.0030  0.0030  0.0050
2008.3251     0.0343     0.0343    -0.0032  0.0030  0.0030  0.0050
2008.3279     0.0334     0.0342    -0.0022  0.0030  0.0030  0.0050
2008.3361     0.0324     0.0339    -0.0174  0.0030  0.0030  0.0050
2008.3388     0.0327     0.0340    -0.0081  0.0030  0.0030  0.0050
2008.3443     0.0354     0.0352    -0.0133  0.0030  0.0030  0.0050
2008.3470     0.0322     0.0327    -0.0101  0.0030  0.0030  0.0050
2008.3497     0.0309     0.0341    -0.0127  0.0030  0.0030  0.0050
2008.3525     0.0316     0.0371    -0.0113  0.0030  0.0030  0.0050
2008.3552     0.0315     0.0398    -0.0094  0.0030  0.0030  0.0050
2008.3579     0.0288     0.0366    -0.0123  0.0030  0.0030  0.0050
2008.3607     0.0308     0.0365    -0.0094  0.0030  0.0030  0.0050
2008.3634     0.0319     0.0355    -0.0177  0.0030  0.0030  0.0050
2008.3661     0.0323     0.0355    -0.0074  0.0030  0.0030  0.0050
2008.3689     0.0312     0.0381    -0.0222  0.0030  0.0030  0.0050
2008.3716     0.0336     0.0353    -0.0024  0.0030  0.0030  0.0050
2008.3743     0.0312     0.0348    -0.0128  0.0030  0.0030  0.0050
2008.3771     0.0323     0.0352    -0.0117  0.0030  0.0030  0.0050
2008.3798     0.0302     0.0340    -0.0095  0.0030  0.0030  0.0050
2008.3825     0.0321     0.0376    -0.0138  0.0030  0.0030  0.0050
2008.3853     0.0313     0.0341    -0.0182  0.0030  0.0030  0.0050
2008.3880     0.0317     0.0356    -0.0105  0.0030  0.0030  0.0050
2008.3907     0.0342     0.0364    -0.0211  0.0030  0.0030  0.0050
2008.3934     0.0323     0.0346    -0.0273  0.0030  0.0030  0.0050
2008.3962     0.0303     0.0319    -0.0171  0.0030  0.0030  0.0050
2008.3989     0.0324     0.0335    -0.0149  0.0030  0.0030  0.0050
2008.4016     0.0315     0.0359    -0.0205  0.0030  0.0030  0.0050
2008.4044     0.0336     0.0355    -0.0258  0.0030  0.0030  0.0050
2008.4071     0.0310     0.0400    -0.0136  0.0030  0.0030  0.0050
2008.4098     0.0324     0.0386    -0.0213  0.0030  0.0030  0.0050
2008.4126     0.0309     0.0364    -0.0231  0.0030  0.0030  0.0050
2008.4153     0.0310     0.0357    -0.0259  0.0030  0.0030  0.0050
2008.4180     0.0301     0.0340    -0.0071  0.0030  0.0030  0.0050
2008.4208     0.0308     0.0351    -0.0243  0.0030  0.0030  0.0050
2008.4235     0.0317     0.0359    -0.0206  0.0030  0.0030  0.0050
2008.4262     0.0303     0.0348    -0.0195  0.0030  0.0030  0.0050
2008.4290     0.0324     0.0391    -0.0156  0.0030  0.0030  0.0050
2008.4317     0.0304     0.0392    -0.0156  0.0030  0.0030  0.0050
2008.4344     0.0299     0.0362    -0.0174  0.0030  0.0030  0.0050
2008.4372     0.0292     0.0360    -0.0122  0.0030  0.0030  0.0050
2008.4399     0.0324     0.0405    -0.0174  0.0030  0.0030  0.0050
2008.4426     0.0283     0.0363    -0.0262  0.0030  0.0030  0.0050
2008.4454     0.0298     0.0388    -0.0033  0.0030  0.0030  0.0050
2008.4535     0.0311     0.0341    -0.0061  0.0030  0.0030  0.0050
2008.4563     0.0301     0.0384    -0.0268  0.0030  0.0030  0.0050
2008.4590     0.0327     0.0359    -0.0075  0.0030  0.0030  0.0050
2008.4617     0.0324     0.0378    -0.0201  0.0030  0.0030  0.0050
2008.4645     0.0282     0.0343    -0.0088  0.0030  0.0030  0.0050
2008.4672     0.0316     0.0396    -0.0236  0.0030  0.0030  0.0050
2008.4699     0.0330     0.0371    -0.0217  0.0030  0.0030  0.0050
2008.4727     0.0330     0.0360    -0.0277  0.0030  0.0030  0.0050
2008.4754     0.0298     0.0393    -0.0288  0.0030  0.0030  0.0050
2008.4781     0.0300     0.0387    -0.0143  0.0030  0.0030  0.0050
2008.4809     0.0312     0.0376    -0.0133  0.0030  0.0030  0.0050
2008.4836     0.0295     0.0358    -0.0190  0.0030  0.0030  0.0050
2008.4863     0.0338     0.0392    -0.0225  0.0030  0.0030  0.0050
2008.4891     0.0293     0.0376    -0.0213  0.0030  0.0030  0.0050
2008.4918     0.0319     0.0388    -0.0149  0.0030  0.0030  0.0050
2008.4945     0.0321     0.0359    -0.0137  0.0030  0.0030  0.0050
2008.4973     0.0317     0.0367    -0.0220  0.0030  0.0030  0.0050
2008.5000     0.0317     0.0372    -0.0212  0.0030  0.0030  0.0050
2008.5027     0.0316     0.0356    -0.0205  0.0030  0.0030  0.0050
2008.5055     0.0295     0.0360    -0.0224  0.0030  0.0030  0.0050
2008.5082     0.0309     0.0388    -0.0278  0.0030  0.0030  0.0050
2008.5109     0.0309     0.0371    -0.0108  0.0030  0.0030  0.0050
2008.5137     0.0318     0.0375    -0.0197  0.0030  0.0030  0.0050
2008.5164     0.0316     0.0383    -0.0237  0.0030  0.0030  0.0050
2008.5246     0.0329     0.0392    -0.0268  0.0030  0.0030  0.0050
2008.5301     0.0312     0.0392    -0.0192  0.0030  0.0030  0.0050
2008.5328     0.0276     0.0353    -0.0239  0.0030  0.0030  0.0050
2008.5355     0.0309     0.0376    -0.0011  0.0030  0.0030  0.0050
2008.5383     0.0318     0.0376    -0.0217  0.0030  0.0030  0.0050
2008.5410     0.0313     0.0359    -0.0210  0.0030  0.0030  0.0050
2008.5437     0.0307     0.0380    -0.0253  0.0030  0.0030  0.0050
2008.5465     0.0316     0.0367    -0.0223  0.0030  0.0030  0.0050
2008.5492     0.0309     0.0424    -0.0215  0.0030  0.0030  0.0050
2008.5519     0.0303     0.0394    -0.0212  0.0030  0.0030  0.0050
2008.5546     0.0308     0.0362    -0.0115  0.0030  0.0030  0.0050
2008.5574     0.0316     0.0383    -0.0144  0.0030  0.0030  0.0050
2008.5601     0.0309     0.0390    -0.0210  0.0030  0.0030  0.0050
2008.5628     0.0296     0.0375    -0.0265  0.0030  0.0030  0.0050
2008.5656     0.0292     0.0393    -0.0201  0.0030  0.0030  0.0050
2008.5683     0.0321     0.0389    -0.0164  0.0030  0.0030  0.0050
2008.5710     0.0315     0.0384    -0.0172  0.0030  0.0030  0.0050
2008.5738     0.0310     0.0393    -0.0179  0.0030  0.0030  0.0050
2008.5765     0.0307     0.0397    -0.0241  0.0030  0.0030  0.0050
2008.5792     0.0361     0.0393    -0.0260  0.0030  0.0030  0.0050
2008.5820     0.0315     0.0396    -0.0253  0.0030  0.0030  0.0050
2008.5847     0.0285     0.0378    -0.0181  0.0030  0.0030  0.0050
2008.5874     0.0319     0.0374    -0.0165  0.0030  0.0030  0.0050
2008.5902     0.0299     0.0391    -0.0063  0.0030  0.0030  0.0050
2008.5929     0.0319     0.0396    -0.0080  0.0030  0.0030  0.0050
2008.5956     0.0300     0.0393    -0.0232  0.0030  0.0030  0.0050
2008.5984     0.0309     0.0390    -0.0081  0.0030  0.0030  0.0050
2008.6011     0.0308     0.0376    -0.0245  0.0030  0.0030  0.0050
2008.6038     0.0338     0.0377    -0.0159  0.0030  0.0030  0.0050
2008.6066     0.0315     0.0362    -0.0172  0.0030  0.0030  0.0050
2008.6093     0.0319     0.0364    -0.0130  0.0030  0.0030  0.0050
2008.6120     0.0304     0.0378    -0.0236  0.0030  0.0030  0.0050
2008.6147     0.0283     0.0370    -0.0035  0.0030  0.0030  0.0050
2008.6175     0.0347     0.0384    -0.0168  0.0030  0.0030  0.0050
2008.6202     0.0324     0.0385    -0.0182  0.0030  0.0030  0.0050
2008.6229     0.0324     0.0388    -0.0211  0.0030  0.0030  0.0050
2008.6257     0.0320     0.0374    -0.0160  0.0030  0.0030  0.0050
2008.6284     0.0345     0.0351    -0.0141  0.0030  0.0030  0.0050
2008.6311     0.0322     0.0414    -0.0164  0.0030  0.0030  0.0050
2008.6448     0.0328     0.0384    -0.0154  0.0030  0.0030  0.0050
2013.0384     0.0855     0.0870    -0.0268  0.0030  0.0030  0.0050
2013.0411     0.0872     0.0902    -0.0238  0.0030  0.0030  0.0050
2013.0438     0.0866     0.0859    -0.0193  0.0030  0.0030  0.0050
2013.0466     0.0887     0.0864    -0.0251  0.0030  0.0030  0.0050
2013.0493     0.0868     0.0881    -0.0259  0.0030  0.0030  0.0050
2013.0521     0.0885     0.0880    -0.0249  0.0030  0.0030  0.0050
2013.0548     0.0872     0.0908    -0.0210  0.0030  0.0030  0.0050
2013.0575     0.0874     0.0899    -0.0270  0.0030  0.0030  0.0050
2013.0603     0.0881     0.0885    -0.0215  0.0030  0.0030  0.0050
2013.0630     0.0880     0.0876    -0.0209  0.0030  0.0030  0.0050
2013.0657     0.0894     0.0900    -0.0302  0.0030  0.0030  0.0050
2013.0685     0.0909     0.0880    -0.0231  0.0030  0.0030  0.0050
2013.0712     0.0877     0.0911    -0.0217  0.0030  0.0030  0.0050
2013.0740     0.0891     0.0905    -0.0183  0.0030  0.0030  0.0050
2013.0767     0.0867     0.0914    -0.0237  0.0030  0.0030  0.0050
2013.0794     0.0878     0.0923    -0.0268  0.0030  0.0030  0.0050
2013.0822     0.0890     0.0906    -0.0295  0.0030  0.0030  0.0050
2013.0849     0.0890     0.0892    -0.0353  0.0030  0.0030  0.0050
2013.0877     0.0923     0.0910    -0.0238  0.0030  0.0030  0.0050
2013.0904     0.0908     0.0915    -0.0265  0.0030  0.0030  0.0050
2013.0931     0.0870     0.0886    -0.0239  0.0030  0.0030  0.0050
2013.0959     0.0918     0.0904    -0.0253  0.0030  0.0030  0.0050
2013.0986     0.0912     0.0894    -0.0251  0.0030  0.0030  0.0050
2013.1014     0.0914     0.0941    -0.0262  0.0030  0.0030  0.0050
2013.1041     0.0904     0.0923    -0.0258  0.0030  0.0030  0.0050
2013.1068     0.0873     0.0918    -0.0277  0.0030  0.0030  0.0050
2013.1096     0.0910     0.0858    -0.0271  0.0030  0.0030  0.0050
2013.1123     0.0891     0.0903    -0.0282  0.0030  0.0030  0.0050
2013.1151     0.0866     0.0919    -0.0239  0.0030  0.0030  0.0050
2013.1178     0.0933     0.0897    -0.0170  0.0030  0.0030  0.0050
2013.1206     0.0900     0.0895    -0.0333  0.0030  0.0030  0.0050
2013.1233     0.0918     0.0868    -0.0296  0.0030  0.0030  0.0050
2013.1288     0.0929     0.0894    -0.0284  0.0030  0.0030  0.0050
2013.1315     0.0973     0.0897    -0.0457  0.0030  0.0030  0.0050
2013.1343     0.0905     0.0926    -0.0222  0.0030  0.0030  0.0050
2013.1370     0.0922     0.0928    -0.0227  0.0030  0.0030  0.0050
2013.1397     0.0881     0.0893    -0.0281  0.0030  0.0030  0.0050
2013.1425     0.0920     0.0932    -0.0254  0.0030  0.0030  0.0050
2013.1452     0.0919     0.0899    -0.0231  0.0030  0.0030  0.0050
2013.1480     0.0892     0.0924    -0.0279  0.0030  0.0030  0.0050
2013.1507     0.0920     0.0916    -0.0256  0.0030  0.0030  0.0050
2013.1534     0.0889     0.0892    -0.0232  0.0030  0.0030  0.0050
2013.1562     0.0901     0.0911    -0.0166  0.0030  0.0030  0.0050
2013.1589     0.0930     0.0934    -0.0222  0.0030  0.0030  0.0050
2013.1616     0.0917     0.0883    -0.0237  0.0030  0.0030  0.0050
2013.1671     0.0885     0.0925    -0.0241  0.0030  0.0030  0.0050
2013.1699     0.0853     0.0921    -0.0130  0.0030  0.0030  0.0050
2013.1726     0.0861     0.0922    -0.0215  0.0030  0.0030  0.0050
2013.1753     0.0861     0.0942    -0.0205  0.0030  0.0030  0.0050
2013.1781     0.0867     0.0920    -0.0286  0.0030  0.0030  0.0050
2013.1808     0.0884     0.0926    -0.0352  0.0030  0.0030  0.0050
2013.1836     0.0890     0.0969    -0.0306  0.0030  0.0030  0.0050
2013.1863     0.0863     0.0928    -0.0245  0.0030  0.0030  0.0050
2013.1890     0.0897     0.0913    -0.0242  0.0030  0.0030  0.0050
2013.1918     0.0991     0.0885    -0.0217  0.0030  0.0030  0.0050
2013.1945     0.1041     0.0920    -0.0511  0.0030  0.0030  0.0050
2013.1973     0.0998     0.0869    -0.0401  0.0030  0.0030  0.0050
2013.2000     0.0920     0.0876    -0.0290  0.0030  0.0030  0.0050
2013.2027     0.0871     0.0901    -0.0266  0.0030  0.0030  0.0050
2013.2055     0.0902     0.0917    -0.0286  0.0030  0.0030  0.0050
2013.2082     0.0937     0.0911    -0.0342  0.0030  0.0030  0.0050
2013.2110     0.0911     0.0968    -0.0214  0.0030  0.0030  0.0050
2013.2137     0.0958     0.0875    -0.0328  0.0030  0.0030  0.0050
2013.2164     0.0879     0.0862    -0.0180  0.0030  0.0030  0.0050
2013.2192     0.0884     0.0904    -0.0304  0.0030  0.0030  0.0050
2013.2219     0.0886     0.0941    -0.0255  0.0030  0.0030  0.0050
2013.2247     0.0926     0.0912    -0.0283  0.0030  0.0030  0.0050
2013.2274     0.0912     0.0950    -0.0242  0.0030  0.0030  0.0050
2013.2301     0.0971     0.0926    -0.0311  0.0030  0.0030  0.0050
2013.2329     0.0953     0.0934    -0.0335  0.0030  0.0030  0.0050
2013.2356     0.0934     0.0948    -0.0362  0.0030  0.0030  0.0050
2013.2384     0.0926     0.0952    -0.0343  0.0030  0.0030  0.0050
2013.2438     0.0901     0.0938    -0.0193  0.0030  0.0030  0.0050
2013.2466     0.0907     0.0939    -0.0287  0.0030  0.0030  0.0050
2013.2493     0.0932     0.0925    -0.0177  0.0030  0.0030  0.0050
2013.2521     0.0897     0.0929    -0.0339  0.0030  0.0030  0.0050
2013.2548     0.0937     0.0961    -0.0125  0.0030  0.0030  0.0050
2013.2575     0.0936     0.0821    -0.0299  0.0030  0.0030  0.0050
2013.2603     0.0888     0.0893    -0.0280  0.0030  0.0030  0.0050
2013.2630     0.0895     0.0943    -0.0252  0.0030  0.0030  0.0050
2013.2658     0.0889     0.0954    -0.0349  0.0030  0.0030  0.0050
2013.2685     0.0932     0.0937    -0.0211  0.0030  0.0030  0.0050
2013.2712     0.0909     0.0937    -0.0337  0.0030  0.0030  0.0050
2013.2740     0.0902     0.0924    -0.0388  0.0030  0.0030  0.0050
2013.2767     0.0912     0.0881    -0.0316  0.0030  0.0030  0.0050
2013.2794     0.0955     0.0933    -0.0295  0.0030  0.0030  0.0050
2013.2822     0.0910     0.0952    -0.0180  0.0030  0.0030  0.0050
2013.2849     0.0967     0.0933    -0.0265  0.0030  0.0030  0.0050
2013.2877     0.0976     0.0951    -0.0330  0.0030  0.0030  0.0050
2013.2904     0.0892     0.0971    -0.0302  0.0030  0.0030  0.0050
2013.2931     0.0933     0.0906    -0.0377  0.0030  0.0030  0.0050
2013.2959     0.0921     0.0957    -0.0255  0.0030  0.0030  0.0050
2013.2986     0.0931     0.0911    -0.0286  0.0030  0.0030  0.0050
2013.3014     0.0946     0.0902    -0.0209  0.0030  0.0030  0.0050
2013.3041     0.0907     0.0909    -0.0426  0.0030  0.0030  0.0050
2013.3068     0.0922     0.0922    -0.0426  0.0030  0.0030  0.0050
2013.3123     0.0921     0.0883    -0.0431  0.0030  0.0030  0.0050
2013.3151     0.0910     0.0934    -0.0361  0.0030  0.0030  0.0050
2013.3178     0.0954     0.0930    -0.0320  0.0030  0.0030  0.0050
2013.3205     0.0920     0.0957    -0.0339  0.0030  0.0030  0.0050
2013.3233     0.0881     0.0955    -0.0379  0.0030  0.0030  0.0050
2013.3260     0.0891     0.0950    -0.0326  0.0030  0.0030  0.0050
2013.3288     0.0942     0.0916    -0.0362  0.0030  0.0030  0.0050
2013.3315     0.0938     0.0906    -0.0440  0.0030  0.0030  0.0050
2013.3343     0.0897     0.0929    -0.0371  0.0030  0.0030  0.0050
2013.3370     0.0955     0.0931    -0.0471  0.0030  0.0030  0.0050
2013.3397     0.0947     0.0896    -0.0411  0.0030  0.0030  0.0050
2013.3425     0.0956     0.0882    -0.0228  0.0030  0.0030  0.0050
2013.3452     0.0912     0.0897    -0.0370  0.0030  0.0030  0.0050
2013.3480     0.0861     0.0951    -0.0297  0.0030  0.0030  0.0050
2013.3507     0.0890     0.0955    -0.0312  0.0030  0.0030  0.0050
2013.3534     0.0911     0.1024    -0.0266  0.0030  0.0030  0.0050
2013.3616     0.0943     0.0955    -0.0264  0.0030  0.0030  0.0050
2013.3671     0.0894     0.0975    -0.0277  0.0030  0.0030  0.0050
2013.3699     0.0928     0.0948    -0.0409  0.0030  0.0030  0.0050
2013.3726     0.0930     0.0984    -0.0324  0.0030  0.0030  0.0050
2013.3753     0.0895     0.0952    -0.0385  0.0030  0.0030  0.0050
2013.3781     0.0887     0.0961    -0.0415  0.0030  0.0030  0.0050
2013.3808     0.0905     0.0955    -0.0201  0.0030  0.0030  0.0050
2013.3836     0.0911     0.0983    -0.0323  0.0030  0.0030  0.0050
2013.3863     0.0861     0.1003    -0.0266  0.0030  0.0030  0.0050
2013.3890     0.0876     0.0966    -0.0358  0.0030  0.0030  0.0050
2013.3918     0.0881     0.0994    -0.0212  0.0030  0.0030  0.0050
2013.3945     0.0892     0.0993    -0.0261  0.0030  0.0030  0.0050
2013.4055     0.0883     0.0990    -0.0305  0.0030  0.0030  0.0050
2013.4082     0.0878     0.0954    -0.0320  0.0030  0.0030  0.0050
2013.4110     0.0870     0.0969    -0.0257  0.0030  0.0030  0.0050
2013.4137     0.0849     0.0967    -0.0273  0.0030  0.0030  0.0050
2013.4164     0.0874     0.0985    -0.0400  0.0030  0.0030  0.0050
2013.4192     0.0879     0.0982    -0.0326  0.0030  0.0030  0.0050
2013.4219     0.0872     0.0958    -0.0226  0.0030  0.0030  0.0050
2013.4247     0.0875     0.0973    -0.0285  0.0030  0.0030  0.0050
2013.4274     0.0884     0.0943    -0.0378  0.0030  0.0030  0.0050
2013.4301     0.0895     0.0957    -0.0309  0.0030  0.0030  0.0050
2013.4356     0.0892     0.0985    -0.0280  0.0030  0.0030  0.0050
2013.4384     0.0893     0.1006    -0.0262  0.0030  0.0030  0.0050
2013.4438     0.0884     0.0999    -0.0244  0.0030  0.0030  0.0050
2013.4466     0.0894     0.0994    -0.0256  0.0030  0.0030  0.0050
2013.4521     0.0879     0.1000    -0.0281  0.0030  0.0030  0.0050
2013.4548     0.0863     0.0999    -0.0335  0.0030  0.0030  0.0050
2013.4575     0.0912     0.1028    -0.0264  0.0030  0.0030  0.0050
2013.4603     0.0892     0.0963    -0.0337  0.0030  0.0030  0.0050
2013.4630     0.0859     0.0944    -0.0203  0.0030  0.0030  0.0050
2013.4658     0.0917     0.0995    -0.0304  0.0030  0.0030  0.0050
2013.4685     0.0879     0.0987    -0.0361  0.0030  0.0030  0.0050
2013.4712     0.0882     0.0964    -0.0268  0.0030  0.0030  0.0050
2013.4740     0.0859     0.0992    -0.0299  0.0030  0.0030  0.0050
2013.4767     0.0885     0.1021    -0.0330  0.0030  0.0030  0.0050
2013.4795     0.0881     0.0997    -0.0107  0.0030  0.0030  0.0050
2013.4849     0.0888     0.0925    -0.0327  0.0030  0.0030  0.0050
2013.4877     0.0923     0.0961    -0.0418  0.0030  0.0030  0.0050
2013.4904     0.0874     0.0991    -0.0331  0.0030  0.0030  0.0050
2013.4959     0.0863     0.0990    -0.0262  0.0030  0.0030  0.0050
2013.4986     0.0888     0.1029    -0.0263  0.0030  0.0030  0.0050
2013.5014     0.0850     0.0980    -0.0274  0.0030  0.0030  0.0050
2013.5041     0.0909     0.0990    -0.0273  0.0030  0.0030  0.0050
2013.5178     0.0889     0.0941    -0.0515  0.0030  0.0030  0.0050
2013.5205     0.0942     0.1009    -0.0351  0.0030  0.0030  0.0050
2013.5233     0.0891     0.1024    -0.0275  0.0030  0.0030  0.0050
2013.5260     0.0892     0.1000    -0.0307  0.0030  0.0030  0.0050
2013.5288     0.0857     0.1032    -0.0467  0.0030  0.0030  0.0050
2013.5315     0.0894     0.0973    -0.0225  0.0030  0.0030  0.0050
2013.5342     0.0905     0.0962    -0.0345  0.0030  0.0030  0.0050
2013.5370     0.0869     0.0998    -0.0171  0.0030  0.0030  0.0050
2013.5397     0.0918     0.1048    -0.0251  0.0030  0.0030  0.0050
2013.5452     0.0892     0.0988    -0.0228  0.0030  0.0030  0.0050
2013.5507     0.0903     0.1011    -0.0274  0.0030  0.0030  0.0050
2013.5534     0.0869     0.0970    -0.0286  0.0030  0.0030  0.0050
2013.5562     0.0861     0.0998    -0.0373  0.0030  0.0030  0.0050
2013.5589     0.0922     0.0980    -0.0265  0.0030  0.0030  0.0050
2013.5616     0.0843     0.1001    -0.0309  0.0030  0.0030  0.0050
2013.5644     0.0918     0.0991    -0.0141  0.0030  0.0030  0.0050
2013.5671     0.0888     0.0962    -0.0359  0.0030  0.0030  0.0050
2013.5726     0.0912     0.1002    -0.0301  0.0030  0.0030  0.0050
2013.5753     0.0895     0.1001    -0.0305  0.0030  0.0030  0.0050
2013.5781     0.0878     0.1011    -0.0247  0.0030  0.0030  0.0050
2013.5863     0.0938     0.0996    -0.0338  0.0030  0.0030  0.0050
2013.5890     0.0906     0.1017    -0.0270  0.0030  0.0030  0.0050
2013.5918     0.0845     0.0998    -0.0185  0.0030  0.0030  0.0050
2013.6000     0.0923     0.1037    -0.0311  0.0030  0.0030  0.0050
2013.6055     0.0882     0.0966    -0.0274  0.0030  0.0030  0.0050
2013.6082     0.0963     0.0950    -0.0377  0.0030  0.0030  0.0050
2013.6219     0.0911     0.0990    -0.0303  0.0030  0.0030  0.0050
2013.6329     0.0890     0.0972    -0.0291  0.0030  0.0030  0.0050
2013.6384     0.0872     0.1004    -0.0402  0.0030  0.0030  0.0050
2013.6411     0.0877     0.0993    -0.0328  0.0030  0.0030  0.0050
2013.6438     0.0825     0.1003    -0.0374  0.0030  0.0030  0.0050
2013.6548     0.0891     0.1021    -0.0266  0.0030  0.0030  0.0050
2013.6575     0.0930     0.0996    -0.0205  0.0030  0.0030  0.0050
2013.6630     0.0921     0.0985    -0.0309  0.0030  0.0030  0.0050
2013.6657     0.0909     0.1006    -0.0377  0.0030  0.0030  0.0050
2013.6685     0.0839     0.0997    -0.0108  0.0030  0.0030  0.0050
2013.6767     0.0903     0.0973    -0.0267  0.0030  0.0030  0.0050
2013.7178     0.0880     0.0965    -0.0375  0.0030  0.0030  0.0050
2013.7288     0.0934     0.0969    -0.0350  0.0030  0.0030  0.0050
2013.7507     0.0997     0.0970    -0.0299  0.0030  0.0030  0.0050
2013.7534     0.0948     0.0980    -0.0367  0.0030  0.0030  0.0050
2013.7589     0.0893     0.1009    -0.0208  0.0030  0.0030  0.0050
2013.7616     0.0912     0.0988    -0.0255  0.0030  0.0030  0.0050
2013.7644     0.0906     0.1041    -0.0297  0.0030  0.0030  0.0050
2013.7671     0.0857     0.0954    -0.0347  0.0030  0.0030  0.0050
2013.7699     0.0879     0.0958    -0.0287  0.0030  0.0030  0.0050
2013.7726     0.0857     0.0994    -0.0169  0.0030  0.0030  0.0050
2013.7753     0.0905     0.1019    -0.0437  0.0030  0.0030  0.0050
2013.7781     0.0943     0.0990    -0.0292  0.0030  0.0030  0.0050
2013.7808     0.0889     0.1013    -0.0193  0.0030  0.0030  0.0050
2013.7863     0.0860     0.0966    -0.0217  0.0030  0.0030  0.0050
2013.7890     0.0943     0.0985    -0.0218  0.0030  0.0030  0.0050
2013.7918     0.0919     0.0990    -0.0250  0.0030  0.0030  0.0050
2013.7945     0.0909     0.1019    -0.0224  0.0030  0.0030  0.0050
2013.7973     0.0921     0.0995    -0.0269  0.0030  0.0030  0.0050
2013.8000     0.0961     0.1016    -0.0269  0.0030  0.0030  0.0050
2013.8055     0.0895     0.1008    -0.0289  0.0030  0.0030  0.0050
2013.8082     0.0910     0.1004    -0.0214  0.0030  0.0030  0.0050
2013.8164     0.0920     0.1012    -0.0281  0.0030  0.0030  0.0050
2013.8192     0.0978     0.0956    -0.0216  0.0030  0.0030  0.0050
2013.8219     0.0958     0.1034    -0.0156  0.0030  0.0030  0.0050
2013.8301     0.0965     0.1020    -0.0281  0.0030  0.0030  0.0050
2013.8822     0.0897     0.0885    -0.0244  0.0030  0.0030  0.0050
2013.8959     0.1007     0.0938    -0.0358  0.0030  0.0030  0.0050
2013.8986     0.1000     0.0978    -0.0393  0.0030  0.0030  0.0050
2013.9041     0.0942     0.1012    -0.0387  0.0030  0.0030  0.0050
2013.9069     0.0958     0.1029    -0.0252  0.0030  0.0030  0.0050
2013.9096     0.0965     0.0979    -0.0274  0.0030  0.0030  0.0050
2013.9123     0.0943     0.0985    -0.0375  0.0030  0.0030  0.0050
2013.9151     0.0932     0.0949    -0.0336  0.0030  0.0030  0.0050
2013.9178     0.0941     0.1022    -0.0231  0.0030  0.0030  0.0050
2013.9233     0.1024     0.0974    -0.0275  0.0030  0.0030  0.0050
2013.9315     0.0987     0.0976    -0.0257  0.0030  0.0030  0.0050
2013.9343     0.0976     0.1002    -0.0230  0.0030  0.0030  0.0050
2013.9370     0.1001     0.0979    -0.0171  0.0030  0.0030  0.0050
2013.9397     0.1020     0.1023    -0.0202  0.0030  0.0030  0.0050
2013.9425     0.0953     0.1034    -0.0178  0.0030  0.0030  0.0050
2013.9452     0.0985     0.1048    -0.0271  0.0030  0.0030  0.0050
2013.9479     0.0969     0.0970    -0.0372  0.0030  0.0030  0.0050
2013.9507     0.0968     0.1009    -0.0219  0.0030  0.0030  0.0050
2013.9534     0.0946     0.1010    -0.0236  0.0030  0.0030  0.0050
2013.9562     0.0969     0.0993    -0.0274  0.0030  0.0030  0.0050
2013.9644     0.0987     0.1016    -0.0202  0.0030  0.0030  0.0050
2013.9671     0.0919     0.1028    -0.0100  0.0030  0.0030  0.0050
2013.9699     0.0934     0.1016    -0.0222  0.0030  0.0030  0.0050
2013.9726     0.0923     0.1038    -0.0278  0.0030  0.0030  0.0050
2013.9753     0.0938     0.1040    -0.0324  0.0030  0.0030  0.0050
2013.9781     0.0899     0.0939    -0.0241  0.0030  0.0030  0.0050
2013.9808     0.0954     0.0981    -0.0256  0.0030  0.0030  0.0050
2013.9836     0.0948     0.0971    -0.0286  0.0030  0.0030  0.0050
2013.9863     0.0939     0.1022    -0.0291  0.0030  0.0030  0.0050
2013.9890     0.0954     0.1018    -0.0292  0.0030  0.0030  0.0050
2013.9918     0.0934     0.1007    -0.0211  0.0030  0.0030  0.0050
2013.9945     0.0943     0.1031    -0.0293  0.0030  0.0030  0.0050
2014.0192     0.0973     0.1028    -0.0082  0.0030  0.0030  0.0050
2014.0219     0.0985     0.1034    -0.0355  0.0030  0.0030  0.0050
2014.0274     0.0936     0.1028    -0.0111  0.0030  0.0030  0.0050
2014.0466     0.1035     0.1061    -0.0272  0.0030  0.0030  0.0050
2014.0493     0.0978     0.1052    -0.0300  0.0030  0.0030  0.0050
2014.0548     0.1003     0.1003    -0.0334  0.0030  0.0030  0.0050
2014.0685     0.0989     0.1037    -0.0328  0.0030  0.0030  0.0050
2014.0904     0.0988     0.1068    -0.0377  0.0030  0.0030  0.0050
2014.0931     0.1025     0.1027    -0.0215  0.0030  0.0030  0.0050
2014.0986     0.1053     0.0973    -0.0164  0.0030  0.0030  0.0050
2014.1041     0.1047     0.1014    -0.0201  0.0030  0.0030  0.0050
2014.1068     0.1061     0.1126    -0.0156  0.0030  0.0030  0.0050
2014.1288     0.1001     0.1065    -0.0409  0.0030  0.0030  0.0050
2014.1315     0.0984     0.1033    -0.0272  0.0030  0.0030  0.0050
2014.1370     0.1060     0.1054    -0.0215  0.0030  0.0030  0.0050
2014.1425     0.1011     0.1023    -0.0269  0.0030  0.0030  0.0050
2014.1452     0.1024     0.1047    -0.0339  0.0030  0.0030  0.0050
2014.1480     0.1045     0.1073    -0.0348  0.0030  0.0030  0.0050
2014.1616     0.1040     0.1025    -0.0339  0.0030  0.0030  0.0050
2014.1644     0.0996     0.1009    -0.0283  0.0030  0.0030  0.0050
2014.1671     0.1004     0.1043    -0.0209  0.0030  0.0030  0.0050
2014.1699     0.1040     0.1094    -0.0212  0.0030  0.0030  0.0050
2014.1781     0.1027     0.1051    -0.0204  0.0030  0.0030  0.0050
2014.1808     0.0997     0.1016    -0.0294  0.0030  0.0030  0.0050
2014.1836     0.1016     0.0996    -0.0259  0.0030  0.0030  0.0050
2014.1863     0.1039     0.0999    -0.0330  0.0030  0.0030  0.0050
2014.3890     0.1004     0.1074    -0.0285  0.0030  0.0030  0.0050
2014.4301     0.1060     0.1072    -0.0346  0.0030  0.0030  0.0050
2014.4411     0.1048     0.1034    -0.0217  0.0030  0.0030  0.0050
2014.5342     0.1020     0.1097    -0.0260  0.0030  0.0030  0.0050
2014.5370     0.0994     0.1064    -0.0286  0.0030  0.0030  0.0050
2014.5397     0.1034     0.1096    -0.0361  0.0030  0.0030  0.0050
2014.5425     0.1008     0.1087    -0.0315  0.0030  0.0030  0.0050
2014.5452     0.1010     0.1072    -0.0225  0.0030  0.0030  0.0050
2014.5479     0.1005     0.1096    -0.0369  0.0030  0.0030  0.0050
2014.5507     0.1017     0.1073    -0.0350  0.0030  0.0030  0.0050
2014.5534     0.0972     0.1060    -0.0171  0.0030  0.0030  0.0050
2014.5562     0.0950     0.1106    -0.0213  0.0030  0.0030  0.0050
2014.5589     0.1036     0.1074    -0.0363  0.0030  0.0030  0.0050
2014.5726     0.0980     0.1123    -0.0306  0.0030  0.0030  0.0050
2014.5753     0.1010     0.1089    -0.0299  0.0030  0.0030  0.0050
2014.5781     0.1013     0.1114    -0.0436  0.0030  0.0030  0.0050
2014.5808     0.1022     0.1092    -0.0255  0.0030  0.0030  0.0050
2014.5836     0.1094     0.1109    -0.0369  0.0030  0.0030  0.0050
2014.5863     0.0997     0.1123    -0.0326  0.0030  0.0030  0.0050
2014.5890     0.1018     0.1111    -0.0329  0.0030  0.0030  0.0050
2014.5918     0.1047     0.1119    -0.0310  0.0030  0.0030  0.0050
2014.8466     0.1045     0.1085    -0.0374  0.0030  0.0030  0.0050
2014.8493     0.1111     0.0938    -0.0375  0.0030  0.0030  0.0050
2014.8520     0.1084     0.1038    -0.0476  0.0030  0.0030  0.0050
2014.8548     0.1159     0.1092    -0.0350  0.0030  0.0030  0.0050
2014.8575     0.0959     0.1231    -0.0197  0.0030  0.0030  0.0050
2014.8603     0.1012     0.1200    -0.0266  0.0030  0.0030  0.0050
2014.8630     0.1072     0.1129    -0.0352  0.0030  0.0030  0.0050
2014.8657     0.1068     0.1156    -0.0141  0.0030  0.0030  0.0050
2014.8685     0.1060     0.1109    -0.0344  0.0030  0.0030  0.0050
2014.8712     0.0992     0.1125    -0.0206  0.0030  0.0030  0.0050
2014.8740     0.1042     0.1141    -0.0193  0.0030  0.0030  0.0050
2014.8767     0.1019     0.1128    -0.0305  0.0030  0.0030  0.0050
2014.8794     0.1012     0.1077    -0.0294  0.0030  0.0030  0.0050
2014.8822     0.1079     0.1113    -0.0252  0.0030  0.0030  0.0050
2014.8849     0.1050     0.1078    -0.0383  0.0030  0.0030  0.0050
2014.8904     0.1013     0.1087    -0.0302  0.0030  0.0030  0.0050
2014.8932     0.0996     0.1107    -0.0204  0.0030  0.0030  0.0050
2014.8959     0.1000     0.1128    -0.0299  0.0030  0.0030  0.0050
2014.9014     0.1120     0.1141    -0.0272  0.0030  0.0030  0.0050
2014.9041     0.1070     0.1161    -0.0355  0.0030  0.0030  0.0050
2014.9069     0.1109     0.1217    -0.0380  0.0030  0.0030  0.0050
2014.9096     0.1086     0.1117    -0.0100  0.0030  0.0030  0.0050
2014.9123     0.0986     0.1092    -0.0307  0.0030  0.0030  0.0050
2014.9151     0.1033     0.1156    -0.0344  0.0030  0.0030  0.0050
2014.9178     0.1027     0.1144    -0.0261  0.0030  0.0030  0.0050
2014.9206     0.1024     0.1145    -0.0189  0.0030  0.0030  0.0050
2014.9260     0.1046     0.1147    -0.0312  0.0030  0.0030  0.0050
2014.9288     0.1037     0.1184    -0.0264  0.0030  0.0030  0.0050
2014.9315     0.1041     0.1117    -0.0290  0.0030  0.0030  0.0050
2014.9343     0.1085     0.1106    -0.0324  0.0030  0.0030  0.0050
2014.9370     0.1061     0.1100    -0.0306  0.0030  0.0030  0.0050
2014.9397     0.1004     0.1176    -0.0241  0.0030  0.0030  0.0050
2014.9425     0.0960     0.1108    -0.0319  0.0030  0.0030  0.0050
2014.9452     0.1020     0.1147    -0.0116  0.0030  0.0030  0.0050
2014.9479     0.1004     0.1133    -0.0242  0.0030  0.0030  0.0050
2014.9534     0.1016     0.1201    -0.0276  0.0030  0.0030  0.0050
2014.9562     0.1002     0.1140    -0.0223  0.0030  0.0030  0.0050
2014.9589     0.1067     0.1147    -0.0368  0.0030  0.0030  0.0050
2014.9644     0.1022     0.1112    -0.0184  0.0030  0.0030  0.0050
