# Site ID: CART00COL
# DOMES: 41902M001
# File created: 2020-03-05T10:14:52
# Analysis Centre: ULR Consortium
# Solution code: ULR6B
# Datum: ITRF14 (ellipsoid: GRS80)
#
# Reference epoch: 2004.4973
# X :   1567348.5927 +/- 0.0002 m      VX :   11.33 +/- 0.07 mm/yr
# Y :  -6075293.5355 +/- 0.0005 m      VY :    6.96 +/- 0.16 mm/yr
# Z :   1142850.8036 +/- 0.0002 m      VZ :   10.21 +/- 0.06 mm/yr
#
# Latitude  :   10.39133423 degrees    
# Longitude :  -75.53385375 degrees    
# Height    :    4.0785 m              
#
# Velocity estimates not robust
#
#  Year      DN (m)      DE (m)      DU (m)   SDN     SDE     SDU
2000.0943    -0.0485    -0.0518     0.0148  0.0028  0.0033  0.0106
2000.0970    -0.0441    -0.0533     0.0052  0.0035  0.0041  0.0107
2000.0997    -0.0493    -0.0561    -0.0002  0.0032  0.0037  0.0106
2000.1025    -0.0473    -0.0491     0.0098  0.0033  0.0038  0.0105
2000.1052    -0.0503    -0.0546    -0.0060  0.0030  0.0036  0.0092
2000.1079    -0.0485    -0.0526     0.0150  0.0034  0.0043  0.0105
2000.1107    -0.0437    -0.0519     0.0137  0.0029  0.0035  0.0101
2000.1134    -0.0448    -0.0545     0.0093  0.0030  0.0035  0.0097
2000.1161    -0.0495    -0.0533    -0.0098  0.0040  0.0043  0.0119
2000.1189    -0.0454    -0.0502     0.0073  0.0031  0.0034  0.0096
2000.1216    -0.0488    -0.0566     0.0034  0.0032  0.0038  0.0101
2000.1243    -0.0456    -0.0513     0.0057  0.0033  0.0037  0.0106
2000.1270    -0.0442    -0.0488     0.0032  0.0036  0.0042  0.0100
2000.1298    -0.0473    -0.0515     0.0044  0.0034  0.0037  0.0108
2000.1325    -0.0479    -0.0500     0.0017  0.0039  0.0043  0.0128
2000.1352    -0.0489    -0.0554    -0.0048  0.0033  0.0038  0.0105
2000.1380    -0.0446    -0.0502     0.0002  0.0039  0.0047  0.0106
2000.1407    -0.0457    -0.0501    -0.0034  0.0037  0.0043  0.0114
2000.1434    -0.0445    -0.0504     0.0052  0.0031  0.0036  0.0098
2000.1462    -0.0452    -0.0575     0.0029  0.0037  0.0041  0.0106
2000.1489    -0.0443    -0.0514     0.0103  0.0036  0.0043  0.0121
2000.1516    -0.0444    -0.0538     0.0077  0.0033  0.0038  0.0107
2000.1544    -0.0472    -0.0517    -0.0059  0.0041  0.0046  0.0115
2000.1571    -0.0454    -0.0519     0.0027  0.0040  0.0045  0.0114
2000.1598    -0.0438    -0.0547     0.0059  0.0037  0.0044  0.0104
2000.1626    -0.0467    -0.0501     0.0034  0.0032  0.0037  0.0106
2000.1653    -0.0475    -0.0546     0.0047  0.0039  0.0042  0.0108
2000.1680    -0.0420    -0.0524     0.0117  0.0034  0.0036  0.0097
2000.1708    -0.0448    -0.0560     0.0053  0.0033  0.0039  0.0114
2000.1872    -0.0428    -0.0495     0.0243  0.0034  0.0044  0.0113
2000.1899    -0.0467    -0.0592     0.0117  0.0038  0.0050  0.0123
2000.1926    -0.0471    -0.0498     0.0078  0.0032  0.0038  0.0110
2000.1954    -0.0451    -0.0568     0.0080  0.0031  0.0038  0.0107
2000.1981    -0.0409    -0.0506     0.0111  0.0037  0.0045  0.0131
2000.2008    -0.0482    -0.0508     0.0273  0.0046  0.0051  0.0128
2000.2036    -0.0428    -0.0561     0.0102  0.0032  0.0037  0.0114
2000.2063    -0.0451    -0.0525     0.0199  0.0033  0.0039  0.0115
2000.2090    -0.0409    -0.0495     0.0238  0.0043  0.0050  0.0128
2000.2117    -0.0413    -0.0549     0.0152  0.0036  0.0042  0.0117
2000.2145    -0.0440    -0.0547     0.0279  0.0040  0.0044  0.0138
2000.2172    -0.0464    -0.0543     0.0242  0.0026  0.0030  0.0095
2000.2199    -0.0439    -0.0554     0.0259  0.0036  0.0041  0.0125
2000.2227    -0.0427    -0.0539     0.0127  0.0038  0.0043  0.0106
2000.2254    -0.0442    -0.0509     0.0052  0.0044  0.0052  0.0147
2000.2281    -0.0433    -0.0515     0.0214  0.0042  0.0046  0.0110
2000.2309    -0.0459    -0.0517     0.0129  0.0039  0.0045  0.0112
2000.2336    -0.0442    -0.0551     0.0148  0.0040  0.0044  0.0113
2000.2363    -0.0456    -0.0536     0.0178  0.0031  0.0035  0.0081
2000.2391    -0.0421    -0.0557     0.0206  0.0036  0.0044  0.0107
2000.2418    -0.0426    -0.0580     0.0120  0.0033  0.0040  0.0115
2000.2445    -0.0433    -0.0504     0.0163  0.0042  0.0045  0.0117
2000.2473    -0.0451    -0.0542     0.0154  0.0039  0.0046  0.0137
2000.2500    -0.0403    -0.0546    -0.0010  0.0039  0.0048  0.0149
2000.2527    -0.0468    -0.0518     0.0068  0.0025  0.0028  0.0078
2000.2555    -0.0461    -0.0531     0.0199  0.0034  0.0040  0.0107
2000.2582    -0.0463    -0.0531     0.0026  0.0033  0.0040  0.0110
2000.2609    -0.0445    -0.0542     0.0125  0.0037  0.0048  0.0121
2000.2637    -0.0435    -0.0491     0.0075  0.0042  0.0051  0.0118
2000.2664    -0.0434    -0.0541     0.0117  0.0040  0.0046  0.0114
2000.2691    -0.0467    -0.0465     0.0102  0.0037  0.0042  0.0115
2000.2719    -0.0445    -0.0540     0.0072  0.0040  0.0042  0.0102
2000.2746    -0.0482    -0.0535     0.0116  0.0040  0.0047  0.0103
2000.2773    -0.0427    -0.0499     0.0013  0.0031  0.0038  0.0103
2000.2801    -0.0459    -0.0536     0.0142  0.0029  0.0038  0.0098
2000.2883    -0.0450    -0.0565     0.0085  0.0040  0.0046  0.0103
2000.3019    -0.0440    -0.0515     0.0083  0.0036  0.0041  0.0098
2000.3046    -0.0462    -0.0525     0.0118  0.0037  0.0044  0.0106
2000.3074    -0.0442    -0.0528     0.0055  0.0035  0.0044  0.0099
2000.3101    -0.0464    -0.0523     0.0089  0.0032  0.0036  0.0090
2000.3128    -0.0469    -0.0465     0.0124  0.0036  0.0041  0.0109
2000.3210    -0.0478    -0.0474     0.0168  0.0033  0.0041  0.0111
2000.3265    -0.0455    -0.0548     0.0253  0.0032  0.0037  0.0103
2000.3292    -0.0436    -0.0530     0.0151  0.0031  0.0035  0.0095
2000.3320    -0.0455    -0.0514     0.0137  0.0034  0.0041  0.0109
2000.3347    -0.0440    -0.0513     0.0117  0.0029  0.0036  0.0100
2000.3374    -0.0452    -0.0468     0.0151  0.0034  0.0040  0.0116
2000.3402    -0.0431    -0.0493     0.0109  0.0031  0.0038  0.0113
2000.3429    -0.0473    -0.0466     0.0122  0.0034  0.0043  0.0132
2000.3456    -0.0465    -0.0564     0.0152  0.0037  0.0043  0.0128
2000.3484    -0.0460    -0.0536     0.0281  0.0036  0.0045  0.0124
2000.3511    -0.0489    -0.0506     0.0130  0.0039  0.0048  0.0138
2000.3538    -0.0457    -0.0522     0.0097  0.0034  0.0037  0.0106
2000.3566    -0.0471    -0.0516     0.0119  0.0035  0.0042  0.0107
2000.3593    -0.0445    -0.0500     0.0295  0.0037  0.0041  0.0132
2000.3620    -0.0457    -0.0527     0.0132  0.0030  0.0035  0.0105
2000.3648    -0.0451    -0.0578     0.0124  0.0036  0.0045  0.0137
2000.3675    -0.0490    -0.0495     0.0138  0.0021  0.0026  0.0076
2000.3702    -0.0452    -0.0535     0.0153  0.0030  0.0042  0.0111
2000.3730    -0.0451    -0.0506     0.0061  0.0023  0.0025  0.0072
2000.3757    -0.0468    -0.0469     0.0021  0.0032  0.0042  0.0101
2000.3784    -0.0444    -0.0524     0.0004  0.0035  0.0042  0.0119
2000.3811    -0.0471    -0.0514    -0.0022  0.0039  0.0042  0.0116
2000.3839    -0.0483    -0.0486     0.0060  0.0037  0.0039  0.0101
2000.3866    -0.0434    -0.0479     0.0137  0.0031  0.0039  0.0101
2000.3893    -0.0464    -0.0490     0.0037  0.0038  0.0044  0.0125
2000.3921    -0.0467    -0.0498     0.0001  0.0030  0.0039  0.0104
2000.3948    -0.0467    -0.0535     0.0024  0.0033  0.0039  0.0101
2000.3975    -0.0469    -0.0567     0.0005  0.0039  0.0061  0.0125
2000.4003    -0.0469    -0.0477     0.0020  0.0035  0.0042  0.0106
2000.4030    -0.0469    -0.0533    -0.0030  0.0035  0.0045  0.0115
2000.4057    -0.0463    -0.0511     0.0035  0.0038  0.0044  0.0127
2000.4085    -0.0493    -0.0457    -0.0069  0.0026  0.0033  0.0084
2000.4112    -0.0474    -0.0521     0.0046  0.0035  0.0039  0.0100
2000.4139    -0.0455    -0.0491     0.0041  0.0034  0.0040  0.0092
2000.4167    -0.0454    -0.0487     0.0113  0.0029  0.0037  0.0100
2000.4194    -0.0429    -0.0478     0.0082  0.0029  0.0035  0.0110
2000.4221    -0.0435    -0.0511     0.0006  0.0031  0.0044  0.0108
2000.4249    -0.0459    -0.0522     0.0107  0.0030  0.0034  0.0105
2000.4276    -0.0496    -0.0488     0.0032  0.0030  0.0034  0.0103
2000.4303    -0.0454    -0.0521     0.0131  0.0031  0.0037  0.0112
2000.4331    -0.0426    -0.0507    -0.0010  0.0034  0.0042  0.0128
2000.4358    -0.0454    -0.0493     0.0010  0.0031  0.0037  0.0105
2000.4385    -0.0442    -0.0546     0.0096  0.0030  0.0035  0.0101
2000.4413    -0.0481    -0.0491     0.0085  0.0024  0.0026  0.0070
2000.4522    -0.0453    -0.0517     0.0091  0.0024  0.0030  0.0083
2000.4549    -0.0450    -0.0525     0.0080  0.0028  0.0034  0.0103
2000.4577    -0.0448    -0.0486     0.0053  0.0030  0.0035  0.0106
2000.4604    -0.0464    -0.0519    -0.0105  0.0039  0.0053  0.0132
2000.4631    -0.0421    -0.0448     0.0120  0.0028  0.0033  0.0096
2000.4658    -0.0460    -0.0507    -0.0021  0.0032  0.0044  0.0115
2000.4686    -0.0427    -0.0517     0.0113  0.0027  0.0044  0.0101
2000.4713    -0.0432    -0.0499     0.0122  0.0030  0.0038  0.0110
2000.4740    -0.0438    -0.0547    -0.0024  0.0034  0.0047  0.0130
2000.4768    -0.0429    -0.0464     0.0081  0.0036  0.0055  0.0146
2000.4795    -0.0422    -0.0501    -0.0047  0.0024  0.0030  0.0081
2000.4822    -0.0457    -0.0537     0.0012  0.0028  0.0032  0.0090
2000.4850    -0.0424    -0.0493     0.0125  0.0032  0.0037  0.0103
2000.4877    -0.0452    -0.0461     0.0005  0.0029  0.0034  0.0095
2000.4904    -0.0454    -0.0474     0.0072  0.0023  0.0032  0.0077
2000.4932    -0.0416    -0.0520    -0.0028  0.0029  0.0030  0.0094
2000.4959    -0.0437    -0.0541     0.0039  0.0022  0.0027  0.0078
2000.4986    -0.0423    -0.0507     0.0088  0.0027  0.0033  0.0089
2000.5014    -0.0448    -0.0473     0.0106  0.0032  0.0041  0.0106
2000.5041    -0.0432    -0.0490     0.0077  0.0031  0.0037  0.0103
2000.5068    -0.0468    -0.0514     0.0030  0.0023  0.0028  0.0084
2000.5096    -0.0447    -0.0529     0.0037  0.0031  0.0040  0.0118
2000.5123    -0.0444    -0.0546     0.0066  0.0030  0.0038  0.0105
2000.5150    -0.0451    -0.0496    -0.0003  0.0033  0.0040  0.0121
2000.5178    -0.0464    -0.0508     0.0013  0.0027  0.0032  0.0095
2000.5205    -0.0470    -0.0498    -0.0041  0.0030  0.0039  0.0103
2000.5232    -0.0436    -0.0486    -0.0063  0.0023  0.0027  0.0069
2000.5260    -0.0430    -0.0490    -0.0021  0.0029  0.0036  0.0098
2000.5287    -0.0450    -0.0529    -0.0046  0.0028  0.0038  0.0101
2000.5314    -0.0439    -0.0499     0.0057  0.0022  0.0027  0.0077
2000.5342    -0.0459    -0.0481     0.0115  0.0034  0.0044  0.0125
2000.5369    -0.0438    -0.0537    -0.0084  0.0032  0.0040  0.0110
2000.5396    -0.0426    -0.0484     0.0036  0.0029  0.0035  0.0099
2000.5423    -0.0442    -0.0551     0.0065  0.0030  0.0033  0.0106
2000.5451    -0.0422    -0.0495     0.0067  0.0027  0.0034  0.0083
2000.5478    -0.0445    -0.0476    -0.0013  0.0030  0.0039  0.0123
2000.5505    -0.0431    -0.0469     0.0252  0.0039  0.0051  0.0155
2000.5533    -0.0456    -0.0517    -0.0061  0.0035  0.0046  0.0141
2000.5560    -0.0443    -0.0511     0.0189  0.0042  0.0055  0.0134
2000.5587    -0.0461    -0.0462     0.0103  0.0022  0.0030  0.0074
2000.5615    -0.0457    -0.0504     0.0068  0.0030  0.0040  0.0102
2000.5642    -0.0457    -0.0498    -0.0051  0.0022  0.0027  0.0074
2000.5669    -0.0443    -0.0480     0.0084  0.0023  0.0028  0.0077
2000.5697    -0.0399    -0.0441     0.0116  0.0033  0.0044  0.0117
2000.5724    -0.0468    -0.0427     0.0110  0.0039  0.0048  0.0119
2000.5751    -0.0436    -0.0502     0.0027  0.0030  0.0032  0.0083
2000.5779    -0.0424    -0.0499     0.0054  0.0032  0.0039  0.0107
2000.5806    -0.0412    -0.0465    -0.0096  0.0029  0.0034  0.0099
2000.5833    -0.0445    -0.0562    -0.0043  0.0033  0.0046  0.0118
2000.5861    -0.0451    -0.0491    -0.0013  0.0023  0.0027  0.0078
2000.5888    -0.0439    -0.0462    -0.0062  0.0025  0.0031  0.0084
2000.5915    -0.0437    -0.0554     0.0114  0.0033  0.0044  0.0119
2000.5943    -0.0460    -0.0493     0.0059  0.0026  0.0034  0.0088
2000.5970    -0.0455    -0.0490     0.0084  0.0034  0.0045  0.0119
2000.5997    -0.0446    -0.0518     0.0153  0.0024  0.0030  0.0081
2000.6025    -0.0437    -0.0516    -0.0038  0.0021  0.0026  0.0064
2000.6052    -0.0479    -0.0535    -0.0047  0.0026  0.0033  0.0093
2000.6079    -0.0445    -0.0475    -0.0044  0.0034  0.0042  0.0113
2000.6107    -0.0440    -0.0480    -0.0163  0.0035  0.0059  0.0120
2000.6134    -0.0431    -0.0540     0.0012  0.0031  0.0040  0.0113
2000.6161    -0.0441    -0.0498    -0.0021  0.0039  0.0061  0.0148
2000.6189    -0.0415    -0.0491    -0.0022  0.0029  0.0036  0.0101
2000.6216    -0.0409    -0.0472     0.0060  0.0030  0.0038  0.0103
2000.6243    -0.0402    -0.0482     0.0046  0.0028  0.0032  0.0091
2000.6270    -0.0382    -0.0460     0.0002  0.0039  0.0045  0.0121
2000.6298    -0.0422    -0.0519     0.0037  0.0031  0.0038  0.0106
2000.6325    -0.0424    -0.0500     0.0009  0.0031  0.0038  0.0096
2000.6352    -0.0404    -0.0488     0.0037  0.0031  0.0035  0.0095
2000.6380    -0.0434    -0.0491     0.0013  0.0031  0.0036  0.0097
2000.6407    -0.0410    -0.0531    -0.0072  0.0033  0.0047  0.0115
2000.6434    -0.0418    -0.0506    -0.0027  0.0027  0.0035  0.0084
2000.6462    -0.0490    -0.0496     0.0001  0.0026  0.0034  0.0086
2000.6489    -0.0436    -0.0559     0.0206  0.0032  0.0040  0.0111
2000.6516    -0.0416    -0.0459     0.0082  0.0036  0.0039  0.0103
2000.6544    -0.0390    -0.0495     0.0042  0.0029  0.0036  0.0101
2000.6571    -0.0390    -0.0553    -0.0073  0.0027  0.0036  0.0104
2000.6598    -0.0406    -0.0514     0.0016  0.0034  0.0046  0.0127
2000.6680    -0.0348    -0.0485     0.0036  0.0040  0.0049  0.0130
2000.6708    -0.0398    -0.0607     0.0049  0.0043  0.0063  0.0136
2000.6735    -0.0351    -0.0520     0.0038  0.0040  0.0055  0.0125
2000.6762    -0.0428    -0.0536     0.0001  0.0035  0.0047  0.0106
2000.6790    -0.0369    -0.0511     0.0027  0.0044  0.0062  0.0116
2000.6817    -0.0396    -0.0521     0.0058  0.0040  0.0049  0.0111
2000.6844    -0.0390    -0.0515    -0.0028  0.0040  0.0052  0.0141
2000.6872    -0.0377    -0.0539    -0.0001  0.0045  0.0072  0.0155
2000.6899    -0.0400    -0.0540    -0.0045  0.0040  0.0062  0.0137
2000.6926    -0.0421    -0.0491     0.0091  0.0049  0.0066  0.0164
2000.6954    -0.0450    -0.0473     0.0169  0.0041  0.0061  0.0156
2000.6981    -0.0393    -0.0541     0.0086  0.0031  0.0038  0.0104
2000.7008    -0.0449    -0.0589     0.0093  0.0030  0.0043  0.0109
2000.7036    -0.0378    -0.0654     0.0086  0.0037  0.0052  0.0141
2000.7063    -0.0394    -0.0532     0.0004  0.0037  0.0049  0.0133
2000.7117    -0.0385    -0.0486     0.0009  0.0037  0.0042  0.0115
2000.7145    -0.0391    -0.0494    -0.0085  0.0035  0.0045  0.0129
2000.7172    -0.0401    -0.0524     0.0024  0.0024  0.0029  0.0082
2000.7199    -0.0387    -0.0531     0.0051  0.0030  0.0036  0.0110
2000.7227    -0.0413    -0.0468     0.0028  0.0030  0.0043  0.0108
2000.7254    -0.0395    -0.0471     0.0054  0.0032  0.0040  0.0111
2000.7281    -0.0413    -0.0501    -0.0039  0.0033  0.0040  0.0117
2000.7309    -0.0394    -0.0465     0.0006  0.0024  0.0028  0.0076
2000.7336    -0.0431    -0.0496     0.0048  0.0021  0.0026  0.0066
2000.7391    -0.0323    -0.0534    -0.0105  0.0046  0.0057  0.0163
2000.7527    -0.0433    -0.0466    -0.0019  0.0033  0.0043  0.0111
2000.7555    -0.0412    -0.0456    -0.0101  0.0041  0.0053  0.0121
2000.7582    -0.0404    -0.0508    -0.0054  0.0041  0.0048  0.0113
2000.7609    -0.0391    -0.0467    -0.0065  0.0032  0.0040  0.0113
2000.7637    -0.0413    -0.0487    -0.0118  0.0030  0.0040  0.0098
2000.7664    -0.0407    -0.0487     0.0030  0.0034  0.0053  0.0129
2000.7691    -0.0399    -0.0483     0.0061  0.0037  0.0045  0.0115
2000.7719    -0.0385    -0.0477    -0.0082  0.0033  0.0040  0.0122
2000.7746    -0.0384    -0.0467     0.0004  0.0022  0.0025  0.0067
2000.7773    -0.0406    -0.0488     0.0080  0.0030  0.0041  0.0101
2000.7801    -0.0377    -0.0527     0.0016  0.0032  0.0038  0.0104
2000.7828    -0.0387    -0.0504     0.0130  0.0025  0.0029  0.0083
2000.7855    -0.0381    -0.0503     0.0178  0.0031  0.0038  0.0114
2000.7883    -0.0373    -0.0497    -0.0041  0.0029  0.0037  0.0101
2000.7910    -0.0393    -0.0501     0.0105  0.0033  0.0037  0.0121
2000.7937    -0.0375    -0.0459     0.0015  0.0039  0.0042  0.0107
2000.7964    -0.0389    -0.0462     0.0033  0.0031  0.0039  0.0103
2000.7992    -0.0416    -0.0464     0.0027  0.0034  0.0041  0.0115
2000.8019    -0.0362    -0.0437    -0.0036  0.0036  0.0043  0.0122
2000.8046    -0.0424    -0.0521    -0.0089  0.0038  0.0050  0.0129
2000.8074    -0.0381    -0.0520    -0.0014  0.0039  0.0052  0.0140
2000.8101    -0.0423    -0.0504    -0.0024  0.0036  0.0044  0.0130
2000.8128    -0.0455    -0.0537    -0.0005  0.0040  0.0049  0.0109
2000.8156    -0.0428    -0.0448     0.0023  0.0040  0.0049  0.0142
2000.8183    -0.0340    -0.0450     0.0112  0.0047  0.0057  0.0145
2000.8210    -0.0424    -0.0565     0.0072  0.0028  0.0038  0.0094
2000.8238    -0.0399    -0.0470     0.0089  0.0033  0.0039  0.0110
2000.8265    -0.0410    -0.0502     0.0026  0.0034  0.0039  0.0123
2000.8292    -0.0416    -0.0463     0.0027  0.0032  0.0039  0.0119
2000.8320    -0.0419    -0.0510    -0.0043  0.0037  0.0043  0.0143
2000.8347    -0.0415    -0.0513    -0.0125  0.0031  0.0041  0.0111
2000.8374    -0.0452    -0.0522    -0.0221  0.0039  0.0048  0.0157
2000.8402    -0.0374    -0.0487     0.0057  0.0028  0.0034  0.0109
2000.8429    -0.0439    -0.0475    -0.0044  0.0032  0.0040  0.0118
2000.8456    -0.0419    -0.0536     0.0000  0.0039  0.0049  0.0131
2000.8484    -0.0391    -0.0445    -0.0030  0.0040  0.0052  0.0159
2000.8511    -0.0407    -0.0449    -0.0005  0.0032  0.0039  0.0120
2000.8538    -0.0408    -0.0473    -0.0009  0.0035  0.0043  0.0122
2000.8566    -0.0403    -0.0502     0.0012  0.0035  0.0041  0.0130
2000.8593    -0.0352    -0.0478    -0.0044  0.0033  0.0043  0.0121
2000.8620    -0.0408    -0.0486    -0.0077  0.0036  0.0044  0.0139
2000.8648    -0.0439    -0.0427     0.0075  0.0030  0.0037  0.0099
2000.8675    -0.0395    -0.0453    -0.0083  0.0025  0.0028  0.0076
2000.8702    -0.0373    -0.0521     0.0077  0.0039  0.0043  0.0122
2000.8730    -0.0420    -0.0450    -0.0018  0.0034  0.0038  0.0108
2000.8757    -0.0398    -0.0468    -0.0042  0.0033  0.0038  0.0092
2000.8784    -0.0428    -0.0456    -0.0012  0.0033  0.0039  0.0091
2000.8811    -0.0403    -0.0466    -0.0004  0.0035  0.0041  0.0109
2000.8839    -0.0418    -0.0468     0.0065  0.0025  0.0029  0.0086
2000.8866    -0.0398    -0.0505     0.0051  0.0028  0.0037  0.0100
2000.8893    -0.0389    -0.0459     0.0044  0.0029  0.0033  0.0095
2000.8921    -0.0389    -0.0446     0.0050  0.0030  0.0041  0.0101
2000.8948    -0.0424    -0.0470     0.0027  0.0029  0.0035  0.0096
2000.8975    -0.0401    -0.0415    -0.0106  0.0023  0.0030  0.0082
2000.9003    -0.0395    -0.0484     0.0062  0.0030  0.0035  0.0094
2000.9030    -0.0422    -0.0450     0.0090  0.0034  0.0046  0.0121
2000.9057    -0.0406    -0.0445    -0.0018  0.0035  0.0044  0.0125
2000.9085    -0.0378    -0.0469    -0.0043  0.0032  0.0038  0.0109
2000.9112    -0.0366    -0.0494    -0.0008  0.0035  0.0042  0.0109
2000.9139    -0.0369    -0.0497    -0.0050  0.0028  0.0032  0.0077
2000.9167    -0.0393    -0.0438     0.0034  0.0024  0.0029  0.0083
2000.9194    -0.0374    -0.0476     0.0054  0.0028  0.0035  0.0105
2000.9221    -0.0380    -0.0425     0.0104  0.0041  0.0049  0.0136
2000.9249    -0.0359    -0.0539    -0.0069  0.0032  0.0040  0.0112
2000.9276    -0.0397    -0.0460    -0.0005  0.0032  0.0038  0.0114
2000.9303    -0.0387    -0.0492     0.0116  0.0032  0.0035  0.0109
2000.9331    -0.0384    -0.0447     0.0091  0.0034  0.0037  0.0117
2000.9358    -0.0400    -0.0442     0.0005  0.0036  0.0042  0.0123
2000.9385    -0.0418    -0.0489     0.0019  0.0030  0.0034  0.0090
2000.9413    -0.0365    -0.0470     0.0060  0.0020  0.0023  0.0065
2000.9440    -0.0357    -0.0426     0.0081  0.0029  0.0031  0.0086
2000.9467    -0.0383    -0.0451     0.0040  0.0025  0.0028  0.0084
2000.9495    -0.0366    -0.0461    -0.0012  0.0027  0.0030  0.0095
2000.9522    -0.0356    -0.0464     0.0117  0.0026  0.0029  0.0088
2000.9549    -0.0415    -0.0502     0.0006  0.0029  0.0032  0.0101
2000.9577    -0.0401    -0.0470     0.0070  0.0028  0.0029  0.0087
2000.9604    -0.0353    -0.0478     0.0179  0.0024  0.0028  0.0077
2000.9686    -0.0389    -0.0471     0.0172  0.0036  0.0044  0.0113
2000.9713    -0.0357    -0.0452     0.0057  0.0033  0.0036  0.0090
2000.9740    -0.0385    -0.0445     0.0108  0.0030  0.0033  0.0087
2000.9768    -0.0389    -0.0456     0.0059  0.0027  0.0036  0.0092
2000.9795    -0.0365    -0.0453     0.0063  0.0030  0.0033  0.0095
2000.9822    -0.0348    -0.0454     0.0182  0.0032  0.0035  0.0103
2000.9850    -0.0378    -0.0457     0.0182  0.0033  0.0035  0.0111
2000.9877    -0.0349    -0.0479     0.0089  0.0030  0.0032  0.0092
2000.9904    -0.0415    -0.0494     0.0192  0.0032  0.0038  0.0113
2000.9932    -0.0444    -0.0515     0.0161  0.0033  0.0042  0.0126
2000.9959    -0.0373    -0.0468     0.0051  0.0031  0.0034  0.0108
2000.9986    -0.0377    -0.0465    -0.0033  0.0031  0.0034  0.0091
2001.0014    -0.0364    -0.0456     0.0005  0.0028  0.0031  0.0086
2001.0041    -0.0381    -0.0455     0.0051  0.0023  0.0025  0.0066
2001.0068    -0.0389    -0.0492     0.0067  0.0028  0.0031  0.0084
2001.0096    -0.0362    -0.0493     0.0078  0.0032  0.0043  0.0112
2001.0123    -0.0373    -0.0403    -0.0026  0.0028  0.0033  0.0096
2001.0151    -0.0374    -0.0488     0.0148  0.0030  0.0041  0.0102
2001.0178    -0.0359    -0.0434    -0.0003  0.0027  0.0033  0.0094
2001.0205    -0.0382    -0.0442     0.0057  0.0033  0.0037  0.0087
2001.0233    -0.0371    -0.0462     0.0040  0.0033  0.0037  0.0088
2001.0260    -0.0343    -0.0487     0.0133  0.0032  0.0041  0.0113
2001.0288    -0.0384    -0.0443     0.0032  0.0038  0.0041  0.0104
2001.0315    -0.0383    -0.0438     0.0024  0.0034  0.0035  0.0089
2001.0342    -0.0347    -0.0460     0.0035  0.0032  0.0035  0.0089
2001.0370    -0.0343    -0.0401     0.0109  0.0029  0.0034  0.0088
2001.0397    -0.0367    -0.0403     0.0020  0.0033  0.0037  0.0092
2001.0425    -0.0402    -0.0444     0.0046  0.0028  0.0032  0.0091
2001.0452    -0.0369    -0.0445     0.0031  0.0033  0.0036  0.0101
2001.0479    -0.0352    -0.0459     0.0036  0.0029  0.0032  0.0095
2001.0507    -0.0356    -0.0448     0.0071  0.0026  0.0030  0.0086
2001.0534    -0.0382    -0.0430     0.0147  0.0022  0.0026  0.0079
2001.0562    -0.0346    -0.0408     0.0153  0.0036  0.0041  0.0123
2001.0589    -0.0365    -0.0399     0.0152  0.0035  0.0041  0.0125
2001.0616    -0.0317    -0.0429    -0.0001  0.0039  0.0043  0.0114
2001.0644    -0.0385    -0.0458    -0.0049  0.0033  0.0037  0.0098
2001.0671    -0.0344    -0.0453     0.0034  0.0031  0.0035  0.0102
2001.0699    -0.0381    -0.0512     0.0099  0.0038  0.0045  0.0091
2001.0726    -0.0364    -0.0461    -0.0055  0.0036  0.0036  0.0092
2001.0753    -0.0385    -0.0411     0.0042  0.0032  0.0037  0.0094
2001.0781    -0.0356    -0.0447     0.0033  0.0033  0.0036  0.0088
2001.0808    -0.0357    -0.0432     0.0003  0.0031  0.0035  0.0086
2001.0836    -0.0335    -0.0420     0.0034  0.0033  0.0042  0.0102
2001.0863    -0.0376    -0.0412     0.0014  0.0030  0.0036  0.0095
2001.0890    -0.0355    -0.0455     0.0060  0.0032  0.0036  0.0087
2001.0918    -0.0356    -0.0460     0.0004  0.0033  0.0037  0.0087
2001.0945    -0.0318    -0.0450     0.0101  0.0034  0.0038  0.0095
2001.0973    -0.0349    -0.0431     0.0025  0.0036  0.0039  0.0095
2001.1000    -0.0344    -0.0445     0.0041  0.0028  0.0032  0.0094
2001.1027    -0.0366    -0.0460     0.0000  0.0028  0.0034  0.0093
2001.1055    -0.0342    -0.0472     0.0018  0.0032  0.0035  0.0092
2001.1082    -0.0346    -0.0423     0.0086  0.0037  0.0038  0.0096
2001.1110    -0.0362    -0.0429     0.0075  0.0036  0.0043  0.0102
2001.1137    -0.0364    -0.0444     0.0128  0.0039  0.0041  0.0116
2001.1164    -0.0345    -0.0404     0.0115  0.0036  0.0039  0.0098
2001.1192    -0.0349    -0.0418     0.0072  0.0027  0.0035  0.0090
2001.1219    -0.0354    -0.0402     0.0082  0.0028  0.0034  0.0091
2001.1247    -0.0339    -0.0415     0.0069  0.0022  0.0026  0.0070
2001.1274    -0.0328    -0.0404     0.0172  0.0035  0.0046  0.0124
2001.1301    -0.0351    -0.0432     0.0097  0.0033  0.0039  0.0103
2001.1329    -0.0363    -0.0421     0.0003  0.0026  0.0029  0.0077
2001.1356    -0.0399    -0.0441    -0.0047  0.0036  0.0040  0.0112
2001.1521    -0.0338    -0.0404     0.0022  0.0039  0.0048  0.0111
2001.1548    -0.0376    -0.0409     0.0082  0.0032  0.0040  0.0104
2001.1575    -0.0397    -0.0462     0.0123  0.0033  0.0045  0.0121
2001.1603    -0.0349    -0.0450     0.0076  0.0023  0.0028  0.0073
2001.1630    -0.0364    -0.0362     0.0001  0.0036  0.0067  0.0108
2001.1658    -0.0358    -0.0399    -0.0009  0.0032  0.0037  0.0094
2001.1685    -0.0368    -0.0428     0.0077  0.0032  0.0038  0.0098
2001.1712    -0.0392    -0.0423     0.0059  0.0035  0.0040  0.0103
2001.1740    -0.0359    -0.0398    -0.0015  0.0035  0.0041  0.0105
2001.1767    -0.0330    -0.0448     0.0063  0.0033  0.0037  0.0096
2001.1795    -0.0346    -0.0405    -0.0013  0.0036  0.0039  0.0113
2001.1822    -0.0349    -0.0450     0.0145  0.0034  0.0040  0.0117
2001.1849    -0.0335    -0.0442     0.0067  0.0033  0.0039  0.0097
2001.1877    -0.0366    -0.0430     0.0098  0.0034  0.0039  0.0101
2001.1904    -0.0349    -0.0426     0.0090  0.0021  0.0026  0.0071
2001.1932    -0.0350    -0.0429     0.0063  0.0040  0.0048  0.0115
2001.1959    -0.0365    -0.0404     0.0046  0.0032  0.0043  0.0099
2001.1986    -0.0351    -0.0484     0.0153  0.0030  0.0035  0.0098
2001.2014    -0.0325    -0.0477     0.0036  0.0032  0.0040  0.0112
2001.2041    -0.0350    -0.0445     0.0178  0.0033  0.0039  0.0112
2001.2068    -0.0356    -0.0425    -0.0043  0.0033  0.0040  0.0130
2001.2096    -0.0360    -0.0465     0.0163  0.0035  0.0038  0.0105
2001.2123    -0.0382    -0.0431     0.0069  0.0033  0.0039  0.0101
2001.2151    -0.0340    -0.0378     0.0145  0.0030  0.0034  0.0092
2001.2178    -0.0341    -0.0462     0.0102  0.0032  0.0038  0.0099
2001.2205    -0.0310    -0.0441     0.0110  0.0034  0.0043  0.0095
2001.2233    -0.0294    -0.0418     0.0113  0.0040  0.0051  0.0123
2001.2260    -0.0348    -0.0396     0.0090  0.0030  0.0035  0.0091
2001.2288    -0.0347    -0.0425     0.0125  0.0029  0.0034  0.0095
2001.2315    -0.0339    -0.0456     0.0167  0.0038  0.0046  0.0104
2001.2342    -0.0330    -0.0424     0.0154  0.0037  0.0049  0.0117
2001.2370    -0.0380    -0.0401     0.0022  0.0037  0.0043  0.0126
2001.2397    -0.0354    -0.0421     0.0043  0.0025  0.0030  0.0075
2001.2425    -0.0320    -0.0475     0.0094  0.0023  0.0028  0.0077
2001.2452    -0.0360    -0.0405     0.0053  0.0033  0.0040  0.0112
2001.2479    -0.0355    -0.0400     0.0113  0.0031  0.0038  0.0099
2001.2507    -0.0335    -0.0387     0.0160  0.0028  0.0034  0.0095
2001.2534    -0.0355    -0.0421     0.0113  0.0026  0.0031  0.0088
2001.2562    -0.0341    -0.0406     0.0103  0.0034  0.0038  0.0103
2001.2589    -0.0343    -0.0490     0.0067  0.0026  0.0035  0.0082
2001.2616    -0.0330    -0.0491     0.0080  0.0036  0.0042  0.0112
2001.2644    -0.0361    -0.0429     0.0093  0.0026  0.0031  0.0076
2001.2671    -0.0330    -0.0425     0.0072  0.0023  0.0027  0.0075
2001.2699    -0.0335    -0.0460     0.0167  0.0033  0.0042  0.0117
2001.2726    -0.0335    -0.0408     0.0084  0.0030  0.0037  0.0102
2001.2753    -0.0337    -0.0456     0.0077  0.0036  0.0045  0.0102
2001.2781    -0.0329    -0.0381     0.0033  0.0037  0.0044  0.0116
2001.2808    -0.0309    -0.0392     0.0150  0.0037  0.0043  0.0118
2001.2836    -0.0328    -0.0420     0.0102  0.0033  0.0038  0.0108
2001.2918    -0.0377    -0.0411     0.0046  0.0036  0.0040  0.0118
2001.2945    -0.0368    -0.0391     0.0122  0.0026  0.0031  0.0080
2001.2973    -0.0372    -0.0407     0.0102  0.0030  0.0034  0.0103
2001.3000    -0.0345    -0.0405     0.0124  0.0029  0.0034  0.0097
2001.3027    -0.0341    -0.0432     0.0142  0.0027  0.0031  0.0076
2001.3055    -0.0350    -0.0433     0.0197  0.0029  0.0032  0.0085
2001.3082    -0.0384    -0.0445     0.0195  0.0034  0.0040  0.0118
2001.3110    -0.0396    -0.0407     0.0046  0.0031  0.0035  0.0103
2001.3137    -0.0336    -0.0420     0.0066  0.0027  0.0031  0.0080
2001.3164    -0.0345    -0.0451     0.0084  0.0031  0.0039  0.0105
2001.3192    -0.0343    -0.0413     0.0116  0.0022  0.0027  0.0072
2001.3219    -0.0379    -0.0464     0.0051  0.0032  0.0039  0.0102
2001.3247    -0.0344    -0.0394     0.0054  0.0040  0.0046  0.0116
2001.3274    -0.0332    -0.0412     0.0064  0.0036  0.0038  0.0105
2001.3301    -0.0347    -0.0420     0.0031  0.0040  0.0045  0.0109
2001.3329    -0.0292    -0.0404     0.0094  0.0036  0.0041  0.0104
2001.3356    -0.0334    -0.0392     0.0009  0.0035  0.0041  0.0102
2001.3384    -0.0321    -0.0376     0.0068  0.0033  0.0038  0.0111
2001.3411    -0.0325    -0.0449     0.0088  0.0022  0.0025  0.0071
2001.3438    -0.0331    -0.0401    -0.0002  0.0028  0.0034  0.0093
2001.3466    -0.0332    -0.0393     0.0032  0.0021  0.0026  0.0071
2001.3493    -0.0350    -0.0385     0.0141  0.0037  0.0043  0.0132
2001.3521    -0.0376    -0.0372    -0.0006  0.0038  0.0047  0.0129
2001.3548    -0.0320    -0.0396     0.0097  0.0037  0.0042  0.0107
2001.3575    -0.0347    -0.0406    -0.0049  0.0030  0.0037  0.0109
2001.3603    -0.0365    -0.0350     0.0096  0.0031  0.0045  0.0110
2001.3630    -0.0371    -0.0403     0.0022  0.0036  0.0046  0.0123
2001.3658    -0.0341    -0.0386     0.0111  0.0022  0.0027  0.0080
2001.3685    -0.0344    -0.0418     0.0026  0.0031  0.0037  0.0103
2001.3712    -0.0336    -0.0371     0.0007  0.0029  0.0038  0.0103
2001.3740    -0.0351    -0.0373     0.0106  0.0024  0.0027  0.0067
2001.3767    -0.0314    -0.0409     0.0131  0.0026  0.0031  0.0090
2001.3795    -0.0338    -0.0368     0.0059  0.0027  0.0031  0.0091
2001.3822    -0.0339    -0.0356     0.0058  0.0020  0.0025  0.0068
2001.3849    -0.0301    -0.0380     0.0083  0.0022  0.0026  0.0074
2001.3877    -0.0312    -0.0375     0.0077  0.0031  0.0037  0.0104
2001.3904    -0.0319    -0.0332     0.0093  0.0029  0.0037  0.0111
2001.3932    -0.0334    -0.0405     0.0215  0.0033  0.0040  0.0124
2001.3959    -0.0305    -0.0407     0.0108  0.0034  0.0048  0.0131
2001.3986    -0.0331    -0.0356    -0.0066  0.0035  0.0044  0.0123
2001.4014    -0.0328    -0.0324     0.0010  0.0035  0.0041  0.0120
2001.4041    -0.0324    -0.0339     0.0050  0.0033  0.0040  0.0107
2001.4068    -0.0387    -0.0342     0.0079  0.0038  0.0049  0.0131
2001.4123    -0.0335    -0.0384     0.0049  0.0037  0.0044  0.0120
2001.4151    -0.0321    -0.0408     0.0198  0.0032  0.0039  0.0113
2001.4178    -0.0345    -0.0406     0.0054  0.0041  0.0052  0.0165
2001.4205    -0.0318    -0.0396     0.0053  0.0032  0.0039  0.0116
2001.4233    -0.0316    -0.0378     0.0040  0.0029  0.0035  0.0104
2001.4260    -0.0326    -0.0373     0.0090  0.0034  0.0039  0.0105
2001.4288    -0.0309    -0.0416    -0.0025  0.0030  0.0038  0.0113
2001.4315    -0.0308    -0.0383     0.0111  0.0030  0.0035  0.0102
2001.5986    -0.0305    -0.0411     0.0042  0.0028  0.0033  0.0095
2001.6863    -0.0314    -0.0444     0.0006  0.0037  0.0044  0.0140
2001.6890    -0.0267    -0.0433    -0.0115  0.0042  0.0050  0.0156
2001.6918    -0.0329    -0.0367     0.0075  0.0035  0.0043  0.0123
2001.6945    -0.0288    -0.0334     0.0042  0.0042  0.0051  0.0124
2001.6973    -0.0238    -0.0468    -0.0075  0.0034  0.0042  0.0108
2001.7000    -0.0246    -0.0323     0.0175  0.0039  0.0045  0.0128
2001.7027    -0.0304    -0.0361    -0.0011  0.0033  0.0042  0.0116
2001.7055    -0.0311    -0.0341     0.0100  0.0039  0.0038  0.0101
2001.7082    -0.0319    -0.0371    -0.0034  0.0032  0.0038  0.0092
2001.7110    -0.0266    -0.0368     0.0144  0.0038  0.0041  0.0114
2001.7137    -0.0293    -0.0335     0.0077  0.0038  0.0042  0.0118
2001.7164    -0.0241    -0.0357     0.0029  0.0025  0.0029  0.0077
2001.7192    -0.0278    -0.0393    -0.0131  0.0041  0.0049  0.0126
2001.7219    -0.0230    -0.0397    -0.0009  0.0039  0.0043  0.0116
2001.7247    -0.0304    -0.0396    -0.0189  0.0040  0.0050  0.0126
2001.7274    -0.0256    -0.0401     0.0019  0.0042  0.0046  0.0115
2001.7301    -0.0261    -0.0369    -0.0029  0.0026  0.0031  0.0076
2001.7329    -0.0304    -0.0416    -0.0057  0.0037  0.0049  0.0122
2001.7356    -0.0316    -0.0361    -0.0104  0.0036  0.0046  0.0115
2001.7384    -0.0275    -0.0400     0.0068  0.0030  0.0039  0.0103
2001.7411    -0.0284    -0.0354     0.0095  0.0031  0.0039  0.0106
2001.7438    -0.0297    -0.0360     0.0099  0.0024  0.0031  0.0069
2001.7466    -0.0289    -0.0390     0.0068  0.0024  0.0032  0.0080
2001.7493    -0.0290    -0.0391    -0.0041  0.0028  0.0039  0.0096
2001.7521    -0.0291    -0.0383    -0.0025  0.0031  0.0042  0.0102
2001.7548    -0.0355    -0.0399     0.0059  0.0032  0.0048  0.0124
2001.7575    -0.0297    -0.0424    -0.0013  0.0033  0.0040  0.0117
2001.7603    -0.0266    -0.0382    -0.0096  0.0036  0.0058  0.0120
2001.7630    -0.0321    -0.0388     0.0058  0.0037  0.0044  0.0125
2001.7658    -0.0316    -0.0372    -0.0007  0.0036  0.0043  0.0126
2001.7685    -0.0306    -0.0355    -0.0101  0.0035  0.0043  0.0123
2001.7712    -0.0316    -0.0367    -0.0007  0.0040  0.0047  0.0120
2001.7740    -0.0303    -0.0375     0.0099  0.0028  0.0033  0.0083
2001.7767    -0.0276    -0.0417     0.0225  0.0037  0.0049  0.0146
2001.7795    -0.0245    -0.0335    -0.0034  0.0031  0.0042  0.0112
2001.7904    -0.0295    -0.0346    -0.0002  0.0026  0.0033  0.0096
2001.7932    -0.0298    -0.0367    -0.0045  0.0047  0.0059  0.0181
2001.7959    -0.0284    -0.0403     0.0104  0.0032  0.0038  0.0102
2001.7986    -0.0290    -0.0357     0.0216  0.0034  0.0040  0.0107
2001.8014    -0.0307    -0.0369     0.0003  0.0028  0.0032  0.0089
2001.8041    -0.0286    -0.0319    -0.0012  0.0037  0.0045  0.0121
2001.8068    -0.0304    -0.0426    -0.0115  0.0046  0.0056  0.0155
2001.8096    -0.0290    -0.0384     0.0030  0.0024  0.0030  0.0084
2001.8123    -0.0309    -0.0379     0.0133  0.0040  0.0055  0.0155
2001.8151    -0.0260    -0.0334     0.0026  0.0038  0.0047  0.0111
2001.8178    -0.0285    -0.0397     0.0121  0.0027  0.0031  0.0083
2001.8205    -0.0284    -0.0371    -0.0052  0.0037  0.0042  0.0115
2001.8233    -0.0336    -0.0384     0.0312  0.0033  0.0039  0.0126
2001.8260    -0.0303    -0.0367     0.0089  0.0029  0.0039  0.0094
2001.8288    -0.0317    -0.0349     0.0028  0.0026  0.0030  0.0070
2001.8315    -0.0309    -0.0352     0.0022  0.0033  0.0039  0.0123
2001.8342    -0.0313    -0.0353    -0.0050  0.0023  0.0029  0.0072
2001.8370    -0.0279    -0.0304     0.0024  0.0033  0.0040  0.0118
2001.8397    -0.0301    -0.0354    -0.0005  0.0036  0.0043  0.0102
2001.8425    -0.0331    -0.0346     0.0073  0.0034  0.0043  0.0101
2001.8452    -0.0269    -0.0309    -0.0040  0.0030  0.0038  0.0094
2001.8479    -0.0294    -0.0403     0.0084  0.0033  0.0041  0.0103
2001.8507    -0.0304    -0.0397    -0.0004  0.0032  0.0041  0.0102
2001.8534    -0.0270    -0.0387     0.0106  0.0037  0.0047  0.0128
2001.8562    -0.0310    -0.0385     0.0058  0.0032  0.0043  0.0111
2001.8589    -0.0262    -0.0366     0.0081  0.0030  0.0037  0.0103
2001.8616    -0.0247    -0.0329    -0.0045  0.0024  0.0027  0.0068
2001.8644    -0.0277    -0.0364    -0.0113  0.0022  0.0025  0.0066
2001.8671    -0.0267    -0.0332    -0.0061  0.0040  0.0043  0.0118
2001.8699    -0.0259    -0.0334     0.0045  0.0036  0.0044  0.0130
2001.8726    -0.0268    -0.0328     0.0051  0.0035  0.0042  0.0120
2001.8753    -0.0283    -0.0363     0.0004  0.0024  0.0030  0.0081
2001.8781    -0.0276    -0.0365     0.0069  0.0030  0.0037  0.0106
2001.8808    -0.0281    -0.0358    -0.0000  0.0025  0.0030  0.0086
2001.8836    -0.0269    -0.0315     0.0019  0.0025  0.0030  0.0078
2001.8863    -0.0272    -0.0345     0.0079  0.0023  0.0030  0.0077
2001.8890    -0.0249    -0.0273     0.0096  0.0037  0.0045  0.0125
2001.8918    -0.0248    -0.0296     0.0071  0.0024  0.0030  0.0077
2001.8945    -0.0295    -0.0361    -0.0147  0.0036  0.0043  0.0113
2001.8973    -0.0235    -0.0309    -0.0201  0.0041  0.0049  0.0144
2001.9000    -0.0330    -0.0410     0.0028  0.0043  0.0057  0.0148
2001.9027    -0.0261    -0.0347     0.0388  0.0041  0.0057  0.0153
2001.9055    -0.0274    -0.0337     0.0016  0.0028  0.0035  0.0084
2001.9082    -0.0258    -0.0336    -0.0116  0.0033  0.0042  0.0118
2001.9110    -0.0304    -0.0298    -0.0024  0.0037  0.0048  0.0113
2001.9137    -0.0233    -0.0298    -0.0065  0.0032  0.0037  0.0101
2001.9164    -0.0264    -0.0316    -0.0074  0.0026  0.0031  0.0073
2001.9192    -0.0262    -0.0317    -0.0125  0.0026  0.0030  0.0077
2001.9219    -0.0265    -0.0332    -0.0112  0.0035  0.0040  0.0111
2001.9247    -0.0291    -0.0308    -0.0017  0.0034  0.0043  0.0103
2001.9274    -0.0273    -0.0330     0.0153  0.0027  0.0034  0.0096
2001.9301    -0.0297    -0.0312    -0.0056  0.0031  0.0035  0.0100
2001.9329    -0.0295    -0.0319     0.0046  0.0033  0.0039  0.0103
2001.9356    -0.0254    -0.0331     0.0092  0.0026  0.0031  0.0082
2001.9384    -0.0248    -0.0269     0.0093  0.0032  0.0043  0.0111
2001.9411    -0.0254    -0.0337     0.0165  0.0034  0.0044  0.0116
2001.9438    -0.0256    -0.0287    -0.0013  0.0031  0.0039  0.0106
2001.9466    -0.0263    -0.0327     0.0090  0.0028  0.0031  0.0091
2001.9493    -0.0261    -0.0322     0.0017  0.0023  0.0029  0.0071
2001.9521    -0.0246    -0.0298     0.0145  0.0035  0.0044  0.0129
2001.9548    -0.0270    -0.0324    -0.0057  0.0024  0.0026  0.0069
2001.9575    -0.0245    -0.0266    -0.0036  0.0032  0.0040  0.0114
2001.9603    -0.0302    -0.0322     0.0118  0.0028  0.0036  0.0098
2001.9630    -0.0265    -0.0323     0.0087  0.0029  0.0041  0.0105
2001.9658    -0.0248    -0.0303     0.0042  0.0031  0.0035  0.0102
2001.9685    -0.0225    -0.0317     0.0086  0.0030  0.0036  0.0098
2001.9712    -0.0247    -0.0314     0.0088  0.0027  0.0031  0.0075
2001.9740    -0.0265    -0.0325     0.0044  0.0027  0.0030  0.0072
2001.9767    -0.0285    -0.0341     0.0096  0.0033  0.0035  0.0094
2001.9795    -0.0297    -0.0293    -0.0000  0.0034  0.0040  0.0091
2001.9822    -0.0257    -0.0332     0.0080  0.0031  0.0030  0.0072
2001.9849    -0.0234    -0.0292     0.0140  0.0026  0.0031  0.0090
2001.9877    -0.0290    -0.0307     0.0064  0.0039  0.0045  0.0132
2001.9904    -0.0232    -0.0327    -0.0016  0.0037  0.0042  0.0109
2001.9932    -0.0238    -0.0320     0.0049  0.0025  0.0031  0.0077
2001.9959    -0.0306    -0.0314     0.0047  0.0042  0.0050  0.0134
2001.9986    -0.0291    -0.0326     0.0078  0.0038  0.0048  0.0123
2002.0014    -0.0256    -0.0304     0.0039  0.0025  0.0030  0.0074
2002.0041    -0.0249    -0.0302    -0.0033  0.0026  0.0031  0.0077
2002.0068    -0.0309    -0.0274     0.0099  0.0038  0.0047  0.0101
2002.0096    -0.0267    -0.0297     0.0050  0.0030  0.0037  0.0107
2002.0123    -0.0254    -0.0298     0.0036  0.0030  0.0038  0.0108
2002.0151    -0.0286    -0.0301     0.0114  0.0031  0.0036  0.0096
2002.0178    -0.0257    -0.0320     0.0115  0.0025  0.0029  0.0077
2002.0205    -0.0255    -0.0329     0.0183  0.0041  0.0048  0.0147
2002.0233    -0.0273    -0.0365     0.0036  0.0040  0.0049  0.0139
2002.0260    -0.0267    -0.0239    -0.0054  0.0026  0.0034  0.0078
2002.0288    -0.0285    -0.0354     0.0054  0.0024  0.0030  0.0072
2002.0315    -0.0316    -0.0399     0.0154  0.0040  0.0049  0.0133
2002.0342    -0.0283    -0.0303     0.0075  0.0026  0.0030  0.0073
2002.0370    -0.0266    -0.0294     0.0019  0.0029  0.0030  0.0076
2002.0397    -0.0266    -0.0314     0.0159  0.0032  0.0041  0.0112
2002.0479    -0.0246    -0.0307     0.0076  0.0024  0.0028  0.0067
2002.0507    -0.0274    -0.0289     0.0068  0.0030  0.0031  0.0075
2002.0534    -0.0297    -0.0289     0.0060  0.0027  0.0033  0.0085
2002.0562    -0.0292    -0.0288     0.0046  0.0025  0.0028  0.0069
2002.0589    -0.0293    -0.0303    -0.0004  0.0034  0.0039  0.0104
2002.0616    -0.0287    -0.0300    -0.0018  0.0030  0.0032  0.0077
2002.0644    -0.0247    -0.0292     0.0127  0.0033  0.0034  0.0101
2002.0671    -0.0237    -0.0268     0.0044  0.0028  0.0034  0.0099
2002.0699    -0.0290    -0.0324     0.0057  0.0023  0.0026  0.0069
2002.0726    -0.0235    -0.0281     0.0068  0.0024  0.0027  0.0072
2002.0753    -0.0244    -0.0279     0.0103  0.0036  0.0037  0.0103
2002.0781    -0.0269    -0.0302     0.0103  0.0024  0.0027  0.0073
2002.0808    -0.0239    -0.0286     0.0051  0.0037  0.0039  0.0099
2002.0863    -0.0266    -0.0317     0.0071  0.0038  0.0043  0.0120
2002.1027    -0.0233    -0.0252     0.0071  0.0030  0.0034  0.0101
2002.1822    -0.0249    -0.0282     0.0090  0.0030  0.0035  0.0098
2002.1849    -0.0250    -0.0300     0.0082  0.0028  0.0032  0.0096
2002.1877    -0.0246    -0.0282    -0.0002  0.0032  0.0034  0.0095
2002.1904    -0.0252    -0.0275     0.0004  0.0032  0.0043  0.0095
2002.1932    -0.0238    -0.0286     0.0122  0.0028  0.0031  0.0076
2002.1959    -0.0257    -0.0297     0.0027  0.0041  0.0045  0.0116
2002.1986    -0.0248    -0.0272     0.0112  0.0031  0.0039  0.0102
2002.2699    -0.0226    -0.0273     0.0107  0.0038  0.0044  0.0125
2002.2726    -0.0239    -0.0278     0.0083  0.0039  0.0045  0.0115
2002.2753    -0.0244    -0.0267     0.0077  0.0037  0.0048  0.0105
2002.2781    -0.0262    -0.0273     0.0065  0.0035  0.0041  0.0102
2002.2808    -0.0228    -0.0297    -0.0044  0.0040  0.0051  0.0115
2002.2836    -0.0300    -0.0256     0.0055  0.0037  0.0043  0.0102
2002.2863    -0.0250    -0.0317     0.0098  0.0035  0.0045  0.0114
2002.2918    -0.0246    -0.0305     0.0202  0.0037  0.0045  0.0132
2002.2945    -0.0230    -0.0285     0.0196  0.0039  0.0051  0.0122
2002.2973    -0.0243    -0.0275     0.0190  0.0024  0.0028  0.0082
2002.3000    -0.0222    -0.0274     0.0017  0.0034  0.0042  0.0112
2002.3027    -0.0238    -0.0293     0.0108  0.0032  0.0038  0.0111
2002.3055    -0.0224    -0.0252     0.0058  0.0031  0.0037  0.0104
2002.3082    -0.0244    -0.0259     0.0135  0.0028  0.0034  0.0107
2002.3110    -0.0213    -0.0290     0.0213  0.0039  0.0044  0.0116
2002.3164    -0.0244    -0.0338     0.0132  0.0041  0.0051  0.0135
2002.3192    -0.0255    -0.0287     0.0165  0.0037  0.0044  0.0115
2002.3219    -0.0228    -0.0301     0.0089  0.0026  0.0031  0.0078
2002.3247    -0.0207    -0.0268     0.0050  0.0040  0.0057  0.0140
2002.3274    -0.0238    -0.0291     0.0026  0.0030  0.0036  0.0097
2002.3301    -0.0244    -0.0248     0.0086  0.0033  0.0043  0.0108
2002.3329    -0.0236    -0.0240     0.0185  0.0036  0.0045  0.0104
2002.3356    -0.0267    -0.0294     0.0015  0.0033  0.0042  0.0120
2002.3384    -0.0211    -0.0271     0.0093  0.0039  0.0042  0.0103
2002.3411    -0.0235    -0.0259     0.0217  0.0044  0.0049  0.0101
2002.3438    -0.0191    -0.0232     0.0160  0.0040  0.0052  0.0125
2002.3466    -0.0221    -0.0259     0.0101  0.0027  0.0030  0.0068
2002.3877    -0.0255    -0.0308     0.0020  0.0034  0.0041  0.0100
2003.0014    -0.0151    -0.0192     0.0095  0.0033  0.0039  0.0099
2003.0041    -0.0175    -0.0164    -0.0036  0.0036  0.0038  0.0107
2003.0068    -0.0154    -0.0164     0.0205  0.0035  0.0044  0.0121
2003.0096    -0.0191    -0.0179     0.0048  0.0035  0.0042  0.0127
2003.0123    -0.0166    -0.0186    -0.0020  0.0033  0.0037  0.0110
2003.0260    -0.0141    -0.0150     0.0170  0.0029  0.0031  0.0095
2003.0288    -0.0152    -0.0165     0.0042  0.0031  0.0036  0.0108
2003.0315    -0.0143    -0.0177     0.0108  0.0032  0.0034  0.0102
2003.0342    -0.0156    -0.0163     0.0053  0.0022  0.0024  0.0070
2003.0370    -0.0166    -0.0189     0.0026  0.0031  0.0032  0.0102
2003.0397    -0.0140    -0.0163     0.0139  0.0031  0.0036  0.0107
2003.0425    -0.0175    -0.0161    -0.0005  0.0040  0.0044  0.0109
2003.0452    -0.0129    -0.0148     0.0101  0.0031  0.0033  0.0099
2003.0479    -0.0155    -0.0144     0.0111  0.0036  0.0039  0.0102
2003.0507    -0.0101    -0.0191     0.0124  0.0032  0.0036  0.0103
2003.0534    -0.0155    -0.0181     0.0136  0.0037  0.0038  0.0111
2003.0562    -0.0119    -0.0176     0.0098  0.0034  0.0035  0.0106
2003.0589    -0.0183    -0.0195     0.0128  0.0041  0.0043  0.0112
2003.0616    -0.0143    -0.0166     0.0054  0.0037  0.0042  0.0110
2003.0644    -0.0100    -0.0170     0.0033  0.0032  0.0040  0.0112
2003.0671    -0.0104    -0.0167     0.0164  0.0033  0.0037  0.0113
2003.0699    -0.0127    -0.0119     0.0044  0.0033  0.0035  0.0101
2003.0726    -0.0121    -0.0168     0.0064  0.0027  0.0029  0.0081
2003.0753    -0.0105    -0.0153    -0.0066  0.0042  0.0050  0.0142
2003.0781    -0.0145    -0.0161    -0.0035  0.0034  0.0041  0.0113
2003.0808    -0.0158    -0.0172     0.0137  0.0035  0.0040  0.0112
2003.0836    -0.0181    -0.0148     0.0053  0.0026  0.0032  0.0088
2003.0863    -0.0133    -0.0133    -0.0056  0.0033  0.0039  0.0091
2003.0890    -0.0112    -0.0193     0.0001  0.0034  0.0039  0.0118
2003.0918    -0.0127    -0.0125     0.0068  0.0034  0.0039  0.0111
2003.0945    -0.0116    -0.0176     0.0029  0.0039  0.0043  0.0122
2003.0973    -0.0149    -0.0121    -0.0014  0.0031  0.0039  0.0108
2003.1000    -0.0163    -0.0137    -0.0036  0.0038  0.0041  0.0125
2003.1027    -0.0131    -0.0172     0.0035  0.0025  0.0029  0.0085
2003.1055    -0.0088    -0.0119     0.0001  0.0035  0.0039  0.0122
2003.1082    -0.0138    -0.0163     0.0084  0.0038  0.0044  0.0116
2003.1110    -0.0181    -0.0170     0.0117  0.0040  0.0051  0.0139
2003.1137    -0.0099    -0.0171    -0.0026  0.0033  0.0037  0.0101
2003.1164    -0.0114    -0.0177    -0.0015  0.0037  0.0041  0.0123
2003.1192    -0.0132    -0.0195     0.0081  0.0024  0.0026  0.0074
2003.1247    -0.0091    -0.0168     0.0075  0.0031  0.0034  0.0093
2003.1274    -0.0077    -0.0152     0.0046  0.0028  0.0031  0.0075
2003.1329    -0.0115    -0.0105     0.0065  0.0029  0.0032  0.0092
2003.1356    -0.0110    -0.0170     0.0205  0.0033  0.0040  0.0104
2003.1384    -0.0087    -0.0154     0.0197  0.0031  0.0035  0.0107
2003.1411    -0.0106    -0.0176     0.0119  0.0030  0.0034  0.0107
2003.1438    -0.0102    -0.0146     0.0076  0.0033  0.0038  0.0108
2003.1466    -0.0107    -0.0140     0.0131  0.0034  0.0040  0.0113
2003.1493    -0.0114    -0.0168     0.0149  0.0038  0.0041  0.0119
2003.1521    -0.0129    -0.0127     0.0107  0.0035  0.0039  0.0109
2003.1548    -0.0091    -0.0130     0.0090  0.0030  0.0034  0.0096
2003.1575    -0.0118    -0.0176     0.0071  0.0036  0.0040  0.0117
2003.1603    -0.0118    -0.0145     0.0165  0.0023  0.0026  0.0081
2003.1630    -0.0116    -0.0125     0.0116  0.0027  0.0030  0.0077
2003.1658    -0.0124    -0.0167     0.0109  0.0029  0.0035  0.0095
2003.1685    -0.0096    -0.0133     0.0207  0.0043  0.0048  0.0125
2003.1712    -0.0112    -0.0154     0.0036  0.0028  0.0033  0.0096
2003.1740    -0.0098    -0.0151     0.0157  0.0029  0.0036  0.0101
2003.1767    -0.0129    -0.0134     0.0074  0.0023  0.0025  0.0070
2003.1795    -0.0096    -0.0168     0.0039  0.0023  0.0029  0.0074
2003.1822    -0.0105    -0.0167     0.0067  0.0030  0.0035  0.0094
2003.1849    -0.0107    -0.0193     0.0076  0.0021  0.0024  0.0069
2003.1877    -0.0113    -0.0222     0.0020  0.0026  0.0031  0.0086
2003.1904    -0.0130    -0.0139    -0.0007  0.0036  0.0039  0.0104
2003.1932    -0.0115    -0.0174     0.0132  0.0027  0.0033  0.0098
2003.1959    -0.0092    -0.0116     0.0139  0.0030  0.0033  0.0095
2003.1986    -0.0082    -0.0130     0.0160  0.0026  0.0032  0.0095
2003.2014    -0.0102    -0.0159     0.0019  0.0026  0.0030  0.0090
2003.2041    -0.0110    -0.0123     0.0088  0.0028  0.0033  0.0093
2003.2068    -0.0127    -0.0121    -0.0002  0.0029  0.0037  0.0097
2003.2096    -0.0152    -0.0150     0.0144  0.0028  0.0035  0.0094
2003.2123    -0.0110    -0.0146     0.0052  0.0028  0.0033  0.0100
2003.2151    -0.0145    -0.0171     0.0094  0.0039  0.0048  0.0145
2003.2178    -0.0118    -0.0152     0.0055  0.0037  0.0042  0.0110
2003.2205    -0.0127    -0.0206     0.0044  0.0034  0.0039  0.0123
2003.2233    -0.0148    -0.0193     0.0069  0.0031  0.0038  0.0117
2003.2260    -0.0119    -0.0190     0.0042  0.0036  0.0041  0.0108
2003.2288    -0.0089    -0.0223     0.0212  0.0041  0.0044  0.0127
2003.2315    -0.0121    -0.0191    -0.0014  0.0032  0.0038  0.0113
2003.2342    -0.0082    -0.0216     0.0120  0.0036  0.0042  0.0126
2003.4945    -0.0123    -0.0122    -0.0113  0.0041  0.0049  0.0136
2003.4973    -0.0095    -0.0158    -0.0044  0.0036  0.0041  0.0105
2003.5000    -0.0099    -0.0129     0.0001  0.0026  0.0031  0.0071
2003.5027    -0.0097    -0.0124     0.0013  0.0033  0.0037  0.0113
2003.5055    -0.0138    -0.0173    -0.0072  0.0038  0.0050  0.0126
2003.5082    -0.0152    -0.0174    -0.0033  0.0036  0.0041  0.0126
2003.5110    -0.0097    -0.0146     0.0047  0.0026  0.0030  0.0086
2003.5137    -0.0106    -0.0162    -0.0109  0.0033  0.0039  0.0117
2003.5164    -0.0088    -0.0186    -0.0022  0.0037  0.0045  0.0136
2003.5219    -0.0102    -0.0133    -0.0073  0.0032  0.0040  0.0108
2003.5247    -0.0115    -0.0161    -0.0005  0.0029  0.0034  0.0088
2003.5274    -0.0095    -0.0164     0.0093  0.0036  0.0041  0.0114
2003.5301    -0.0107    -0.0159    -0.0093  0.0039  0.0046  0.0128
2003.5356    -0.0086    -0.0128    -0.0028  0.0031  0.0038  0.0113
2003.5384    -0.0113    -0.0157     0.0032  0.0033  0.0040  0.0119
2003.5411    -0.0094    -0.0185     0.0000  0.0026  0.0034  0.0085
2003.5466    -0.0072    -0.0145     0.0028  0.0030  0.0038  0.0101
2003.5521    -0.0102    -0.0108     0.0131  0.0035  0.0040  0.0116
2003.5548    -0.0096    -0.0121     0.0021  0.0036  0.0042  0.0110
2003.5603    -0.0068    -0.0140     0.0036  0.0031  0.0034  0.0091
2003.7575    -0.0054    -0.0178    -0.0047  0.0034  0.0045  0.0119
2003.7603    -0.0139    -0.0114    -0.0081  0.0029  0.0033  0.0087
2004.5697     0.0020     0.0002     0.0057  0.0033  0.0039  0.0124
2004.5751     0.0022     0.0035    -0.0148  0.0035  0.0042  0.0131
2004.5943     0.0020     0.0025     0.0082  0.0034  0.0040  0.0117
2004.5970     0.0020     0.0010     0.0022  0.0039  0.0044  0.0134
2004.5997    -0.0032     0.0014     0.0012  0.0031  0.0035  0.0112
2004.6025     0.0005     0.0005    -0.0050  0.0024  0.0027  0.0085
2004.6052    -0.0032    -0.0000    -0.0071  0.0034  0.0039  0.0118
2004.6079    -0.0023    -0.0026    -0.0011  0.0028  0.0032  0.0089
2004.6107    -0.0002    -0.0012    -0.0009  0.0031  0.0038  0.0113
2004.6134    -0.0006     0.0048     0.0133  0.0028  0.0032  0.0097
2004.6161    -0.0004     0.0019    -0.0014  0.0034  0.0040  0.0123
2004.6189    -0.0027     0.0028     0.0014  0.0040  0.0043  0.0146
2004.6216     0.0033     0.0011    -0.0010  0.0035  0.0038  0.0117
2004.6298    -0.0009     0.0050    -0.0067  0.0041  0.0047  0.0130
2004.6380    -0.0030     0.0031     0.0106  0.0033  0.0039  0.0125
2004.6407     0.0027     0.0033     0.0008  0.0029  0.0038  0.0116
2004.6434     0.0001     0.0053    -0.0137  0.0035  0.0045  0.0124
2004.6462     0.0006    -0.0012    -0.0021  0.0032  0.0039  0.0120
2004.6489     0.0032     0.0048     0.0205  0.0035  0.0042  0.0141
2004.6516    -0.0012     0.0031     0.0071  0.0033  0.0038  0.0126
2004.6544    -0.0013    -0.0012     0.0054  0.0033  0.0040  0.0131
2004.6571     0.0016     0.0021    -0.0075  0.0037  0.0041  0.0138
2004.6598     0.0012     0.0007     0.0058  0.0041  0.0048  0.0141
2004.6626     0.0015     0.0037     0.0094  0.0027  0.0031  0.0098
2004.6653     0.0028    -0.0007     0.0032  0.0026  0.0030  0.0090
2004.6680    -0.0010     0.0016     0.0033  0.0033  0.0041  0.0124
2004.6708     0.0002     0.0027     0.0070  0.0032  0.0038  0.0117
2004.6735     0.0057    -0.0021    -0.0008  0.0039  0.0044  0.0125
2004.6762     0.0031    -0.0029    -0.0185  0.0041  0.0046  0.0129
2004.6790    -0.0055     0.0024    -0.0011  0.0041  0.0046  0.0123
2004.6817     0.0022     0.0025     0.0046  0.0029  0.0035  0.0109
2004.6844     0.0033    -0.0010     0.0043  0.0032  0.0039  0.0113
2004.6872     0.0019    -0.0004     0.0000  0.0043  0.0050  0.0148
2004.6899     0.0032     0.0010    -0.0064  0.0023  0.0028  0.0081
2004.6926     0.0014    -0.0008    -0.0122  0.0028  0.0032  0.0101
2004.6954     0.0003     0.0052     0.0078  0.0024  0.0028  0.0081
2004.6981     0.0010     0.0040    -0.0044  0.0031  0.0035  0.0102
2004.7008    -0.0024     0.0005     0.0085  0.0037  0.0043  0.0116
2004.7036    -0.0022     0.0031     0.0014  0.0027  0.0031  0.0092
2004.7063    -0.0018     0.0009    -0.0044  0.0031  0.0040  0.0127
2004.7090     0.0008    -0.0000    -0.0059  0.0033  0.0044  0.0127
2004.7117     0.0033     0.0012    -0.0012  0.0024  0.0028  0.0085
2004.7254     0.0048    -0.0007     0.0100  0.0041  0.0048  0.0134
2004.7281    -0.0015     0.0072    -0.0002  0.0037  0.0042  0.0106
2004.7527     0.0021     0.0041     0.0011  0.0036  0.0047  0.0135
2004.7555     0.0032     0.0001     0.0030  0.0023  0.0028  0.0077
2004.7582     0.0023     0.0016    -0.0037  0.0031  0.0041  0.0107
2004.7609     0.0082    -0.0017     0.0006  0.0026  0.0036  0.0096
2004.7637     0.0024     0.0081     0.0028  0.0024  0.0034  0.0091
2004.7691     0.0044     0.0046     0.0083  0.0034  0.0046  0.0117
2004.7801     0.0027     0.0078    -0.0054  0.0025  0.0031  0.0083
2004.7828     0.0026     0.0025    -0.0023  0.0022  0.0027  0.0073
2004.7855     0.0013     0.0032    -0.0009  0.0024  0.0032  0.0085
2004.7883     0.0023    -0.0003    -0.0057  0.0040  0.0050  0.0138
2004.7910     0.0002     0.0027     0.0076  0.0038  0.0048  0.0147
2004.7937     0.0029     0.0051    -0.0107  0.0032  0.0041  0.0107
2004.7964     0.0022     0.0028    -0.0046  0.0040  0.0052  0.0142
2004.8019     0.0048     0.0043    -0.0140  0.0028  0.0040  0.0107
2004.8046     0.0046     0.0055    -0.0030  0.0029  0.0036  0.0106
2004.8074     0.0042     0.0031     0.0057  0.0037  0.0048  0.0119
2004.8183     0.0031     0.0066     0.0063  0.0032  0.0042  0.0115
2004.8238     0.0032     0.0095     0.0018  0.0030  0.0043  0.0118
2004.8265     0.0029     0.0040    -0.0158  0.0025  0.0031  0.0083
2004.8292    -0.0053     0.0034     0.0054  0.0039  0.0049  0.0119
2004.8320     0.0042     0.0041    -0.0104  0.0026  0.0034  0.0088
2004.8347     0.0052     0.0053     0.0057  0.0028  0.0033  0.0090
2004.8374     0.0020     0.0038    -0.0053  0.0033  0.0045  0.0119
2004.8402     0.0034     0.0094     0.0065  0.0041  0.0051  0.0122
2004.8484     0.0045     0.0028     0.0003  0.0025  0.0032  0.0084
2004.8511     0.0026     0.0018    -0.0143  0.0026  0.0033  0.0088
2004.8566     0.0031     0.0064    -0.0018  0.0035  0.0046  0.0120
2004.8593     0.0071     0.0089    -0.0007  0.0037  0.0051  0.0140
2004.8620     0.0026     0.0063    -0.0057  0.0030  0.0040  0.0113
2004.8675     0.0036     0.0039    -0.0050  0.0034  0.0045  0.0126
2004.8702    -0.0006     0.0097    -0.0092  0.0029  0.0037  0.0106
2004.8811     0.0063     0.0064    -0.0035  0.0071  0.0059  0.0300
2004.8839     0.0022     0.0040    -0.0078  0.0035  0.0033  0.0093
2004.8866     0.0002     0.0101    -0.0022  0.0025  0.0029  0.0077
2004.9658     0.0013     0.0064    -0.0048  0.0040  0.0036  0.0088
2004.9686     0.0049     0.0089     0.0018  0.0029  0.0032  0.0092
2004.9713     0.0038     0.0077     0.0178  0.0037  0.0036  0.0105
2004.9740     0.0068     0.0093    -0.0026  0.0030  0.0032  0.0093
2004.9768     0.0069     0.0043     0.0027  0.0029  0.0031  0.0071
2004.9795     0.0064     0.0092     0.0186  0.0043  0.0047  0.0095
2004.9822     0.0027     0.0077     0.0070  0.0028  0.0028  0.0064
2004.9850     0.0042     0.0055     0.0100  0.0057  0.0051  0.0115
2004.9877     0.0061     0.0060     0.0109  0.0034  0.0039  0.0102
2004.9904     0.0080     0.0019     0.0056  0.0039  0.0043  0.0118
2004.9932     0.0056     0.0081    -0.0012  0.0036  0.0038  0.0108
2004.9986     0.0128     0.0093     0.0005  0.0034  0.0039  0.0103
2005.0014     0.0079     0.0080     0.0083  0.0043  0.0045  0.0103
2005.0096     0.0064     0.0115     0.0072  0.0033  0.0036  0.0091
2005.0123     0.0042     0.0106    -0.0006  0.0038  0.0040  0.0095
2005.0151     0.0056     0.0086     0.0057  0.0035  0.0040  0.0107
2005.0178     0.0050     0.0091    -0.0017  0.0035  0.0042  0.0116
2005.0233     0.0083     0.0067     0.0083  0.0037  0.0040  0.0100
2005.0260     0.0123     0.0112     0.0126  0.0061  0.0056  0.0105
2005.0315     0.0095     0.0091    -0.0018  0.0031  0.0037  0.0103
2005.0342     0.0091     0.0108     0.0066  0.0044  0.0043  0.0095
2005.0370     0.0081     0.0058     0.0003  0.0037  0.0042  0.0091
2005.0397     0.0062     0.0052    -0.0010  0.0028  0.0033  0.0071
2005.0425     0.0050     0.0075    -0.0100  0.0032  0.0036  0.0091
2005.0452     0.0080     0.0076     0.0013  0.0028  0.0031  0.0078
2005.0479     0.0064     0.0076    -0.0024  0.0029  0.0032  0.0074
2005.0507     0.0080     0.0072     0.0023  0.0032  0.0034  0.0089
2005.0534     0.0068     0.0081     0.0005  0.0028  0.0030  0.0068
2005.0589     0.0085     0.0088    -0.0047  0.0043  0.0039  0.0090
2005.0616     0.0080     0.0097     0.0043  0.0037  0.0037  0.0090
2005.0671     0.0071     0.0132    -0.0021  0.0035  0.0035  0.0087
2005.0699     0.0086     0.0101     0.0015  0.0031  0.0036  0.0091
2005.0726     0.0069     0.0077     0.0049  0.0028  0.0030  0.0069
2005.0753     0.0094     0.0071    -0.0023  0.0033  0.0036  0.0085
2005.0781     0.0091     0.0135     0.0000  0.0036  0.0037  0.0089
2005.0808     0.0089     0.0107     0.0081  0.0035  0.0037  0.0097
2005.0836     0.0091     0.0095     0.0064  0.0033  0.0036  0.0088
2005.0863     0.0079     0.0070    -0.0042  0.0021  0.0023  0.0062
2005.0945     0.0070     0.0087     0.0045  0.0030  0.0031  0.0082
2005.0973     0.0083     0.0079    -0.0021  0.0030  0.0030  0.0082
2005.1000     0.0074     0.0069     0.0060  0.0037  0.0039  0.0081
2005.1027     0.0116     0.0087     0.0043  0.0039  0.0040  0.0086
2005.1055     0.0073     0.0085    -0.0015  0.0034  0.0037  0.0084
2005.1082     0.0103     0.0080     0.0113  0.0028  0.0030  0.0064
2005.1110     0.0090     0.0120     0.0027  0.0034  0.0036  0.0090
2005.1137     0.0097     0.0115     0.0009  0.0044  0.0043  0.0094
2005.1164     0.0154     0.0072    -0.0068  0.0040  0.0039  0.0093
2005.1192     0.0087     0.0080     0.0096  0.0109  0.0133  0.0422
2005.1219     0.0063     0.0051     0.0038  0.0106  0.0132  0.0430
2005.1247     0.0130     0.0128     0.0075  0.0047  0.0043  0.0090
2005.1274     0.0117     0.0086     0.0083  0.0032  0.0034  0.0094
2005.1301     0.0118     0.0066     0.0090  0.0045  0.0048  0.0095
2005.1356     0.0092     0.0084    -0.0019  0.0024  0.0026  0.0071
2005.1384     0.0094     0.0102     0.0031  0.0032  0.0033  0.0087
2005.1411     0.0033     0.0100    -0.0021  0.0041  0.0046  0.0129
2005.1466     0.0097     0.0089     0.0006  0.0033  0.0037  0.0088
2005.1493     0.0066     0.0092     0.0049  0.0030  0.0033  0.0087
2005.1521     0.0088     0.0093     0.0039  0.0034  0.0037  0.0090
2005.1548     0.0075     0.0113     0.0070  0.0025  0.0028  0.0066
2005.1603     0.0103     0.0125     0.0130  0.0107  0.0136  0.0433
2005.1630     0.0108     0.0096     0.0010  0.0031  0.0035  0.0088
2005.1658     0.0128     0.0065     0.0051  0.0035  0.0039  0.0091
2005.1685     0.0061     0.0162    -0.0015  0.0038  0.0037  0.0071
2005.1712     0.0089     0.0115     0.0028  0.0024  0.0030  0.0079
2005.1767     0.0025     0.0167    -0.0050  0.0031  0.0039  0.0102
2005.1795     0.0059     0.0126     0.0120  0.0028  0.0033  0.0087
2005.1849     0.0057     0.0127     0.0048  0.0025  0.0029  0.0072
2005.1877     0.0060     0.0089     0.0023  0.0031  0.0037  0.0093
2005.1932     0.0095     0.0144     0.0106  0.0029  0.0031  0.0071
2005.1959     0.0048     0.0105     0.0091  0.0032  0.0035  0.0097
2005.1986     0.0074     0.0097     0.0178  0.0034  0.0038  0.0096
2005.2014     0.0102     0.0090     0.0123  0.0031  0.0036  0.0101
2005.2041     0.0062     0.0139     0.0199  0.0039  0.0046  0.0116
2005.2068     0.0112     0.0142     0.0137  0.0130  0.0167  0.0505
2005.2096     0.0080     0.0139     0.0170  0.0034  0.0041  0.0117
2005.2123     0.0051     0.0106     0.0032  0.0029  0.0037  0.0109
2005.2151     0.0206    -0.0071     0.0193  0.0063  0.0058  0.0105
2005.2178     0.0091     0.0111     0.0142  0.0026  0.0032  0.0096
2005.2205     0.0090     0.0127     0.0134  0.0029  0.0034  0.0092
2005.2233     0.0101     0.0140     0.0132  0.0031  0.0037  0.0101
2005.2260     0.0039     0.0152     0.0256  0.0054  0.0056  0.0146
2005.2288     0.0063     0.0125     0.0189  0.0040  0.0048  0.0136
2005.2315     0.0071     0.0083     0.0173  0.0044  0.0064  0.0138
2005.2342     0.0074     0.0139     0.0114  0.0032  0.0040  0.0117
2005.2370     0.0089     0.0144     0.0127  0.0036  0.0039  0.0111
2005.2397     0.0090     0.0112     0.0136  0.0040  0.0047  0.0154
2005.2425     0.0073     0.0154     0.0064  0.0039  0.0043  0.0124
2005.2479     0.0164     0.0075     0.0386  0.0039  0.0045  0.0118
2005.2534     0.0094     0.0163     0.0165  0.0149  0.0198  0.0576
2005.2562     0.0063     0.0127     0.0129  0.0059  0.0062  0.0103
2005.2589     0.0066     0.0132     0.0217  0.0027  0.0031  0.0068
2005.2616     0.0085     0.0084     0.0099  0.0036  0.0039  0.0105
2005.2671     0.0085     0.0082     0.0133  0.0036  0.0038  0.0104
2005.2699     0.0057     0.0131     0.0174  0.0029  0.0034  0.0095
2005.2726     0.0083     0.0111     0.0199  0.0033  0.0036  0.0087
2005.2753     0.0083     0.0137     0.0276  0.0024  0.0028  0.0073
2005.2781     0.0103     0.0090     0.0027  0.0036  0.0032  0.0072
2005.2808     0.0075     0.0153     0.0114  0.0026  0.0031  0.0091
2005.2863     0.0089     0.0137     0.0091  0.0028  0.0030  0.0073
2005.2890     0.0098     0.0093     0.0094  0.0027  0.0028  0.0072
2005.2945     0.0097     0.0079     0.0062  0.0055  0.0047  0.0117
2005.3055     0.0097     0.0108     0.0115  0.0075  0.0072  0.0364
2005.3082     0.0095     0.0132     0.0104  0.0026  0.0028  0.0068
2005.3110     0.0101     0.0163     0.0153  0.0041  0.0040  0.0101
2005.3137     0.0111     0.0115     0.0062  0.0037  0.0038  0.0110
2005.3164     0.0077     0.0126     0.0088  0.0062  0.0065  0.0133
2005.3192     0.0068     0.0118     0.0100  0.0029  0.0029  0.0069
2005.3247     0.0129     0.0157     0.0092  0.0042  0.0046  0.0126
2005.3274     0.0084     0.0114     0.0289  0.0043  0.0049  0.0155
2005.3329     0.0097     0.0154     0.0053  0.0038  0.0041  0.0114
2005.3384     0.0130     0.0115     0.0014  0.0035  0.0041  0.0103
2005.3411     0.0115     0.0057     0.0029  0.0041  0.0046  0.0127
2005.3438     0.0131     0.0067    -0.0012  0.0067  0.0067  0.0117
2005.3466     0.0102     0.0091     0.0038  0.0058  0.0060  0.0114
2005.3493     0.0106     0.0136     0.0003  0.0045  0.0046  0.0138
2005.3521     0.0082     0.0157    -0.0007  0.0052  0.0052  0.0107
2005.3548     0.0089     0.0085    -0.0024  0.0044  0.0045  0.0099
2005.3575     0.0093     0.0116     0.0064  0.0051  0.0050  0.0097
2005.3630     0.0148     0.0085     0.0051  0.0062  0.0057  0.0113
2005.3685     0.0045     0.0105     0.0016  0.0057  0.0056  0.0107
2005.3712     0.0088     0.0129     0.0088  0.0034  0.0040  0.0103
2005.3767     0.0103     0.0150     0.0063  0.0030  0.0033  0.0092
2005.3795     0.0083     0.0083     0.0016  0.0032  0.0037  0.0093
2005.3822     0.0116     0.0113     0.0102  0.0033  0.0036  0.0094
2005.3849     0.0109     0.0120    -0.0041  0.0030  0.0036  0.0096
2005.3877     0.0073    -0.0367    -0.0120  0.0168  0.0260  0.0458
2005.3904     0.0056     0.0098    -0.0109  0.0027  0.0032  0.0092
2005.3932     0.0088     0.0123    -0.0007  0.0024  0.0027  0.0073
2005.3959     0.0096     0.0142     0.0067  0.0023  0.0028  0.0078
2005.3986     0.0094     0.0147     0.0064  0.0021  0.0025  0.0068
2005.4068     0.0098     0.0109     0.0022  0.0025  0.0029  0.0081
2005.4096     0.0103     0.0121     0.0048  0.0034  0.0040  0.0103
2005.4123     0.0106     0.0119     0.0019  0.0033  0.0038  0.0121
2005.4151     0.0071     0.0113     0.0018  0.0035  0.0040  0.0105
2005.4178     0.0124     0.0103    -0.0044  0.0033  0.0035  0.0100
2005.4205     0.0072     0.0065    -0.0038  0.0023  0.0027  0.0072
2005.4233     0.0073     0.0067     0.0011  0.0033  0.0038  0.0108
2005.4260     0.0130     0.0115     0.0109  0.0038  0.0045  0.0124
2005.4288     0.0114     0.0129    -0.0054  0.0031  0.0034  0.0093
2005.4315     0.0089     0.0121    -0.0001  0.0034  0.0037  0.0099
2005.4342     0.0072     0.0112     0.0018  0.0028  0.0034  0.0099
2005.4370     0.0137     0.0103    -0.0022  0.0032  0.0037  0.0099
2005.4397     0.0088     0.0106     0.0046  0.0033  0.0037  0.0104
2005.4425     0.0095     0.0103    -0.0044  0.0031  0.0034  0.0096
2005.4452     0.0103     0.0100    -0.0035  0.0031  0.0035  0.0088
2005.4479     0.0074     0.0115    -0.0048  0.0033  0.0036  0.0097
2005.4507     0.0093     0.0101     0.0050  0.0025  0.0029  0.0076
2005.4534     0.0080     0.0161    -0.0035  0.0038  0.0045  0.0112
2005.4562     0.0089     0.0106    -0.0001  0.0031  0.0041  0.0106
2005.4589     0.0131     0.0146     0.0127  0.0031  0.0038  0.0094
2005.4616     0.0139     0.0128     0.0038  0.0038  0.0048  0.0138
2005.4671     0.0108     0.0127     0.0046  0.0032  0.0040  0.0114
2005.4699     0.0161     0.0133     0.0119  0.0031  0.0033  0.0077
2005.4726     0.0107     0.0107     0.0046  0.0030  0.0034  0.0075
2005.4753     0.0096     0.0107     0.0050  0.0032  0.0037  0.0100
2005.4781     0.0094     0.0125     0.0091  0.0035  0.0040  0.0117
2005.4863     0.0060     0.0120     0.0071  0.0036  0.0040  0.0114
2005.4890     0.0022     0.0123    -0.0031  0.0036  0.0042  0.0119
2005.5110     0.0131     0.0111    -0.0003  0.0036  0.0040  0.0093
2005.5137     0.0108     0.0119    -0.0032  0.0030  0.0032  0.0067
2005.5164     0.0120     0.0129    -0.0019  0.0044  0.0048  0.0107
2005.5329     0.0085     0.0076    -0.0224  0.0035  0.0044  0.0131
2005.5411     0.0077     0.0121    -0.0084  0.0024  0.0030  0.0075
2005.5438     0.0099     0.0162    -0.0025  0.0034  0.0041  0.0107
2005.5466     0.0108     0.0152    -0.0053  0.0032  0.0038  0.0104
2005.5493     0.0135     0.0180    -0.0009  0.0035  0.0043  0.0111
2005.5521     0.0082     0.0099     0.0029  0.0033  0.0035  0.0097
2005.5548     0.0099     0.0146     0.0004  0.0037  0.0042  0.0105
2005.5575     0.0093     0.0125     0.0021  0.0033  0.0040  0.0105
2005.5603     0.0084     0.0130    -0.0022  0.0023  0.0028  0.0075
2005.5630     0.0096     0.0123     0.0054  0.0030  0.0032  0.0072
2005.5658     0.0102     0.0137    -0.0126  0.0030  0.0034  0.0093
2005.5685     0.0074     0.0152    -0.0086  0.0039  0.0043  0.0105
2005.5712     0.0117     0.0143    -0.0026  0.0034  0.0042  0.0109
2005.5740     0.0122     0.0149    -0.0021  0.0035  0.0042  0.0109
2005.5767     0.0064     0.0117    -0.0071  0.0023  0.0027  0.0072
2005.5795     0.0099     0.0123    -0.0049  0.0022  0.0023  0.0064
2005.5822     0.0095     0.0159    -0.0008  0.0025  0.0028  0.0073
2005.5849     0.0123     0.0114     0.0004  0.0032  0.0034  0.0098
2005.5959     0.0086     0.0144    -0.0061  0.0023  0.0027  0.0072
2005.5986     0.0103     0.0165    -0.0113  0.0027  0.0031  0.0085
2005.6151     0.0088     0.0135    -0.0039  0.0031  0.0036  0.0099
2005.6178     0.0094     0.0161    -0.0072  0.0023  0.0027  0.0073
2005.6315     0.0112     0.0141    -0.0079  0.0032  0.0035  0.0100
2005.6342     0.0084     0.0135    -0.0111  0.0028  0.0033  0.0092
2005.6397     0.0088     0.0161    -0.0079  0.0031  0.0036  0.0101
2005.6452     0.0091     0.0120    -0.0023  0.0028  0.0035  0.0101
2005.6507     0.0118     0.0117    -0.0047  0.0032  0.0036  0.0096
2005.6534     0.0117     0.0159    -0.0117  0.0029  0.0032  0.0070
2005.6562     0.0101     0.0142     0.0034  0.0034  0.0038  0.0102
2005.6616     0.0106     0.0116     0.0069  0.0033  0.0037  0.0092
2005.6644     0.0128     0.0131    -0.0132  0.0031  0.0039  0.0110
2005.6671     0.0170     0.0132    -0.0020  0.0081  0.0076  0.0139
2005.6699     0.0134     0.0162     0.0047  0.0036  0.0039  0.0079
2005.6808     0.0157     0.0121     0.0018  0.0033  0.0041  0.0118
2005.6836     0.0098     0.0117    -0.0024  0.0030  0.0037  0.0107
2005.9247     0.0150     0.0180    -0.0012  0.0023  0.0026  0.0071
2005.9274     0.0219     0.0232     0.0022  0.0037  0.0044  0.0127
2005.9301     0.0255     0.0188    -0.0242  0.0036  0.0048  0.0141
2005.9329     0.0157     0.0198    -0.0166  0.0032  0.0039  0.0109
2005.9356     0.0127     0.0202    -0.0017  0.0031  0.0036  0.0098
2005.9493     0.0133     0.0191     0.0002  0.0030  0.0031  0.0072
2005.9548     0.0182     0.0170    -0.0056  0.0034  0.0038  0.0107
2006.0370     0.0192     0.0211    -0.0019  0.0031  0.0035  0.0093
2006.0397     0.0181     0.0243    -0.0089  0.0035  0.0040  0.0100
2006.0425     0.0188     0.0202    -0.0072  0.0032  0.0038  0.0101
2006.0452     0.0161     0.0205    -0.0048  0.0025  0.0030  0.0072
2006.0479     0.0170     0.0180    -0.0106  0.0033  0.0037  0.0095
2006.0507     0.0161     0.0215    -0.0060  0.0031  0.0037  0.0086
2006.0534     0.0185     0.0207    -0.0009  0.0023  0.0027  0.0068
2006.0562     0.0210     0.0183    -0.0052  0.0024  0.0027  0.0062
2006.0589     0.0202     0.0236    -0.0103  0.0025  0.0029  0.0063
2006.0616     0.0185     0.0199     0.0070  0.0029  0.0036  0.0088
2006.0644     0.0172     0.0186     0.0024  0.0025  0.0028  0.0057
2006.0726     0.0171     0.0208    -0.0052  0.0027  0.0033  0.0084
2006.0781     0.0194     0.0200     0.0019  0.0031  0.0035  0.0103
2006.0808     0.0186     0.0185    -0.0045  0.0029  0.0030  0.0074
2006.0836     0.0198     0.0209     0.0009  0.0028  0.0030  0.0077
2006.0863     0.0192     0.0204     0.0026  0.0031  0.0035  0.0092
2006.0890     0.0198     0.0203    -0.0053  0.0036  0.0039  0.0098
2006.0918     0.0168     0.0202     0.0071  0.0031  0.0035  0.0085
2006.0945     0.0170     0.0201    -0.0025  0.0034  0.0038  0.0090
2006.0973     0.0179     0.0206    -0.0062  0.0036  0.0037  0.0101
2006.1000     0.0222     0.0206     0.0030  0.0036  0.0039  0.0109
2006.1027     0.0163     0.0206     0.0001  0.0035  0.0036  0.0094
2006.1082     0.0182     0.0236     0.0052  0.0033  0.0036  0.0088
2006.1110     0.0186     0.0213     0.0037  0.0028  0.0033  0.0095
2006.1137     0.0197     0.0203     0.0014  0.0035  0.0037  0.0090
2006.1192     0.0196     0.0168     0.0033  0.0023  0.0027  0.0060
2006.1247     0.0198     0.0223     0.0036  0.0030  0.0037  0.0090
2006.1274     0.0172     0.0161    -0.0022  0.0031  0.0037  0.0085
2006.1301     0.0184     0.0199    -0.0003  0.0021  0.0028  0.0060
2006.1329     0.0191     0.0173    -0.0013  0.0032  0.0037  0.0093
2006.1356     0.0185     0.0237     0.0022  0.0035  0.0039  0.0091
2006.1411     0.0180     0.0234     0.0004  0.0027  0.0031  0.0082
2006.1438     0.0174     0.0241     0.0013  0.0029  0.0034  0.0090
2006.1466     0.0194     0.0227    -0.0020  0.0026  0.0030  0.0081
2006.1493     0.0219     0.0264    -0.0014  0.0029  0.0032  0.0083
2006.1521     0.0224     0.0263    -0.0038  0.0034  0.0038  0.0085
2006.1548     0.0199     0.0201     0.0008  0.0035  0.0037  0.0096
2006.1575     0.0205     0.0232     0.0043  0.0036  0.0038  0.0092
2006.1603     0.0182     0.0221    -0.0034  0.0027  0.0031  0.0081
2006.1630     0.0152     0.0216     0.0028  0.0030  0.0033  0.0084
2006.1658     0.0168     0.0231     0.0064  0.0031  0.0033  0.0084
2006.1685     0.0184     0.0201     0.0024  0.0029  0.0034  0.0082
2006.1712     0.0172     0.0220    -0.0020  0.0033  0.0040  0.0110
2006.1740     0.0222     0.0206    -0.0020  0.0025  0.0027  0.0070
2006.1795     0.0114     0.0216     0.0006  0.0034  0.0037  0.0096
2006.1932     0.0200     0.0286     0.0005  0.0042  0.0046  0.0125
2006.1959     0.0204     0.0255     0.0091  0.0039  0.0041  0.0109
2006.1986     0.0174     0.0224     0.0081  0.0032  0.0033  0.0088
2006.2014     0.0167     0.0297     0.0015  0.0033  0.0039  0.0106
2006.2041     0.0208     0.0259     0.0069  0.0033  0.0037  0.0096
2006.2068     0.0172     0.0260     0.0055  0.0034  0.0032  0.0089
2006.2096     0.0196     0.0221     0.0107  0.0038  0.0039  0.0110
2006.2123     0.0143     0.0217     0.0153  0.0033  0.0039  0.0108
2006.2151     0.0165     0.0204     0.0025  0.0031  0.0035  0.0088
2006.2178     0.0160     0.0242     0.0056  0.0031  0.0033  0.0087
2006.2205     0.0150     0.0245     0.0054  0.0023  0.0027  0.0071
2006.2233     0.0158     0.0236     0.0140  0.0032  0.0038  0.0109
2006.2260     0.0169     0.0212     0.0151  0.0033  0.0035  0.0098
2006.2288     0.0155     0.0223     0.0044  0.0032  0.0032  0.0092
2006.2315     0.0194     0.0206     0.0118  0.0035  0.0037  0.0097
2006.2342     0.0181     0.0233    -0.0022  0.0032  0.0035  0.0093
2006.2370     0.0186     0.0246    -0.0031  0.0023  0.0025  0.0066
2006.2397     0.0162     0.0243     0.0045  0.0024  0.0029  0.0077
2006.4151     0.0198     0.0262    -0.0015  0.0022  0.0026  0.0066
2006.4178     0.0194     0.0220    -0.0082  0.0027  0.0032  0.0089
2006.4205     0.0179     0.0253    -0.0022  0.0035  0.0040  0.0100
2006.4315     0.0165     0.0298    -0.0067  0.0044  0.0049  0.0112
2006.4342     0.0178     0.0288    -0.0160  0.0075  0.0088  0.0301
2006.4397     0.0210     0.0238    -0.0015  0.0026  0.0030  0.0077
2006.4425     0.0198     0.0239    -0.0002  0.0032  0.0039  0.0105
2006.4452     0.0197     0.0274    -0.0114  0.0035  0.0041  0.0112
2006.4479     0.0163     0.0263    -0.0032  0.0037  0.0044  0.0120
2006.4507     0.0158     0.0259    -0.0042  0.0036  0.0041  0.0109
2006.4534     0.0179     0.0297    -0.0047  0.0027  0.0031  0.0079
2006.4562     0.0173     0.0272    -0.0013  0.0032  0.0038  0.0098
2006.4589     0.0202     0.0246     0.0022  0.0038  0.0043  0.0104
2006.4616     0.0187     0.0244    -0.0077  0.0035  0.0043  0.0117
2006.4644     0.0184     0.0244    -0.0065  0.0031  0.0037  0.0097
2006.4671     0.0172     0.0198    -0.0044  0.0031  0.0036  0.0100
2006.4699     0.0195     0.0257    -0.0062  0.0031  0.0037  0.0106
2006.4726     0.0205     0.0247    -0.0098  0.0021  0.0024  0.0062
2006.4781     0.0201     0.0251    -0.0002  0.0038  0.0039  0.0096
2006.4808     0.0203     0.0217    -0.0057  0.0039  0.0043  0.0115
2006.4836     0.0218     0.0295     0.0030  0.0039  0.0042  0.0101
2006.4863     0.0217     0.0248     0.0006  0.0032  0.0033  0.0074
2006.5137     0.0221     0.0266    -0.0030  0.0025  0.0029  0.0072
2006.5164     0.0207     0.0262    -0.0021  0.0033  0.0037  0.0105
2006.5192     0.0182     0.0242    -0.0077  0.0037  0.0038  0.0095
2006.5219     0.0192     0.0238    -0.0023  0.0024  0.0028  0.0068
2006.5247     0.0186     0.0281    -0.0073  0.0032  0.0037  0.0103
2006.5274     0.0224     0.0262    -0.0081  0.0025  0.0026  0.0069
2006.5301     0.0226     0.0258    -0.0055  0.0038  0.0037  0.0095
2006.5329     0.0181     0.0274    -0.0146  0.0031  0.0034  0.0093
2006.5356     0.0218     0.0225    -0.0010  0.0030  0.0035  0.0087
2006.5384     0.0198     0.0266    -0.0124  0.0021  0.0024  0.0065
2006.5411     0.0205     0.0253    -0.0065  0.0029  0.0034  0.0093
2006.5438     0.0231     0.0270    -0.0051  0.0041  0.0039  0.0103
2006.5822     0.0181     0.0260    -0.0025  0.0028  0.0029  0.0087
2006.5849     0.0175     0.0264    -0.0162  0.0035  0.0039  0.0099
2006.5904     0.0198     0.0270    -0.0171  0.0038  0.0043  0.0117
2006.5932     0.0216     0.0245    -0.0037  0.0034  0.0039  0.0112
2006.5959     0.0177     0.0251    -0.0110  0.0039  0.0040  0.0102
2006.5986     0.0202     0.0195    -0.0016  0.0043  0.0045  0.0127
2006.6014     0.0207     0.0270    -0.0114  0.0030  0.0035  0.0092
2006.6041     0.0216     0.0220    -0.0081  0.0031  0.0035  0.0099
2006.6068     0.0181     0.0249    -0.0025  0.0022  0.0024  0.0065
2006.6096     0.0196     0.0255    -0.0029  0.0022  0.0025  0.0065
2006.6123     0.0201     0.0257    -0.0102  0.0021  0.0024  0.0066
2006.6151     0.0182     0.0235    -0.0023  0.0029  0.0029  0.0068
2006.6178     0.0202     0.0259    -0.0039  0.0027  0.0033  0.0095
2006.7384     0.0223     0.0252    -0.0045  0.0032  0.0035  0.0097
2006.7411     0.0239     0.0313     0.0096  0.0036  0.0047  0.0121
2006.7438     0.0216     0.0321    -0.0129  0.0029  0.0034  0.0101
2006.7466     0.0224     0.0296    -0.0086  0.0024  0.0028  0.0078
2006.7740     0.0220     0.0321     0.0003  0.0033  0.0039  0.0121
2006.7849     0.0268     0.0252     0.0423  0.0054  0.0062  0.0219
2006.7877     0.0259     0.0381    -0.0127  0.0053  0.0069  0.0191
2006.7904     0.0274     0.0350     0.0023  0.0040  0.0041  0.0133
2006.7932     0.0254     0.0309    -0.0075  0.0038  0.0048  0.0129
2006.8014     0.0208     0.0269    -0.0142  0.0046  0.0048  0.0155
2006.8096     0.0208     0.0352    -0.0227  0.0055  0.0060  0.0200
2006.8123     0.0217     0.0328    -0.0106  0.0057  0.0068  0.0208
2006.8151     0.0245     0.0350    -0.0194  0.0058  0.0062  0.0196
2006.8205     0.0276     0.0366    -0.0043  0.0045  0.0044  0.0158
2006.8452     0.0273     0.0278     0.0037  0.0047  0.0054  0.0164
2006.8534     0.0309     0.0374    -0.0012  0.0044  0.0047  0.0151
2006.8589     0.0260     0.0371    -0.0020  0.0032  0.0037  0.0113
2006.8616     0.0258     0.0316    -0.0018  0.0034  0.0034  0.0094
2006.8644     0.0242     0.0314     0.0036  0.0047  0.0058  0.0165
2006.8699     0.0200     0.0296    -0.0046  0.0041  0.0048  0.0145
2006.8890     0.0212     0.0330    -0.0053  0.0028  0.0033  0.0091
2006.8918     0.0247     0.0305    -0.0073  0.0025  0.0028  0.0068
2006.8973     0.0248     0.0335    -0.0061  0.0035  0.0039  0.0109
2006.9000     0.0250     0.0282    -0.0085  0.0032  0.0039  0.0108
2006.9027     0.0272     0.0344    -0.0137  0.0041  0.0048  0.0167
2006.9055     0.0216     0.0331    -0.0043  0.0052  0.0063  0.0188
2006.9137     0.0277     0.0318    -0.0036  0.0027  0.0030  0.0075
2006.9164     0.0265     0.0293     0.0033  0.0037  0.0039  0.0120
2006.9192     0.0265     0.0322     0.0045  0.0033  0.0038  0.0107
2006.9219     0.0233     0.0290    -0.0114  0.0036  0.0041  0.0117
2006.9247     0.0257     0.0330    -0.0076  0.0033  0.0036  0.0094
2006.9274     0.0233     0.0292    -0.0053  0.0034  0.0040  0.0100
2006.9301     0.0262     0.0319     0.0007  0.0027  0.0029  0.0071
2006.9329     0.0227     0.0293    -0.0146  0.0032  0.0035  0.0092
2006.9356     0.0282     0.0294     0.0045  0.0038  0.0047  0.0146
2006.9384     0.0281     0.0310    -0.0057  0.0033  0.0036  0.0127
2006.9411     0.0239     0.0328    -0.0139  0.0044  0.0053  0.0177
2006.9438     0.0291     0.0304    -0.0068  0.0036  0.0041  0.0136
2006.9466     0.0256     0.0287    -0.0043  0.0033  0.0036  0.0124
2006.9493     0.0238     0.0271    -0.0099  0.0034  0.0040  0.0124
2006.9521     0.0317     0.0293     0.0039  0.0041  0.0043  0.0142
2006.9548     0.0236     0.0303    -0.0035  0.0029  0.0030  0.0069
2006.9575     0.0235     0.0292    -0.0043  0.0034  0.0037  0.0102
2006.9603     0.0273     0.0339    -0.0177  0.0025  0.0028  0.0078
2006.9630     0.0280     0.0346    -0.0080  0.0029  0.0029  0.0071
2006.9658     0.0239     0.0335    -0.0026  0.0033  0.0038  0.0103
2006.9685     0.0253     0.0318    -0.0068  0.0032  0.0036  0.0098
2006.9712     0.0246     0.0362    -0.0063  0.0034  0.0035  0.0108
2006.9767     0.0266     0.0340    -0.0025  0.0029  0.0032  0.0082
2006.9822     0.0277     0.0339    -0.0049  0.0033  0.0034  0.0098
2006.9849     0.0279     0.0315    -0.0087  0.0035  0.0042  0.0110
2006.9877     0.0280     0.0306    -0.0117  0.0035  0.0035  0.0111
2006.9904     0.0279     0.0295     0.0039  0.0034  0.0040  0.0119
2007.0096     0.0285     0.0331    -0.0048  0.0031  0.0035  0.0087
2007.0123     0.0268     0.0336    -0.0071  0.0041  0.0037  0.0108
2007.0151     0.0274     0.0340    -0.0047  0.0029  0.0028  0.0064
2007.0178     0.0272     0.0374    -0.0169  0.0035  0.0038  0.0103
2007.0205     0.0300     0.0322    -0.0061  0.0035  0.0037  0.0096
2007.0233     0.0329     0.0361    -0.0031  0.0042  0.0050  0.0135
2007.0288     0.0329     0.0356     0.0003  0.0030  0.0035  0.0086
2007.0315     0.0297     0.0339    -0.0035  0.0036  0.0042  0.0114
2007.0342     0.0309     0.0331     0.0021  0.0029  0.0032  0.0093
2007.0370     0.0317     0.0327     0.0009  0.0029  0.0031  0.0094
2007.0397     0.0309     0.0323     0.0001  0.0030  0.0032  0.0072
2007.0425     0.0322     0.0333     0.0030  0.0029  0.0031  0.0088
2007.0452     0.0307     0.0314     0.0026  0.0028  0.0028  0.0069
2007.0479     0.0316     0.0315    -0.0065  0.0032  0.0036  0.0104
2007.0507     0.0313     0.0370     0.0028  0.0031  0.0037  0.0103
2007.0534     0.0315     0.0325    -0.0000  0.0032  0.0032  0.0092
2007.0562     0.0289     0.0338    -0.0055  0.0026  0.0028  0.0070
2007.0589     0.0315     0.0353    -0.0041  0.0031  0.0036  0.0088
2007.0616     0.0322     0.0368     0.0054  0.0032  0.0036  0.0115
2007.0644     0.0312     0.0374    -0.0030  0.0034  0.0034  0.0096
2007.0671     0.0323     0.0343    -0.0002  0.0036  0.0040  0.0098
2007.0699     0.0298     0.0331    -0.0043  0.0025  0.0026  0.0059
2007.0726     0.0253     0.0381     0.0176  0.0030  0.0035  0.0090
2007.0753     0.0310     0.0347     0.0061  0.0039  0.0045  0.0110
2007.0781     0.0300     0.0340    -0.0012  0.0037  0.0038  0.0100
2007.0808     0.0277     0.0350    -0.0015  0.0034  0.0041  0.0099
2007.0836     0.0319     0.0377     0.0064  0.0039  0.0041  0.0093
2007.0863     0.0315     0.0362    -0.0049  0.0032  0.0033  0.0088
2007.0890     0.0289     0.0374     0.0019  0.0033  0.0039  0.0103
2007.0945     0.0266     0.0388     0.0001  0.0032  0.0036  0.0087
2007.0973     0.0306     0.0371     0.0037  0.0034  0.0041  0.0124
2007.1110     0.0302     0.0325    -0.0021  0.0038  0.0045  0.0107
2007.1164     0.0315     0.0338    -0.0067  0.0031  0.0034  0.0087
2007.1192     0.0305     0.0334     0.0053  0.0032  0.0035  0.0098
2007.1219     0.0352     0.0347     0.0057  0.0039  0.0043  0.0101
2007.1247     0.0310     0.0335    -0.0082  0.0037  0.0040  0.0105
2007.1329     0.0330     0.0309    -0.0009  0.0050  0.0072  0.0171
2007.1384     0.0301     0.0353    -0.0026  0.0033  0.0042  0.0108
2007.1411     0.0257     0.0331    -0.0026  0.0032  0.0035  0.0084
2007.1438     0.0303     0.0345    -0.0059  0.0037  0.0041  0.0090
2007.1575     0.0295     0.0357     0.0027  0.0039  0.0046  0.0110
2007.1603     0.0311     0.0319    -0.0001  0.0038  0.0042  0.0100
2007.1630     0.0305     0.0360     0.0049  0.0038  0.0042  0.0123
2007.1658     0.0314     0.0349     0.0012  0.0033  0.0035  0.0100
2007.1685     0.0275     0.0330     0.0091  0.0029  0.0031  0.0072
2007.1712     0.0314     0.0337     0.0044  0.0030  0.0035  0.0091
2007.1740     0.0304     0.0374     0.0031  0.0030  0.0037  0.0092
2007.1767     0.0318     0.0397     0.0025  0.0035  0.0043  0.0112
2007.1849     0.0290     0.0360     0.0030  0.0032  0.0041  0.0109
2007.1877     0.0331     0.0378     0.0039  0.0027  0.0030  0.0066
2007.1959     0.0324     0.0357     0.0037  0.0040  0.0043  0.0117
2007.1986     0.0323     0.0340     0.0039  0.0036  0.0041  0.0107
2007.2014     0.0289     0.0321    -0.0048  0.0034  0.0039  0.0100
2007.2041     0.0306     0.0354     0.0015  0.0039  0.0044  0.0128
2007.2068     0.0333     0.0299     0.0054  0.0023  0.0028  0.0075
2007.2096     0.0313     0.0335    -0.0001  0.0052  0.0070  0.0182
2007.2123     0.0273     0.0318    -0.0120  0.0037  0.0048  0.0122
2007.2151     0.0317     0.0351    -0.0062  0.0046  0.0051  0.0159
2007.2178     0.0306     0.0373    -0.0042  0.0034  0.0035  0.0103
2007.2205     0.0296     0.0340    -0.0018  0.0038  0.0041  0.0112
2007.2233     0.0318     0.0353     0.0008  0.0032  0.0038  0.0095
2007.2370     0.0315     0.0362    -0.0043  0.0031  0.0035  0.0097
2007.2397     0.0275     0.0361    -0.0056  0.0040  0.0044  0.0121
2007.2425     0.0312     0.0302     0.0038  0.0028  0.0033  0.0083
2007.2452     0.0308     0.0356    -0.0077  0.0034  0.0043  0.0109
2007.2507     0.0305     0.0355    -0.0021  0.0022  0.0025  0.0065
2007.2589     0.0313     0.0322    -0.0031  0.0038  0.0042  0.0117
2007.2616     0.0297     0.0361    -0.0013  0.0044  0.0046  0.0136
2007.2644     0.0287     0.0363    -0.0016  0.0035  0.0040  0.0114
2007.2671     0.0285     0.0372    -0.0064  0.0036  0.0049  0.0135
2007.2699     0.0265     0.0372    -0.0037  0.0036  0.0048  0.0130
2007.2753     0.0257     0.0365     0.0133  0.0036  0.0042  0.0117
2007.2808     0.0255     0.0404    -0.0064  0.0034  0.0038  0.0113
2007.2836     0.0278     0.0328    -0.0020  0.0040  0.0054  0.0149
2007.2863     0.0351     0.0268     0.0093  0.0049  0.0069  0.0206
2007.2890     0.0294     0.0408    -0.0005  0.0042  0.0051  0.0146
2007.2918     0.0306     0.0314    -0.0019  0.0041  0.0048  0.0136
2007.2945     0.0252     0.0361    -0.0147  0.0032  0.0038  0.0096
2007.2973     0.0305     0.0361    -0.0046  0.0033  0.0043  0.0109
2007.3000     0.0375     0.0244     0.0054  0.0057  0.0066  0.0203
2007.3027     0.0356     0.0433     0.0278  0.0033  0.0039  0.0112
2007.3110     0.0346     0.0390     0.0094  0.0044  0.0049  0.0128
2007.3219     0.0297     0.0380    -0.0103  0.0033  0.0040  0.0104
2007.3247     0.0271     0.0362    -0.0032  0.0025  0.0030  0.0075
2007.3301     0.0298     0.0367    -0.0060  0.0036  0.0040  0.0118
2007.3329     0.0304     0.0364    -0.0032  0.0030  0.0037  0.0095
2007.3356     0.0294     0.0351    -0.0124  0.0033  0.0038  0.0101
2007.3384     0.0320     0.0382     0.0021  0.0027  0.0030  0.0083
2007.3411     0.0314     0.0351     0.0072  0.0032  0.0035  0.0099
2007.3438     0.0310     0.0337     0.0052  0.0030  0.0035  0.0099
2007.3493     0.0290     0.0351    -0.0009  0.0024  0.0030  0.0069
2007.3548     0.0290     0.0348    -0.0050  0.0029  0.0034  0.0075
2007.3575     0.0274     0.0309    -0.0013  0.0030  0.0038  0.0101
2007.3603     0.0260     0.0337    -0.0055  0.0035  0.0041  0.0105
2007.3630     0.0303     0.0316    -0.0089  0.0043  0.0063  0.0147
2007.3658     0.0303     0.0352    -0.0118  0.0027  0.0035  0.0092
2007.3685     0.0308     0.0349    -0.0025  0.0036  0.0039  0.0093
2007.3740     0.0314     0.0388     0.0007  0.0027  0.0034  0.0100
2007.3795     0.0291     0.0359    -0.0055  0.0032  0.0038  0.0094
2007.3849     0.0282     0.0380     0.0030  0.0034  0.0040  0.0121
2007.3877     0.0315     0.0325    -0.0003  0.0032  0.0038  0.0101
2007.3904     0.0281     0.0346    -0.0121  0.0037  0.0046  0.0116
2007.3959     0.0282     0.0368    -0.0021  0.0033  0.0041  0.0115
2007.3986     0.0300     0.0348     0.0016  0.0027  0.0030  0.0076
2007.4014     0.0304     0.0365    -0.0099  0.0026  0.0028  0.0072
2007.4041     0.0318     0.0352     0.0057  0.0036  0.0042  0.0127
2007.4068     0.0306     0.0378    -0.0026  0.0027  0.0034  0.0081
2007.4096     0.0309     0.0376    -0.0025  0.0039  0.0050  0.0102
2007.4123     0.0296     0.0388    -0.0180  0.0023  0.0027  0.0068
2007.4151     0.0307     0.0402    -0.0068  0.0036  0.0044  0.0110
2007.4178     0.0334     0.0411    -0.0064  0.0042  0.0049  0.0126
2007.4205     0.0322     0.0385    -0.0070  0.0031  0.0040  0.0111
2007.4233     0.0292     0.0330    -0.0041  0.0029  0.0038  0.0095
2007.4260     0.0283     0.0387    -0.0083  0.0033  0.0040  0.0113
2007.4288     0.0301     0.0413    -0.0152  0.0036  0.0041  0.0122
2007.4315     0.0269     0.0399    -0.0059  0.0036  0.0047  0.0128
2007.4342     0.0289     0.0351    -0.0105  0.0039  0.0043  0.0106
2007.4370     0.0342     0.0382    -0.0014  0.0041  0.0049  0.0109
2007.4397     0.0298     0.0379    -0.0044  0.0030  0.0036  0.0094
2007.4425     0.0300     0.0351    -0.0108  0.0031  0.0038  0.0101
2007.4452     0.0325     0.0353    -0.0086  0.0039  0.0043  0.0119
2007.4479     0.0298     0.0429     0.0130  0.0031  0.0041  0.0115
2007.4507     0.0315     0.0409    -0.0028  0.0032  0.0039  0.0101
2007.4534     0.0248     0.0366    -0.0069  0.0035  0.0041  0.0118
2007.4562     0.0307     0.0354    -0.0058  0.0039  0.0050  0.0121
2007.4589     0.0298     0.0289    -0.0232  0.0033  0.0039  0.0104
2007.4616     0.0385     0.0421    -0.0014  0.0056  0.0072  0.0186
2007.4644     0.0320     0.0367    -0.0026  0.0040  0.0048  0.0126
2007.4671     0.0276     0.0391     0.0001  0.0026  0.0030  0.0075
2007.4699     0.0331     0.0400    -0.0052  0.0037  0.0042  0.0115
2007.4726     0.0326     0.0336    -0.0156  0.0037  0.0042  0.0123
2007.4753     0.0278     0.0352     0.0106  0.0037  0.0047  0.0132
2007.4781     0.0318     0.0385    -0.0060  0.0033  0.0037  0.0108
2007.4808     0.0335     0.0386    -0.0140  0.0034  0.0039  0.0102
2007.4836     0.0257     0.0386    -0.0119  0.0041  0.0051  0.0147
2007.4890     0.0324     0.0375    -0.0085  0.0030  0.0028  0.0068
2007.4918     0.0281     0.0421    -0.0088  0.0034  0.0041  0.0107
2007.4945     0.0330     0.0363    -0.0045  0.0030  0.0037  0.0101
2007.4973     0.0292     0.0432    -0.0121  0.0039  0.0047  0.0112
2007.5000     0.0301     0.0450    -0.0082  0.0035  0.0042  0.0096
2007.5027     0.0299     0.0387    -0.0057  0.0033  0.0041  0.0117
2007.5055     0.0280     0.0378     0.0009  0.0037  0.0040  0.0104
2007.5082     0.0305     0.0409    -0.0103  0.0033  0.0038  0.0110
2007.5110     0.0326     0.0374    -0.0066  0.0040  0.0046  0.0131
2007.5137     0.0314     0.0325    -0.0067  0.0039  0.0045  0.0127
2007.5164     0.0268     0.0422    -0.0202  0.0042  0.0059  0.0147
2007.5192     0.0304     0.0389    -0.0163  0.0029  0.0028  0.0073
2007.5247     0.0298     0.0376    -0.0004  0.0045  0.0051  0.0126
2007.5274     0.0322     0.0388    -0.0054  0.0035  0.0038  0.0110
2007.5301     0.0273     0.0353    -0.0010  0.0043  0.0054  0.0139
2007.5356     0.0297     0.0427     0.0020  0.0043  0.0052  0.0147
2007.5411     0.0269     0.0383    -0.0083  0.0039  0.0047  0.0133
2007.5438     0.0306     0.0373    -0.0138  0.0038  0.0047  0.0130
2007.5466     0.0279     0.0359    -0.0062  0.0044  0.0049  0.0141
2007.5493     0.0320     0.0407    -0.0049  0.0038  0.0056  0.0128
2007.5521     0.0307     0.0394    -0.0118  0.0040  0.0046  0.0112
2007.5548     0.0298     0.0398    -0.0164  0.0041  0.0047  0.0121
2007.5575     0.0284     0.0372    -0.0258  0.0031  0.0038  0.0097
2007.5603     0.0283     0.0343    -0.0231  0.0038  0.0048  0.0130
2007.5658     0.0293     0.0366     0.0005  0.0037  0.0044  0.0128
2007.5685     0.0351     0.0327    -0.0023  0.0042  0.0046  0.0122
2007.5712     0.0320     0.0458    -0.0151  0.0039  0.0046  0.0117
2007.5740     0.0296     0.0375    -0.0179  0.0037  0.0039  0.0112
2007.5795     0.0296     0.0396    -0.0062  0.0037  0.0041  0.0114
2007.5849     0.0267     0.0393    -0.0121  0.0037  0.0043  0.0121
2007.5877     0.0334     0.0430    -0.0045  0.0034  0.0042  0.0108
2007.5904     0.0372     0.0351    -0.0066  0.0036  0.0054  0.0120
2007.5932     0.0332     0.0404    -0.0111  0.0035  0.0041  0.0103
2007.5959     0.0368     0.0385    -0.0111  0.0028  0.0032  0.0074
2007.5986     0.0312     0.0397    -0.0194  0.0033  0.0038  0.0089
2007.6041     0.0393     0.0376    -0.0035  0.0033  0.0043  0.0123
2007.6068     0.0335     0.0364    -0.0185  0.0020  0.0027  0.0079
2007.6096     0.0325     0.0409    -0.0280  0.0027  0.0031  0.0081
2007.6123     0.0299     0.0425    -0.0174  0.0030  0.0034  0.0086
2007.6151     0.0315     0.0382    -0.0172  0.0034  0.0043  0.0115
2007.6178     0.0331     0.0341    -0.0168  0.0037  0.0051  0.0120
2007.6205     0.0318     0.0420    -0.0181  0.0042  0.0056  0.0146
2007.6233     0.0314     0.0389    -0.0221  0.0036  0.0046  0.0126
2007.6397     0.0335     0.0402    -0.0093  0.0026  0.0030  0.0080
2007.6425     0.0329     0.0407    -0.0189  0.0033  0.0047  0.0118
2007.6452     0.0362     0.0469    -0.0009  0.0039  0.0049  0.0139
2007.6479     0.0289     0.0356     0.0198  0.0059  0.0082  0.0245
2007.6507     0.0337     0.0520    -0.0193  0.0043  0.0055  0.0152
2007.6534     0.0337     0.0427    -0.0065  0.0038  0.0044  0.0111
2007.6562     0.0311     0.0400     0.0023  0.0047  0.0061  0.0155
2007.6589     0.0325     0.0381    -0.0184  0.0037  0.0042  0.0119
2007.6644     0.0311     0.0426     0.0041  0.0042  0.0055  0.0162
2007.6699     0.0370     0.0378    -0.0142  0.0035  0.0045  0.0131
2007.6726     0.0356     0.0370    -0.0031  0.0037  0.0049  0.0114
2007.6753     0.0359     0.0403    -0.0058  0.0036  0.0041  0.0103
2007.6836     0.0357     0.0405    -0.0181  0.0037  0.0041  0.0113
2007.6863     0.0362     0.0401    -0.0029  0.0027  0.0034  0.0091
2007.6890     0.0363     0.0445    -0.0038  0.0036  0.0043  0.0119
2007.6918     0.0331     0.0416    -0.0137  0.0033  0.0036  0.0099
2007.6973     0.0405     0.0405    -0.0083  0.0027  0.0034  0.0096
2007.7055     0.0374     0.0386    -0.0078  0.0036  0.0046  0.0141
2007.7110     0.0353     0.0407    -0.0077  0.0034  0.0039  0.0127
2007.7137     0.0327     0.0460    -0.0047  0.0024  0.0027  0.0066
2007.7164     0.0317     0.0438    -0.0033  0.0034  0.0044  0.0117
2007.7192     0.0334     0.0430     0.0007  0.0027  0.0033  0.0087
2007.7247     0.0323     0.0420    -0.0091  0.0036  0.0040  0.0109
2007.7274     0.0314     0.0454    -0.0143  0.0046  0.0051  0.0134
2007.7795     0.0409     0.0486    -0.0043  0.0028  0.0035  0.0100
2007.7822     0.0347     0.0453    -0.0071  0.0038  0.0047  0.0124
2007.7849     0.0319     0.0452    -0.0110  0.0030  0.0034  0.0099
2007.7877     0.0365     0.0445    -0.0062  0.0033  0.0037  0.0100
2007.7904     0.0346     0.0444    -0.0164  0.0036  0.0039  0.0104
2007.7932     0.0347     0.0468    -0.0019  0.0032  0.0039  0.0097
2007.7959     0.0354     0.0460    -0.0170  0.0034  0.0038  0.0098
2007.7986     0.0343     0.0469     0.0052  0.0036  0.0044  0.0124
2007.8041     0.0327     0.0468    -0.0207  0.0044  0.0049  0.0123
2007.8123     0.0404     0.0511    -0.0236  0.0067  0.0063  0.0121
2007.8151     0.0361     0.0415     0.0076  0.0039  0.0049  0.0147
2007.8178     0.0344     0.0452    -0.0177  0.0037  0.0041  0.0121
2007.8205     0.0402     0.0373    -0.0200  0.0041  0.0051  0.0160
2007.8233     0.0362     0.0424     0.0027  0.0041  0.0049  0.0157
2007.8288     0.0329     0.0396    -0.0132  0.0033  0.0037  0.0107
2007.8315     0.0365     0.0456    -0.0195  0.0025  0.0029  0.0078
2007.8342     0.0384     0.0404    -0.0173  0.0037  0.0046  0.0134
2007.8370     0.0388     0.0462    -0.0145  0.0034  0.0041  0.0114
2007.8397     0.0375     0.0389    -0.0147  0.0029  0.0034  0.0097
2007.8425     0.0377     0.0400    -0.0169  0.0025  0.0028  0.0077
2007.8452     0.0336     0.0519     0.0120  0.0044  0.0057  0.0181
2007.8479     0.0375     0.0449    -0.0155  0.0024  0.0027  0.0071
2007.8507     0.0370     0.0462    -0.0088  0.0033  0.0042  0.0122
2007.8699     0.0322     0.0448    -0.0087  0.0033  0.0042  0.0119
2007.8726     0.0364     0.0480    -0.0146  0.0028  0.0034  0.0101
2007.8753     0.0350     0.0462    -0.0158  0.0027  0.0027  0.0072
2007.8781     0.0346     0.0432    -0.0220  0.0025  0.0030  0.0073
2007.8808     0.0358     0.0409    -0.0117  0.0023  0.0027  0.0072
2007.8836     0.0376     0.0433    -0.0103  0.0032  0.0035  0.0091
2007.8863     0.0347     0.0433    -0.0131  0.0023  0.0027  0.0064
2007.8890     0.0387     0.0418    -0.0064  0.0024  0.0027  0.0077
2007.8918     0.0334     0.0411    -0.0165  0.0027  0.0033  0.0089
2007.8945     0.0400     0.0401    -0.0093  0.0026  0.0031  0.0079
2007.8973     0.0337     0.0471    -0.0179  0.0024  0.0028  0.0073
2007.9000     0.0365     0.0420    -0.0148  0.0028  0.0033  0.0096
2007.9055     0.0380     0.0426    -0.0106  0.0023  0.0026  0.0067
2007.9082     0.0383     0.0416    -0.0151  0.0028  0.0036  0.0094
2007.9110     0.0388     0.0390    -0.0153  0.0026  0.0032  0.0089
2007.9137     0.0351     0.0396    -0.0206  0.0022  0.0025  0.0065
2007.9164     0.0356     0.0415    -0.0195  0.0023  0.0026  0.0071
2007.9192     0.0348     0.0407    -0.0119  0.0029  0.0035  0.0094
2007.9219     0.0317     0.0396    -0.0279  0.0027  0.0029  0.0074
2007.9247     0.0366     0.0444    -0.0245  0.0023  0.0027  0.0069
2007.9301     0.0374     0.0425    -0.0268  0.0028  0.0032  0.0078
2007.9329     0.0377     0.0430    -0.0192  0.0033  0.0036  0.0104
2007.9356     0.0389     0.0472    -0.0267  0.0048  0.0057  0.0160
2007.9493     0.0370     0.0467    -0.0082  0.0032  0.0032  0.0089
2007.9521     0.0389     0.0468    -0.0068  0.0026  0.0028  0.0065
2007.9575     0.0438     0.0402    -0.0045  0.0035  0.0039  0.0115
2007.9603     0.0402     0.0489    -0.0047  0.0052  0.0052  0.0167
2007.9630     0.0390     0.0451    -0.0243  0.0038  0.0043  0.0133
2007.9658     0.0411     0.0450    -0.0159  0.0025  0.0029  0.0071
2007.9712     0.0397     0.0458    -0.0127  0.0028  0.0032  0.0094
2007.9740     0.0351     0.0459    -0.0087  0.0037  0.0042  0.0098
2007.9767     0.0387     0.0468    -0.0125  0.0036  0.0035  0.0089
2007.9795     0.0393     0.0463    -0.0131  0.0029  0.0033  0.0090
2007.9822     0.0383     0.0469    -0.0150  0.0033  0.0039  0.0100
2007.9849     0.0372     0.0448    -0.0119  0.0034  0.0038  0.0093
2007.9877     0.0407     0.0434     0.0008  0.0034  0.0041  0.0097
2007.9904     0.0415     0.0416    -0.0162  0.0035  0.0041  0.0100
2007.9932     0.0382     0.0476    -0.0121  0.0038  0.0045  0.0088
2007.9959     0.0393     0.0477    -0.0112  0.0035  0.0041  0.0085
2007.9986     0.0388     0.0495    -0.0063  0.0036  0.0037  0.0082
2008.0014     0.0397     0.0466    -0.0164  0.0035  0.0037  0.0088
2008.0068     0.0410     0.0461    -0.0155  0.0027  0.0031  0.0063
2008.0096     0.0375     0.0515    -0.0065  0.0033  0.0037  0.0092
2008.0123     0.0391     0.0490    -0.0136  0.0031  0.0034  0.0085
2008.0150     0.0371     0.0449    -0.0050  0.0030  0.0035  0.0093
2008.0178     0.0382     0.0453    -0.0128  0.0027  0.0031  0.0085
2008.0205     0.0408     0.0459    -0.0088  0.0032  0.0034  0.0091
2008.0232     0.0368     0.0461    -0.0108  0.0033  0.0035  0.0092
2008.0260     0.0380     0.0465    -0.0211  0.0032  0.0038  0.0090
2008.0287     0.0371     0.0466    -0.0101  0.0023  0.0028  0.0066
2008.0314     0.0361     0.0454    -0.0137  0.0034  0.0039  0.0097
2008.0369     0.0404     0.0487    -0.0060  0.0027  0.0031  0.0087
2008.0396     0.0409     0.0381    -0.0117  0.0039  0.0048  0.0136
2008.0423     0.0412     0.0467    -0.0075  0.0031  0.0034  0.0102
2008.0451     0.0412     0.0443    -0.0046  0.0036  0.0040  0.0111
2008.0478     0.0416     0.0499    -0.0088  0.0035  0.0038  0.0086
2008.0505     0.0408     0.0478    -0.0096  0.0030  0.0034  0.0083
2008.0533     0.0406     0.0505    -0.0102  0.0031  0.0032  0.0081
2008.0560     0.0435     0.0499    -0.0155  0.0032  0.0036  0.0099
2008.0587     0.0384     0.0465    -0.0030  0.0030  0.0034  0.0085
2008.0615     0.0407     0.0488    -0.0048  0.0029  0.0031  0.0084
2008.0642     0.0397     0.0480    -0.0065  0.0028  0.0030  0.0086
2008.1872     0.0405     0.0416    -0.0040  0.0033  0.0039  0.0107
2008.1899     0.0415     0.0426    -0.0043  0.0038  0.0043  0.0107
2008.1926     0.0407     0.0442    -0.0043  0.0028  0.0032  0.0088
2008.1954     0.0416     0.0480    -0.0061  0.0028  0.0034  0.0087
2008.1981     0.0397     0.0470    -0.0055  0.0023  0.0029  0.0074
2008.2773     0.0408     0.0448    -0.0095  0.0034  0.0043  0.0108
2008.2801     0.0483     0.0384     0.0024  0.0055  0.0076  0.0199
2008.2828     0.0431     0.0475    -0.0047  0.0032  0.0039  0.0097
2008.2855     0.0384     0.0459    -0.0151  0.0040  0.0048  0.0121
2008.2883     0.0405     0.0486    -0.0072  0.0040  0.0046  0.0107
2008.2910     0.0443     0.0470    -0.0092  0.0022  0.0028  0.0065
2008.2964     0.0404     0.0473    -0.0175  0.0036  0.0038  0.0091
2008.2992     0.0394     0.0505    -0.0055  0.0039  0.0043  0.0099
2008.3046     0.0433     0.0499    -0.0030  0.0036  0.0041  0.0093
2008.3074     0.0464     0.0501    -0.0045  0.0021  0.0026  0.0060
2008.3101     0.0411     0.0457    -0.0018  0.0040  0.0046  0.0109
2008.3128     0.0454     0.0495    -0.0066  0.0031  0.0036  0.0091
2008.3156     0.0453     0.0490     0.0013  0.0030  0.0036  0.0095
2008.3183     0.0476     0.0458    -0.0054  0.0035  0.0044  0.0108
2008.3210     0.0470     0.0463     0.0017  0.0032  0.0041  0.0100
2008.3238     0.0401     0.0452    -0.0162  0.0036  0.0048  0.0119
2008.3265     0.0428     0.0496    -0.0020  0.0038  0.0042  0.0098
2008.3292     0.0394     0.0500     0.0052  0.0041  0.0044  0.0105
2008.3484     0.0421     0.0489    -0.0077  0.0027  0.0033  0.0084
2008.3538     0.0415     0.0502     0.0001  0.0035  0.0038  0.0093
2008.3566     0.0408     0.0548    -0.0054  0.0036  0.0041  0.0092
2008.3593     0.0409     0.0474    -0.0022  0.0036  0.0042  0.0102
2008.3620     0.0476     0.0519    -0.0150  0.0039  0.0040  0.0100
2008.3648     0.0447     0.0440    -0.0139  0.0032  0.0034  0.0072
2008.3675     0.0429     0.0473    -0.0079  0.0029  0.0036  0.0102
2008.3702     0.0413     0.0523    -0.0189  0.0037  0.0042  0.0104
2008.3730     0.0427     0.0485     0.0038  0.0032  0.0034  0.0095
2008.3757     0.0405     0.0498    -0.0061  0.0033  0.0043  0.0107
2008.3784     0.0480     0.0489    -0.0058  0.0030  0.0037  0.0093
2008.3811     0.0427     0.0466    -0.0064  0.0036  0.0038  0.0088
2008.3839     0.0437     0.0540    -0.0094  0.0028  0.0036  0.0086
2008.3866     0.0422     0.0451    -0.0141  0.0031  0.0035  0.0093
2008.3893     0.0437     0.0470    -0.0065  0.0026  0.0028  0.0065
2008.3921     0.0431     0.0463    -0.0116  0.0037  0.0042  0.0096
2008.3948     0.0396     0.0481    -0.0199  0.0043  0.0046  0.0118
2008.3975     0.0456     0.0449    -0.0158  0.0040  0.0048  0.0117
2008.4003     0.0429     0.0450    -0.0134  0.0039  0.0048  0.0116
2008.4030     0.0432     0.0483    -0.0143  0.0022  0.0027  0.0063
2008.4057     0.0406     0.0509    -0.0173  0.0037  0.0043  0.0093
2008.4085     0.0406     0.0499    -0.0121  0.0032  0.0036  0.0084
2008.4112     0.0470     0.0468    -0.0216  0.0040  0.0048  0.0107
2008.4139     0.0425     0.0476    -0.0159  0.0023  0.0029  0.0076
2008.4194     0.0392     0.0434    -0.0096  0.0037  0.0048  0.0131
2008.4221     0.0422     0.0498    -0.0261  0.0033  0.0040  0.0109
2008.4249     0.0437     0.0489    -0.0120  0.0037  0.0042  0.0111
2008.4276     0.0420     0.0489    -0.0113  0.0022  0.0026  0.0066
2008.4303     0.0457     0.0488    -0.0075  0.0040  0.0044  0.0123
2008.4331     0.0450     0.0519    -0.0168  0.0038  0.0041  0.0100
2008.4358     0.0444     0.0498    -0.0060  0.0028  0.0030  0.0085
2008.4385     0.0417     0.0474    -0.0162  0.0024  0.0027  0.0068
2008.4413     0.0418     0.0510    -0.0246  0.0038  0.0044  0.0110
2008.4440     0.0392     0.0450    -0.0159  0.0029  0.0035  0.0096
2008.4549     0.0385     0.0497    -0.0045  0.0032  0.0035  0.0082
2008.4577     0.0422     0.0480    -0.0144  0.0023  0.0026  0.0063
2008.4604     0.0461     0.0487    -0.0055  0.0024  0.0028  0.0078
2008.4631     0.0404     0.0449    -0.0170  0.0037  0.0044  0.0126
2008.4658     0.0396     0.0504    -0.0079  0.0038  0.0048  0.0135
2008.4686     0.0413     0.0482    -0.0172  0.0029  0.0034  0.0099
2008.4713     0.0392     0.0505    -0.0141  0.0031  0.0037  0.0101
2008.4740     0.0445     0.0502    -0.0049  0.0038  0.0045  0.0123
2008.4768     0.0402     0.0500    -0.0186  0.0025  0.0025  0.0060
2008.4795     0.0419     0.0489    -0.0115  0.0030  0.0033  0.0095
2008.4822     0.0409     0.0500    -0.0052  0.0026  0.0029  0.0068
2008.4850     0.0411     0.0496    -0.0171  0.0036  0.0040  0.0088
2008.4877     0.0453     0.0495    -0.0124  0.0030  0.0034  0.0092
2008.4904     0.0401     0.0514    -0.0099  0.0023  0.0024  0.0064
2008.4932     0.0463     0.0501    -0.0134  0.0040  0.0042  0.0106
2008.4959     0.0435     0.0531    -0.0150  0.0033  0.0040  0.0113
2008.5014     0.0433     0.0503    -0.0144  0.0035  0.0040  0.0100
2008.5041     0.0414     0.0473    -0.0117  0.0029  0.0032  0.0091
2008.5068     0.0406     0.0470    -0.0235  0.0029  0.0034  0.0094
2008.5096     0.0424     0.0552    -0.0256  0.0033  0.0041  0.0116
2008.5150     0.0420     0.0478    -0.0226  0.0025  0.0031  0.0088
2008.5178     0.0441     0.0506    -0.0138  0.0031  0.0037  0.0105
2008.5260     0.0404     0.0545    -0.0207  0.0044  0.0044  0.0104
2008.5314     0.0423     0.0508    -0.0224  0.0034  0.0040  0.0108
2008.5342     0.0438     0.0503    -0.0229  0.0048  0.0053  0.0158
2008.5369     0.0450     0.0514     0.0028  0.0032  0.0037  0.0112
2008.5396     0.0430     0.0519    -0.0147  0.0030  0.0033  0.0089
2008.5423     0.0434     0.0478    -0.0249  0.0035  0.0041  0.0091
2008.5451     0.0423     0.0533    -0.0191  0.0029  0.0034  0.0086
2008.5478     0.0444     0.0504    -0.0208  0.0038  0.0044  0.0101
2008.5505     0.0437     0.0534    -0.0164  0.0042  0.0047  0.0106
2008.5533     0.0406     0.0517    -0.0150  0.0037  0.0041  0.0104
2008.5560     0.0437     0.0520    -0.0217  0.0036  0.0039  0.0110
2008.5587     0.0410     0.0531    -0.0086  0.0038  0.0037  0.0091
2008.5615     0.0427     0.0481    -0.0157  0.0030  0.0034  0.0094
2008.5642     0.0417     0.0521    -0.0192  0.0024  0.0028  0.0072
2008.5669     0.0420     0.0495    -0.0150  0.0035  0.0040  0.0118
2008.5697     0.0420     0.0483    -0.0099  0.0036  0.0046  0.0131
2008.5724     0.0442     0.0474    -0.0080  0.0038  0.0046  0.0098
2008.5751     0.0413     0.0494    -0.0156  0.0026  0.0029  0.0072
2008.5779     0.0418     0.0496    -0.0254  0.0033  0.0041  0.0104
2008.5806     0.0458     0.0494    -0.0079  0.0041  0.0050  0.0137
2008.5833     0.0395     0.0509    -0.0196  0.0031  0.0037  0.0105
2008.5861     0.0408     0.0487    -0.0128  0.0032  0.0038  0.0107
2008.5888     0.0450     0.0484    -0.0108  0.0036  0.0039  0.0100
2008.5915     0.0406     0.0505    -0.0068  0.0032  0.0041  0.0112
2008.5943     0.0463     0.0496    -0.0022  0.0039  0.0045  0.0110
2008.5970     0.0424     0.0493    -0.0203  0.0030  0.0037  0.0100
2008.5997     0.0450     0.0518    -0.0107  0.0040  0.0046  0.0099
2008.6025     0.0429     0.0465    -0.0234  0.0027  0.0032  0.0087
2008.6079     0.0464     0.0473    -0.0132  0.0042  0.0052  0.0127
2008.6107     0.0472     0.0456    -0.0072  0.0036  0.0045  0.0114
2008.6134     0.0421     0.0505    -0.0256  0.0029  0.0035  0.0087
2008.6189     0.0471     0.0528    -0.0163  0.0033  0.0041  0.0109
2008.6216     0.0458     0.0525    -0.0205  0.0022  0.0025  0.0062
2008.6298     0.0459     0.0558    -0.0084  0.0042  0.0047  0.0117
2008.6325     0.0435     0.0529    -0.0151  0.0028  0.0034  0.0089
2013.0397     0.0934     0.1112    -0.0135  0.0027  0.0029  0.0071
2013.0425     0.0940     0.1080    -0.0105  0.0031  0.0032  0.0069
2013.0452     0.0932     0.1101    -0.0067  0.0023  0.0023  0.0055
2013.0479     0.0930     0.1082    -0.0171  0.0029  0.0030  0.0057
2013.0507     0.0940     0.1084    -0.0183  0.0030  0.0031  0.0068
2013.0534     0.0921     0.1082    -0.0093  0.0031  0.0032  0.0067
2013.0562     0.0936     0.1079    -0.0181  0.0028  0.0028  0.0052
2013.0589     0.0952     0.1125    -0.0201  0.0032  0.0033  0.0080
2013.0616     0.0943     0.1082    -0.0167  0.0034  0.0036  0.0071
2013.0644     0.0926     0.1065    -0.0150  0.0029  0.0033  0.0069
2013.0671     0.0950     0.1093    -0.0180  0.0030  0.0034  0.0071
2013.0699     0.0900     0.1076    -0.0155  0.0037  0.0038  0.0079
2013.0726     0.0901     0.1082    -0.0169  0.0032  0.0035  0.0073
2013.0753     0.0952     0.1116    -0.0146  0.0029  0.0031  0.0050
2013.0781     0.0954     0.1117    -0.0164  0.0026  0.0028  0.0065
2013.0808     0.0953     0.1121    -0.0190  0.0025  0.0030  0.0067
2013.0836     0.0944     0.1129    -0.0180  0.0025  0.0029  0.0069
2013.0863     0.0957     0.1127    -0.0199  0.0024  0.0025  0.0059
2013.0890     0.0974     0.1089    -0.0150  0.0032  0.0033  0.0070
2013.0918     0.0913     0.1072    -0.0154  0.0025  0.0027  0.0049
2013.0945     0.0944     0.1105    -0.0191  0.0025  0.0027  0.0046
2013.0973     0.0952     0.1088    -0.0190  0.0029  0.0035  0.0079
2013.1000     0.0945     0.1100    -0.0164  0.0027  0.0032  0.0077
2013.1027     0.0919     0.1122    -0.0220  0.0027  0.0034  0.0076
2013.1055     0.0958     0.1143    -0.0177  0.0036  0.0039  0.0073
2013.1082     0.0952     0.1108    -0.0173  0.0026  0.0030  0.0075
2013.1110     0.0935     0.1117    -0.0138  0.0028  0.0032  0.0081
2013.1137     0.0957     0.1106    -0.0207  0.0027  0.0031  0.0073
2013.1164     0.0961     0.1109    -0.0205  0.0032  0.0032  0.0071
2013.1192     0.0962     0.1107    -0.0108  0.0036  0.0038  0.0092
2013.1219     0.0963     0.1183    -0.0245  0.0039  0.0043  0.0083
2013.1247     0.0969     0.1125    -0.0203  0.0037  0.0040  0.0088
2013.1301     0.0995     0.1135    -0.0197  0.0040  0.0039  0.0087
2013.1329     0.0938     0.1141    -0.0301  0.0035  0.0039  0.0091
2013.1356     0.0964     0.1141    -0.0176  0.0026  0.0030  0.0072
2013.1384     0.0966     0.1108    -0.0148  0.0029  0.0030  0.0072
2013.1411     0.0989     0.1088    -0.0255  0.0036  0.0039  0.0075
2013.1438     0.0949     0.1096    -0.0196  0.0036  0.0042  0.0078
2013.1466     0.1000     0.1077    -0.0150  0.0035  0.0037  0.0083
2013.1493     0.0963     0.1127    -0.0124  0.0032  0.0037  0.0073
2013.1521     0.0981     0.1101    -0.0155  0.0026  0.0030  0.0070
2013.1548     0.0987     0.1122    -0.0167  0.0033  0.0033  0.0079
2013.1575     0.1004     0.1138    -0.0109  0.0034  0.0035  0.0083
2013.1603     0.0986     0.1097    -0.0144  0.0034  0.0037  0.0089
2013.1630     0.0957     0.1019    -0.0270  0.0036  0.0038  0.0095
2013.1658     0.0968     0.1053    -0.0235  0.0035  0.0038  0.0087
2013.1685     0.0964     0.1082    -0.0232  0.0037  0.0036  0.0088
2013.1712     0.0925     0.1084    -0.0200  0.0029  0.0032  0.0072
2013.1740     0.0953     0.1124    -0.0191  0.0032  0.0032  0.0067
2013.1795     0.0951     0.1089    -0.0222  0.0032  0.0032  0.0072
2013.1822     0.0958     0.1111    -0.0253  0.0036  0.0035  0.0084
2013.1849     0.0970     0.1104    -0.0257  0.0029  0.0032  0.0075
2013.1877     0.0945     0.1096    -0.0205  0.0026  0.0029  0.0069
2013.1904     0.0930     0.1070    -0.0252  0.0030  0.0036  0.0076
2013.1932     0.0965     0.1113    -0.0112  0.0039  0.0043  0.0122
2013.1959     0.0970     0.1145    -0.0330  0.0044  0.0049  0.0130
2013.1986     0.0977     0.1115    -0.0192  0.0041  0.0044  0.0123
2013.2014     0.0950     0.1074    -0.0277  0.0038  0.0036  0.0094
2013.2041     0.0953     0.1110    -0.0226  0.0031  0.0032  0.0069
2013.2068     0.0936     0.1111    -0.0231  0.0036  0.0034  0.0072
2013.2096     0.0936     0.1087    -0.0259  0.0032  0.0036  0.0080
2013.2123     0.0961     0.1085    -0.0208  0.0033  0.0033  0.0078
2013.2151     0.0951     0.1120    -0.0162  0.0037  0.0040  0.0105
2013.2178     0.0926     0.1091    -0.0123  0.0037  0.0037  0.0090
2013.2205     0.0952     0.1106    -0.0172  0.0029  0.0031  0.0071
2013.2233     0.0943     0.1102    -0.0182  0.0025  0.0026  0.0051
2013.2260     0.0927     0.1130    -0.0130  0.0033  0.0032  0.0082
2013.2288     0.0944     0.1125    -0.0175  0.0030  0.0031  0.0073
2013.2315     0.0961     0.1096    -0.0160  0.0035  0.0036  0.0101
2013.2342     0.0983     0.1151    -0.0209  0.0035  0.0035  0.0087
2013.2370     0.0939     0.1142    -0.0154  0.0032  0.0038  0.0097
2013.2397     0.0982     0.1132    -0.0257  0.0033  0.0033  0.0076
2013.2452     0.0954     0.1135    -0.0111  0.0034  0.0035  0.0075
2013.2479     0.0960     0.1107    -0.0139  0.0033  0.0034  0.0072
2013.2507     0.0975     0.1128    -0.0092  0.0037  0.0039  0.0090
2013.2534     0.0957     0.1119    -0.0270  0.0036  0.0036  0.0086
2013.2562     0.0981     0.1141    -0.0045  0.0039  0.0037  0.0094
2013.2589     0.0966     0.1123    -0.0124  0.0042  0.0044  0.0108
2013.2616     0.0956     0.1123    -0.0167  0.0031  0.0032  0.0079
2013.2644     0.0990     0.1128    -0.0144  0.0038  0.0043  0.0091
2013.2671     0.0931     0.1103    -0.0199  0.0039  0.0039  0.0091
2013.2699     0.0946     0.1158    -0.0137  0.0031  0.0037  0.0090
2013.2726     0.0981     0.1146    -0.0130  0.0034  0.0040  0.0093
2013.2753     0.0929     0.1129    -0.0225  0.0032  0.0036  0.0090
2013.2781     0.0954     0.1146    -0.0159  0.0029  0.0033  0.0084
2013.2808     0.0963     0.1118    -0.0083  0.0030  0.0034  0.0082
2013.2836     0.0942     0.1144    -0.0154  0.0031  0.0036  0.0084
2013.2863     0.0934     0.1146    -0.0105  0.0038  0.0040  0.0106
2013.2890     0.0968     0.1144    -0.0205  0.0026  0.0031  0.0077
2013.2918     0.0949     0.1165    -0.0150  0.0025  0.0028  0.0064
2013.2945     0.0950     0.1110    -0.0142  0.0023  0.0027  0.0063
2013.2973     0.0944     0.1111    -0.0183  0.0025  0.0029  0.0071
2013.3000     0.0924     0.1103    -0.0155  0.0035  0.0038  0.0094
2013.3027     0.0963     0.1102    -0.0112  0.0039  0.0043  0.0108
2013.3055     0.0909     0.1125    -0.0193  0.0036  0.0040  0.0083
2013.3082     0.0961     0.1125    -0.0196  0.0032  0.0035  0.0079
2013.3110     0.0931     0.1105    -0.0189  0.0036  0.0043  0.0095
2013.3137     0.0934     0.1117    -0.0283  0.0030  0.0037  0.0094
2013.3164     0.0921     0.1113    -0.0189  0.0034  0.0041  0.0089
2013.3192     0.0971     0.1103    -0.0178  0.0034  0.0036  0.0089
2013.3219     0.0927     0.1104    -0.0183  0.0036  0.0033  0.0078
2013.3247     0.0937     0.1112    -0.0237  0.0029  0.0034  0.0078
2013.3274     0.0931     0.1130    -0.0101  0.0030  0.0035  0.0086
2013.3301     0.0957     0.1137    -0.0178  0.0031  0.0034  0.0088
2013.3329     0.0953     0.1099    -0.0164  0.0033  0.0038  0.0105
2013.3356     0.0927     0.1115    -0.0191  0.0029  0.0034  0.0083
2013.3384     0.0938     0.1141    -0.0179  0.0033  0.0036  0.0090
2013.3411     0.0918     0.1135    -0.0201  0.0032  0.0041  0.0103
2013.3438     0.0973     0.1151    -0.0116  0.0040  0.0045  0.0113
2013.3466     0.0949     0.1137    -0.0185  0.0029  0.0030  0.0065
2013.3493     0.0929     0.1127    -0.0219  0.0024  0.0026  0.0058
2013.3521     0.0949     0.1162    -0.0281  0.0036  0.0035  0.0088
2013.3548     0.0959     0.1148    -0.0176  0.0034  0.0043  0.0105
2013.3575     0.0938     0.1055    -0.0018  0.0040  0.0052  0.0120
2013.3603     0.0939     0.1172    -0.0202  0.0044  0.0064  0.0150
2013.3630     0.0976     0.1127    -0.0143  0.0046  0.0052  0.0136
2013.3658     0.0946     0.1143    -0.0131  0.0043  0.0058  0.0138
2013.3685     0.0897     0.1121    -0.0137  0.0036  0.0045  0.0109
2013.3712     0.0905     0.1125    -0.0193  0.0041  0.0057  0.0122
2013.3740     0.0939     0.1113    -0.0164  0.0040  0.0042  0.0109
2013.3767     0.0931     0.1121    -0.0257  0.0035  0.0041  0.0094
2013.3795     0.0937     0.1106    -0.0240  0.0041  0.0050  0.0106
2013.3822     0.0948     0.1164    -0.0128  0.0046  0.0044  0.0098
2013.3849     0.0963     0.1136    -0.0178  0.0030  0.0032  0.0085
2013.3877     0.0927     0.1122    -0.0177  0.0030  0.0034  0.0087
2013.3904     0.0957     0.1115    -0.0329  0.0027  0.0036  0.0087
2013.3932     0.0959     0.1135    -0.0193  0.0034  0.0035  0.0086
2013.3959     0.0939     0.1163    -0.0181  0.0034  0.0036  0.0091
2013.4096     0.0942     0.1139    -0.0245  0.0028  0.0032  0.0071
2013.4123     0.0939     0.1101    -0.0224  0.0028  0.0032  0.0067
2013.4151     0.0935     0.1128    -0.0186  0.0026  0.0031  0.0070
2013.4178     0.0917     0.1114    -0.0206  0.0027  0.0030  0.0070
2013.4205     0.0949     0.1146    -0.0163  0.0028  0.0031  0.0072
2013.4233     0.0954     0.1116    -0.0138  0.0032  0.0039  0.0097
2013.4260     0.0956     0.1149    -0.0194  0.0036  0.0039  0.0088
2013.4288     0.0960     0.1150    -0.0215  0.0033  0.0043  0.0104
2013.4315     0.0938     0.1174    -0.0158  0.0033  0.0039  0.0093
2013.4370     0.0968     0.1110    -0.0145  0.0033  0.0039  0.0099
2013.4397     0.0963     0.1122    -0.0138  0.0031  0.0036  0.0094
2013.4425     0.0935     0.1192    -0.0140  0.0033  0.0038  0.0089
2013.4452     0.0981     0.1149    -0.0196  0.0024  0.0027  0.0064
2013.4479     0.0957     0.1162    -0.0188  0.0029  0.0033  0.0083
2013.4507     0.0937     0.1148    -0.0084  0.0030  0.0034  0.0089
2013.4534     0.0951     0.1199    -0.0108  0.0037  0.0042  0.0095
2013.4562     0.0939     0.1145    -0.0229  0.0030  0.0034  0.0086
2013.4589     0.0953     0.1140    -0.0135  0.0026  0.0027  0.0069
2013.4616     0.0935     0.1152    -0.0149  0.0037  0.0038  0.0090
2013.4644     0.0907     0.1126    -0.0049  0.0031  0.0038  0.0094
2013.4671     0.0924     0.1134    -0.0188  0.0030  0.0035  0.0090
2013.4699     0.0934     0.1173    -0.0235  0.0036  0.0044  0.0127
2013.4726     0.0955     0.1135    -0.0218  0.0030  0.0032  0.0079
2013.4753     0.0956     0.1132    -0.0206  0.0034  0.0034  0.0084
2013.4781     0.0958     0.1146    -0.0222  0.0024  0.0028  0.0067
2013.4836     0.0949     0.1165    -0.0249  0.0031  0.0037  0.0095
2013.4863     0.0961     0.1164    -0.0254  0.0029  0.0036  0.0085
2013.4890     0.0966     0.1143    -0.0274  0.0031  0.0034  0.0083
2013.4918     0.0937     0.1130    -0.0244  0.0031  0.0034  0.0086
2013.4973     0.0947     0.1152    -0.0166  0.0029  0.0033  0.0075
2013.5000     0.0952     0.1133    -0.0237  0.0029  0.0032  0.0077
2013.5027     0.0957     0.1158    -0.0243  0.0025  0.0030  0.0073
2013.5055     0.0985     0.1110    -0.0156  0.0034  0.0041  0.0107
2013.5110     0.0970     0.1137    -0.0189  0.0034  0.0039  0.0106
2013.5219     0.0991     0.1158    -0.0273  0.0037  0.0040  0.0102
2013.5247     0.0960     0.1167    -0.0206  0.0035  0.0038  0.0100
2013.5274     0.0950     0.1128    -0.0220  0.0033  0.0039  0.0091
2013.5329     0.0955     0.1126    -0.0158  0.0036  0.0043  0.0099
2013.5356     0.0966     0.1127    -0.0169  0.0032  0.0037  0.0094
2013.5384     0.0971     0.1123    -0.0094  0.0032  0.0039  0.0104
2013.5438     0.1022     0.1181    -0.0179  0.0033  0.0050  0.0114
2013.5466     0.0964     0.1125    -0.0107  0.0036  0.0043  0.0124
2013.5493     0.0925     0.1139    -0.0065  0.0033  0.0035  0.0096
2013.5521     0.0951     0.1151    -0.0208  0.0033  0.0038  0.0094
2013.5575     0.0984     0.1116    -0.0247  0.0032  0.0038  0.0088
2013.5603     0.0954     0.1151    -0.0107  0.0029  0.0031  0.0082
2013.5630     0.0979     0.1155    -0.0150  0.0038  0.0042  0.0090
2013.5658     0.0986     0.1171    -0.0086  0.0031  0.0037  0.0090
2013.5685     0.0970     0.1111    -0.0239  0.0024  0.0025  0.0058
2013.5740     0.0957     0.1203    -0.0218  0.0031  0.0035  0.0086
2013.5767     0.0943     0.1118    -0.0167  0.0029  0.0035  0.0089
2013.5795     0.0943     0.1126    -0.0124  0.0036  0.0041  0.0104
2013.5822     0.0970     0.1137    -0.0188  0.0037  0.0047  0.0129
2013.5877     0.0991     0.1158    -0.0202  0.0030  0.0037  0.0101
2013.5904     0.0970     0.1178    -0.0228  0.0030  0.0035  0.0083
2013.5932     0.0947     0.1155    -0.0146  0.0031  0.0038  0.0098
2013.6014     0.0988     0.1124    -0.0228  0.0034  0.0037  0.0099
2013.6068     0.0955     0.1138    -0.0240  0.0034  0.0043  0.0094
2013.6096     0.0974     0.1158    -0.0260  0.0029  0.0033  0.0089
2013.6178     0.0999     0.1173    -0.0225  0.0033  0.0035  0.0077
2013.6233     0.0952     0.1191    -0.0125  0.0032  0.0039  0.0103
2013.6288     0.0997     0.1149    -0.0377  0.0103  0.0132  0.0404
2013.6342     0.1037     0.1173    -0.0215  0.0039  0.0042  0.0098
2013.6370     0.0941     0.1150    -0.0228  0.0036  0.0041  0.0099
2013.6397     0.0952     0.1144    -0.0208  0.0036  0.0040  0.0091
2013.6425     0.0939     0.1101    -0.0207  0.0039  0.0049  0.0116
2013.6452     0.0972     0.1121    -0.0190  0.0029  0.0033  0.0091
2013.6507     0.0926     0.1115    -0.0311  0.0039  0.0041  0.0096
2013.6534     0.0998     0.1161    -0.0211  0.0041  0.0042  0.0104
2013.6562     0.0995     0.1198    -0.0293  0.0030  0.0036  0.0088
2013.6589     0.0981     0.1137    -0.0141  0.0040  0.0043  0.0108
2013.6616     0.0986     0.1127    -0.0120  0.0040  0.0054  0.0145
2013.6671     0.0981     0.1143    -0.0334  0.0032  0.0034  0.0085
2013.6699     0.0961     0.1189    -0.0165  0.0047  0.0061  0.0137
2013.6753     0.1005     0.1142    -0.0071  0.0046  0.0055  0.0141
2013.6781     0.1007     0.1154    -0.0162  0.0032  0.0038  0.0094
2013.7301     0.0970     0.1156    -0.0242  0.0035  0.0036  0.0090
2013.7548     0.0999     0.1173    -0.0335  0.0033  0.0033  0.0087
2013.7575     0.0998     0.1199    -0.0178  0.0042  0.0050  0.0141
2013.7603     0.0990     0.1161    -0.0156  0.0025  0.0029  0.0067
2013.7630     0.0972     0.1172    -0.0189  0.0027  0.0030  0.0074
2013.7658     0.1046     0.1206    -0.0229  0.0039  0.0042  0.0099
2013.7685     0.0982     0.1145    -0.0295  0.0034  0.0035  0.0086
2013.7712     0.0998     0.1150    -0.0299  0.0037  0.0037  0.0104
2013.7795     0.1029     0.1146    -0.0247  0.0032  0.0037  0.0081
2013.7822     0.1006     0.1137    -0.0234  0.0031  0.0037  0.0096
2013.7849     0.1010     0.1180    -0.0159  0.0031  0.0039  0.0092
2013.7877     0.1003     0.1149    -0.0169  0.0033  0.0037  0.0097
2013.7904     0.1008     0.1116    -0.0200  0.0037  0.0041  0.0113
2013.7932     0.1013     0.1144    -0.0283  0.0031  0.0038  0.0079
2013.7959     0.1015     0.1162    -0.0239  0.0031  0.0036  0.0085
2013.7986     0.1003     0.1204    -0.0149  0.0032  0.0035  0.0091
2013.8096     0.1017     0.1166    -0.0193  0.0035  0.0035  0.0090
2013.8178     0.0984     0.1171    -0.0198  0.0030  0.0033  0.0088
2013.8205     0.1031     0.1174    -0.0155  0.0034  0.0040  0.0115
2013.8589     0.0912     0.1274    -0.0538  0.0106  0.0142  0.0531
2013.8863     0.0991     0.1172    -0.0147  0.0029  0.0038  0.0096
2013.8945     0.0996     0.1192    -0.0195  0.0030  0.0034  0.0080
2013.8973     0.1033     0.1213    -0.0221  0.0035  0.0040  0.0122
2013.9000     0.1020     0.1174    -0.0246  0.0030  0.0034  0.0095
2013.9027     0.0992     0.1169    -0.0161  0.0035  0.0043  0.0106
2013.9055     0.0988     0.1163    -0.0208  0.0040  0.0040  0.0093
2013.9082     0.0993     0.1192    -0.0192  0.0037  0.0042  0.0123
2013.9110     0.0979     0.1226    -0.0145  0.0032  0.0040  0.0096
2013.9137     0.1010     0.1227    -0.0267  0.0031  0.0039  0.0083
2013.9164     0.1007     0.1212    -0.0259  0.0032  0.0034  0.0084
2013.9192     0.0998     0.1195    -0.0215  0.0028  0.0037  0.0080
2013.9219     0.1004     0.1145    -0.0234  0.0041  0.0049  0.0121
2013.9247     0.0998     0.1192    -0.0159  0.0034  0.0034  0.0090
2013.9274     0.0996     0.1208    -0.0139  0.0031  0.0032  0.0084
2013.9329     0.1022     0.1242    -0.0163  0.0036  0.0038  0.0092
2013.9356     0.0989     0.1216    -0.0132  0.0033  0.0038  0.0104
2013.9384     0.0983     0.1209    -0.0081  0.0036  0.0042  0.0124
2013.9411     0.1025     0.1219    -0.0233  0.0035  0.0038  0.0093
2013.9438     0.1020     0.1248    -0.0152  0.0020  0.0024  0.0053
2013.9466     0.1012     0.1261    -0.0242  0.0029  0.0036  0.0090
2013.9493     0.1017     0.1219    -0.0256  0.0031  0.0040  0.0089
2013.9521     0.1006     0.1211    -0.0199  0.0023  0.0027  0.0061
2013.9548     0.1043     0.1216    -0.0168  0.0028  0.0034  0.0084
2013.9575     0.0988     0.1217    -0.0221  0.0039  0.0041  0.0106
2013.9630     0.0993     0.1207    -0.0070  0.0035  0.0039  0.0088
2013.9658     0.0994     0.1191    -0.0119  0.0036  0.0037  0.0082
2013.9685     0.1000     0.1199    -0.0161  0.0024  0.0029  0.0061
2013.9712     0.1019     0.1212    -0.0148  0.0022  0.0025  0.0059
2013.9740     0.1003     0.1218    -0.0210  0.0029  0.0030  0.0072
2013.9767     0.1014     0.1212    -0.0169  0.0030  0.0033  0.0077
2013.9795     0.1017     0.1216    -0.0159  0.0032  0.0035  0.0094
2013.9822     0.1032     0.1167    -0.0188  0.0029  0.0033  0.0072
2013.9849     0.1016     0.1199    -0.0191  0.0040  0.0047  0.0096
2013.9877     0.1002     0.1165    -0.0152  0.0039  0.0042  0.0091
2013.9904     0.1004     0.1229    -0.0249  0.0038  0.0040  0.0082
2013.9932     0.1013     0.1182    -0.0162  0.0040  0.0036  0.0071
2013.9959     0.0996     0.1223    -0.0159  0.0021  0.0023  0.0051
